{"version":5,"hash":{"type":"Buffer","data":"mlvotGv5980tV0T70smlHvoflHrvKSNUvYHMgSi0HQvV8VznKi3a/uuvrYum1NoSHrjmdUEqGBzDyclH2NmiAoxnkHTW6f/YWEARc1icGWosvdfa1xfAR6mmSsiP7jxpQgjiBVOqrjejLyLiFM79iDCfwk2gpa/sWIU0fRGIjDI="},"indexValueMap":{"bXh3EEFgBHXQusdvXsgqI1KplhhBJefwenTpAQB3MjM=":{"valueMac":{"type":"Buffer","data":"rtpOzS+r7uakw/3BVrc2ACHtRSouo/vopaPnZBa7gLc="}},"g7u9sf1MiUZDzUonSuBd8P0UIbieaA0i/wtTMxbFwEs=":{"valueMac":{"type":"Buffer","data":"nEqofvA+jhEFTOWfrSKybUCgGwb/8WUWqkpZmU10qS0="}},"DOLQpKEvZPPUe4p/Q5TVHDqcxZ5I2QlqwmrYFoJRD8M=":{"valueMac":{"type":"Buffer","data":"vhxuRNMQ3CNX+0D7XhlaWcjFgAZFgrCwk1W1OZ6R0hg="}}}}