{"version":122,"hash":{"type":"Buffer","data":"9u3uzK5/xjicYf75n8CoQzT/mwbYe6oP88qTKTraL7IJbdv7qeDgoQp0y9AoZhvWmCuJhkqQGnRYcAkO/IgQaEZ2q1IFi9JDlF1Uq3kRa3ot3xHucLGE56wv1H9iv3WFhHFvTo+hj/AGPrEHD/JlkFTVVMfeJ7iZ9wmdZkinPqI="},"indexValueMap":{"BU/Fxz56MSJaH57paMVz0+LOaudiCVihGgQJP7hZSfI=":{"valueMac":{"type":"Buffer","data":"HRFLFaWoebVbA6F0OhH6nnIF0G1MjFi1zWdZEEEKxqY="}},"Fw3dz+atnbrMrRxGAPeX6wqRbj0o/XM5NFULwP4To+E=":{"valueMac":{"type":"Buffer","data":"J5071n/TSjEnBZBv8kENHYScKOMCtLoqPcexStRdT0c="}},"GZytuc2zKW1wCMPGWO1dBL75sc+cSssLTjZTJIyuVS4=":{"valueMac":{"type":"Buffer","data":"xHdEL74JCZZvEMnHPXgvKqVnAUdMKRHzwRV3+LWKYdE="}},"HHYmeghLm1ggMs/iJubIJ1XoifuDatygKbkNIBcMF0Y=":{"valueMac":{"type":"Buffer","data":"ICicxz+iB5XftWxPQvr/cqs53bs7C0JkUHHlEL1ndMg="}},"KxkvxAXVaPl5Nt3CVWnGWPnrkvbTv8UFO7s5ZFBUXYY=":{"valueMac":{"type":"Buffer","data":"kWo2euSEx6pwTVtzX+WaFrOK9npNHVFyovW74cre2KQ="}},"NZ4hkx9ymQf1XJYgJNczG1uMDKERMymV5diD6zcO8lA=":{"valueMac":{"type":"Buffer","data":"AEyx61p7bwYUxCrpZW6Ak1QXISHAXpGy4euRJ+SgLGk="}},"P9KJvwVl864LaOtGZsCM+HpZ331zd36kqsbMowgjGIU=":{"valueMac":{"type":"Buffer","data":"QV5prIz/YDKnYs8VOwfBvrzfH9aa5yxmlRxe58bKSsM="}},"VrMUFJCQZJug7wldI1m8CVWl/CgxRt96o8Iam+XgojA=":{"valueMac":{"type":"Buffer","data":"O+/kCfSnHFNo3ymXt5Bicdz8Hxi5pYmGAu86Ze71s+w="}},"V/bNTm7H6Uyj4pSt9+oQA3K5cnKdfRUAZwitMIwT2QI=":{"valueMac":{"type":"Buffer","data":"M58T09Qpiujn7A402f3EFOG0RToy7AAw7ECLWhw3OzU="}},"WNfPXox0JfhEM810pqacoUaD3fAzsoD2FAF5pwq1+T0=":{"valueMac":{"type":"Buffer","data":"1D/aFwdaOVyMDzHYy4GsC862egi8xaGs9axhR07jH5Q="}},"ZpxxI3Q8gRSE1MGIg2Qx5keKElsEa0MfiJzbGnxCFms=":{"valueMac":{"type":"Buffer","data":"8CvJhog1sNs66qpelLrLhcTcStRYEufzIw7GA8xzjuc="}},"aPIyF3NMrvsCnkYfLAxy7KAWWy4Na6MeLYZU3vf0PEY=":{"valueMac":{"type":"Buffer","data":"wo8k9bixKFQZ+77d/Tag5DFZad0+q1NJOnVHl6RXQ4Q="}},"bfLX5Byaj/mRo3TBLXIFLtpTjWGDlaqaa7LMLyhAjgQ=":{"valueMac":{"type":"Buffer","data":"O6wXl/KnezuRlyLfPjf5QNW3BCnE6nL+t36T+N4Sgvs="}},"cM/iRGkTvixq4pmt/mU3JLW+bYI6B+BaQLmxRaOVCMQ=":{"valueMac":{"type":"Buffer","data":"k+F0B+iWFXD3S4E05P/bvTDBLclG1lE/xjicDH999wc="}},"dTcCoAinF8WFTI9/5404rPj3SEBsiUpu1ZiI4CEqpZk=":{"valueMac":{"type":"Buffer","data":"ay5GdDWZyWQ4OFEHt1haEyeCyVodln5oNOgbAbJLLdc="}},"hBeOnaWW1hKa8ZWzPC8cmKnlAIJNheHVnD3PgL4NoL8=":{"valueMac":{"type":"Buffer","data":"5VTf+9L8+FF+RwDXxfmiwNoDqwnpOg99mw5Ucm+DZHU="}},"h4qBZUUoOQzPPooKuEYwblGKX9iE+c4/jb2RXsyGRas=":{"valueMac":{"type":"Buffer","data":"ssqqYFvd3TSFgrvyvZOjrXHeHRtDXc7avI/zsmmYIWc="}},"iX1KXhA5O/NqBRkPwSA1DDBJzDxPEZndGhqN+bGsejU=":{"valueMac":{"type":"Buffer","data":"IALFsXtAM2lwA1ar4CA4u85HD/khYe2qutjpdxzWoK8="}},"j6XlU5S7wVz5LvUn64UIDt2SLHd2Ps0+yMIWqTQvO8o=":{"valueMac":{"type":"Buffer","data":"yRhvOU9Nui/28dweQGFOVJhLvIMAFf74kODgEB8FFHw="}},"kx4+MlxpgnC4eYX79gA5TOrjkV2hz/wIyoEpJI/IICA=":{"valueMac":{"type":"Buffer","data":"BEzmNQg+M4QgnpTOyfo+hp8yTJn7jr0Ci50aYQCL6TI="}},"l2bPXaltAEYRu7YFM0ewt4v7TzrNWTZJOoDznTbi2NI=":{"valueMac":{"type":"Buffer","data":"J0oAWwrU3ZGXrjf5xJekpoEhIeTzU2HjPtk15vQxPjI="}},"oHYCTNXeakoIOkVsrJyJl8i+pl9qolhS9c3Q+n2CwSc=":{"valueMac":{"type":"Buffer","data":"ihP1gKZ1dOjzR2oenY/xCDjAVCx5xZyedGia10/3yWI="}},"o9b9qmTeF4z2iSlZgPID6FRtwHNOpdMBJTk/TMHHi00=":{"valueMac":{"type":"Buffer","data":"N5y5ewr+XyBr02b829OBUwaZx5VGj3ER22nYDIOwVVw="}},"qkYcXu3Jcua4SxNb1TTiW7nRMOysY50qS1dEax1Mjno=":{"valueMac":{"type":"Buffer","data":"UHNdN7ZicKkk7bcQ3s4thBL3pzUV0+3XgQff78nO6tk="}},"rj6fzB7KpGeHi2vqIY/pmCOsYw6e+tpndSZX/+q5UaU=":{"valueMac":{"type":"Buffer","data":"RlN/29FX98fZ5cT5Rv6tOVVbb+FxEshyt5op+fr5GeA="}},"s4ZiUr1pR80BxJuggF4ZH3XU/vd0ccWqdXMgJss6lOI=":{"valueMac":{"type":"Buffer","data":"7TTMUDvkjyTBhu+OagizP9syk0xBTrQWN3qM4+EsEtI="}},"tFILscTu9/eOwMaZivMc2G1KXHhNEf2uDfspkCtsdRk=":{"valueMac":{"type":"Buffer","data":"4V3U3lMm31suQuJG/cN5nXtPhM7Ua3HpUwH1tZ8SN+4="}},"vR2SIU85b17u+qOnkETxZpSknNP519tdRNfXGn+Vpsg=":{"valueMac":{"type":"Buffer","data":"UbOcG3HMl3WPdjWfYwA6XlyobCld9VdwkTjNNDlD0es="}},"wIUWbGusssjufc+EWXCVC6S1Sx+2MCEq6LZfxr+q0Qw=":{"valueMac":{"type":"Buffer","data":"BGIy1ug+ulOQpKlHsvs2F8npgBcVs9ATGn1Mi52AIAE="}},"wXby1eJytw2RbTJARIjox+iwmNZE2inKc8oXf+9sapI=":{"valueMac":{"type":"Buffer","data":"hPu9dr+9gD2IzaNdj8S5eQ7BlfOXXLRhsxt70AFQ+MU="}},"yEHL+YDIZMLRz+Wy/XglavZFGVeHrOiIhT4COK5tmmY=":{"valueMac":{"type":"Buffer","data":"s9yek79tGy+F/MV7jlwAYPlHb4PB1jKhfYHl4keyHJI="}},"ygJ3UgGvKMtzbkOcvMSoQP7EW5B2GHBwtxe2C8RWbak=":{"valueMac":{"type":"Buffer","data":"E6MLCG7ATtqlss7ZTdnhPEnZNAHr2Qysl2L39WPnqQU="}},"y20Wrxvy8VH26G1YYXArN0iP9xHh71ceneNojJlrFws=":{"valueMac":{"type":"Buffer","data":"9HjANQYtn6Mt56ipHHAYVSxDBRCCm5mb+lb2BD8ulNk="}},"zCWl97qzBGH69MFNe5y+zP8nCHjeWtW8k2I/98T4HcE=":{"valueMac":{"type":"Buffer","data":"FFZnurxkx8rAsHCaLZwcVZlB7+PHAzSE6kCTwq2mLjc="}},"4T9+x2GNhG5d73daioi9AR825BZfAj0LTktZm68CxBo=":{"valueMac":{"type":"Buffer","data":"zU+We9qBOGub+Tv6pAl1V+XuFFBGUMeRR3L57eSygjQ="}},"7F9KEjtUTrEkgX3PO6Fjsj4qVJLc7DqW20FBsYL6N1s=":{"valueMac":{"type":"Buffer","data":"ev8GvgiDeJ3ERVEXCrumpb11kxaCV3WmGn6HYGFL7yU="}},"9XCZ672DGpN+Xc41Uh8ji/bIZgzpi+tGX/Lbqv3yA34=":{"valueMac":{"type":"Buffer","data":"x8ztGv2SGXzPBejgvTu7E7SkRr4nVAcGS0DhRL5wMj0="}},"+evYUUXMjJZ1N3+TQJNlqYsA9Ga5Kpf5mJZ3ely/3zc=":{"valueMac":{"type":"Buffer","data":"k7tZDs5FSQpejYmgMgDYfozSEC3UkWXbWpnc0OBjN6I="}},"V0WNYPZ5lnYrhFvoD8RnfEcn+ibSb0zle/pVJAs+tc8=":{"valueMac":{"type":"Buffer","data":"IipGWid8BP5f2x64/8JN/2ONkQabZQc4rSZLCn3eYVA="}},"kPmumXHIaL+DPgEO0jb6zRE/sCnTkt1xu7U8CGncqDE=":{"valueMac":{"type":"Buffer","data":"SngYMjdsxpdQpmWmrbU9RQzembKeoPLw7A39hRUcu0Q="}},"NmRoJZ4BGwl91nHOrQyOr1pnWQk5D8SiPeJiNwSnq1Y=":{"valueMac":{"type":"Buffer","data":"BDSU4ndJbq8bLgKu5cAsBM9a/SxuDnUWyr2wngQClP4="}},"8P7WMmDtdqtUKARjIaSVJ6KH+kKuut1p2gTA14u46uo=":{"valueMac":{"type":"Buffer","data":"knWT6aGDgBSY+zOzbO2UDDBfacMSBlu15ODorQSrzV4="}},"M9N/FlZSF+CfydC4xs0C+fQaSCIqupmnLTmsMG+SvwU=":{"valueMac":{"type":"Buffer","data":"NNX00FyJuai2/xsvL104PZaseeznmbUGOLrBr2Do8rU="}},"TZz93P2mkFyr1QWQtcMBzZ8tdxb9K6Q3NC9CtcfoSJw=":{"valueMac":{"type":"Buffer","data":"xfFL/xLPnHVHXsYyIDa3XWtgZt/iBCJ6v2yzkXyP584="}},"REmZKW8XWGxHpT1ONr/uw8r/s7fcwpVa+OCMuWy5WCk=":{"valueMac":{"type":"Buffer","data":"DcByAXu5VSAyNxPVYpkuAUCWP0D7p8WC5Gh5QVQRijk="}}}}