{"version":7,"hash":{"type":"Buffer","data":"y7KHb6icmWeITdbvTnYhzB0umpFpDhBZo9i5Lvjv71XLvW/RwAkNj2cAj9pmdF0DDtxuWjVBYOFw1vkwnyXNw6Vx5K+RGktI0aZNp8V6D+bfd8wJubJMoNY7Djp3h+TLJbDqvYVS9rwjYTvdg8bhqhEvpYqoL1ptPPw9FpBdQpU="},"indexValueMap":{"bXh3EEFgBHXQusdvXsgqI1KplhhBJefwenTpAQB3MjM=":{"valueMac":{"type":"Buffer","data":"rtpOzS+r7uakw/3BVrc2ACHtRSouo/vopaPnZBa7gLc="}},"g7u9sf1MiUZDzUonSuBd8P0UIbieaA0i/wtTMxbFwEs=":{"valueMac":{"type":"Buffer","data":"qFSF6Dfa4sxWsjT+ChLZGPkKG17ekVgEKhCVKBRknyI="}},"DOLQpKEvZPPUe4p/Q5TVHDqcxZ5I2QlqwmrYFoJRD8M=":{"valueMac":{"type":"Buffer","data":"vhxuRNMQ3CNX+0D7XhlaWcjFgAZFgrCwk1W1OZ6R0hg="}}}}