{"version":4,"hash":{"type":"Buffer","data":"YpPF5gVd8SC0CDTQ2iTEtkEpMHmAkP3ZWbSHtqABpaYE4r08d1r4mqNyzHfqk6WC+/eVtu8e3YmIOx2n1Wq3iRJvT+GzydIqZhOnzmeREmaFsllottV5M6x5GcYqLfeoVoCwrilH2EhkCbVTdNAEMMphzVVMmi2bRLRorUBkJrc="},"indexValueMap":{"1PBIHAOMzYXsYUVHiA9G2Z11AVi5m63K2h3f9ozshQk=":{"valueMac":{"type":"Buffer","data":"65aFLzTUyuIdZMvuaTNkWmHPH1MkJnCwi5fcbBGpbMg="}},"PFsc2lvWoQXVLPcqyLnSbT0LpYxHYVCPhWDIgf31Pnw=":{"valueMac":{"type":"Buffer","data":"7ONZI2tyc7frEqi7h1AcM22boND2lzKZcqJ/K2CXP8o="}}}}