{"version":73,"hash":{"type":"Buffer","data":"a4dwXI2XIkfxlTSuNhkRGYpoBv9Bafz/WPlCWIQLMfZ96xHSkbtq+xZnGZJr009UdVk1ylrRhipyFSVDjAUg90Mt5e3oGSXDGiW/dxKSbc1072QWuPgHOe59ioMdG38npWFYFHqkP4saLgRTATNL7rzMrxT87RCPaKdTg+5SIp0="},"indexValueMap":{"AJG7QJJsE4JL+tjMndwwllDJw4pGzDzfhU/+sB7423s=":{"valueMac":{"type":"Buffer","data":"9rIzcUMc/kgrl1kEyAydTHrbCAcRpO+LmLDQLwmWsnY="}},"AVe0BKSTQkhK1DcLcLzLwxJG8HMnTOwclrwSgoVI2t8=":{"valueMac":{"type":"Buffer","data":"G2w6VqlfcaCXqMBAbC8ysvtgWEue3pQ8wLFc+ot5ASk="}},"BgQ1byxvp5jUq2Lk6dILXz5adXfYptWtXzbZb1ChtG4=":{"valueMac":{"type":"Buffer","data":"6pnyCgj6NVSZBgE2ScJnksWoOJNaaF25W9Zz20USeXE="}},"CP1YSJ2xlOa754TvfMHioHT9jCyGBbPOLYbsXbb2VGM=":{"valueMac":{"type":"Buffer","data":"v87CB+Qq4y1/zbmIuc9WVf7pIaSJk+RTkM0/KUMGe0U="}},"Cr4qoYL2tp+rat9WSlS8zWPVnTFrxICMvIYl2A/Ac6c=":{"valueMac":{"type":"Buffer","data":"TN9nUAIwnVG2DV+j6GBSJp7lCyZ/3uytzZMRno1A5/E="}},"D8sbKSqB8YL1fJAOcMO1FPp9+EZf8rUeglGzMeqG2ag=":{"valueMac":{"type":"Buffer","data":"t1LSCyzUC/ook9efQTCJp9737eOeGauvMofUP/Qs15Y="}},"FeWG1ZLQGKY1r/alNQoRFled7Cp7WlDB3ETcttD/sVA=":{"valueMac":{"type":"Buffer","data":"OoG48HGL1SdlMcna83xUA7NUJXWgEHJtHYL2B9eevyw="}},"JeESvstZYOet/bTQEpPQeMQq54MUBmGomr4TJEze+1I=":{"valueMac":{"type":"Buffer","data":"ulNG8i5I1OFAceasPDYPfdo8Cz1/AU4JKK9rpJ1Iel8="}},"KdmjHrCQyTFu1b8kzacYIjVa4b917xtAW0KrDdHqSiM=":{"valueMac":{"type":"Buffer","data":"u0TKTjOZVxGmsggEwz656/vp248wO575D5XcK+nQCQs="}},"Kxhczd3Mz/WpKkA+vwNKK9WRURehFnWxW4ytD9190wI=":{"valueMac":{"type":"Buffer","data":"HI3Ed+VSM+Kw2ZnUSJSrQigbqkH6ldVOiX1WOTw3LEE="}},"LUGIzE7llLRsbg7Wmd00MhdZPZogT6xjBbo6t8N04wY=":{"valueMac":{"type":"Buffer","data":"R5nOi+wJXFqdLRl6jTms2vNATJkVXSmsL9Ho3IPa+nk="}},"LU2t5yGA7q5e4M2SFIgqgSfN4lasS+38DU+2hCFBNrA=":{"valueMac":{"type":"Buffer","data":"bAiE1rI/GSXpE/4EQB9KuKAMRoKQMl4BHIegw1TpuO4="}},"MICvKrTNV5oJH5/TxOqJ2p33sxFaLsK1nw+Q0J5BpNs=":{"valueMac":{"type":"Buffer","data":"51SgDRzOQcIXR0lRy+Dh+3CzLMMVZF15nt4cnfBhFT4="}},"NaYbtgtKiJlncqgypIe3+nxT7H3MPj7d4xsuWvzwWzU=":{"valueMac":{"type":"Buffer","data":"f1ev167bJvRHktkh2/+IZiFAAGOVwtm/eqG1T2auUps="}},"O+OVUwBqgMCltoVWTe/m+aE9ENQayQNQCYTXwq2Uibc=":{"valueMac":{"type":"Buffer","data":"J/b3XgIheJcY8BcCthh4WYPO82ZvXsKn+V61VLsEv/g="}},"P0HSixT0oPV/oSwEuWZcQ7aU0BxEGJEns9Ubs+o1CZE=":{"valueMac":{"type":"Buffer","data":"FdBriXHSC3isTuFLBbsh3Yuo41eeHnpJh2X3sHWrj8c="}},"P2F7FDGsO3/JwveDyONT/cHhU5UUC/+nLgcmpRtYnow=":{"valueMac":{"type":"Buffer","data":"oNZZ4UbUwKXw489o91lNL6S2gzRW8XYReVjX5CSNWlg="}},"P/7zpLIAf6oSkmQxFb6RAHzE9dJ49Gt4dl0SwsLhbO8=":{"valueMac":{"type":"Buffer","data":"Rr5mCwEe3/IbsU0uP9oaDZVdogP9EbDfEqpOXNu1/cI="}},"QSvbmKcwQBnJ5yphUCbdryO/13LKvXKV73m3COfd2XY=":{"valueMac":{"type":"Buffer","data":"ouFlytMiM96UvTazLQ7E68yrSFH7wH+rGfbqcgiJp9g="}},"QjY8d6bJqeprYwRO9ZabqkhQEYjWFyPznPf1aWLvm/U=":{"valueMac":{"type":"Buffer","data":"4F07TinNWCGSo8MlZ5kcTamCoIxULovV1oCGhK8Tb8Q="}},"RDkayQADEGrd4kGDr5zzOwRaZiFSaGNAray9mgvv6X8=":{"valueMac":{"type":"Buffer","data":"kC0DIjM/OejgreccMKWyaCmNfBdejJkn3hJUtZAo5Gk="}},"R0SGgSO4FQpK+kxzUY44vIORIdOamS7XUKCfvhf2wZU=":{"valueMac":{"type":"Buffer","data":"7wKj0lXsGfVDBfhxzTzGBiJoJgWFhBfqKdGyxmAmfi0="}},"TPKJBc9HJsE95Uv0i09bSC4i8D4PlSXYm8iV3dFo+EQ=":{"valueMac":{"type":"Buffer","data":"+CbjNcnngzagOmcv/eZSSA3GEBFg16H3o9mb9iQHEsw="}},"TehsZc6DNKkGk9vUvdvpKClYWi/F/19ezNvbQJ5rjSM=":{"valueMac":{"type":"Buffer","data":"3xHfQgWJH5fzzDbE864tIZcocpGWN2RVSObhND4VPfA="}},"UvXaIQiglKcq1EmwXu8wxpxUndgd5LurvinmMJcWTYs=":{"valueMac":{"type":"Buffer","data":"3VAt2QvkO57jOD1ctX7Vx8SX1y+V7OXh7bRiLQ6GBEM="}},"U9Fgh6ObvUW8m9MyBMsWAQvbOfLTaqz2/kmHgGUQ3l4=":{"valueMac":{"type":"Buffer","data":"sv6uxmKP9zmWi0BfSug8S5j+aHqWT+gu3+61JIjrghk="}},"Xv7UPnwwsNv1AnoBSAh2wq5IxPOni0kXJhmzqcUTWq8=":{"valueMac":{"type":"Buffer","data":"t9zFQe1y/69MtdGlRMM1YnbRdDlEOBpM/lCE2iuB0Lk="}},"XwLZnQr7Wy74d084vbAb7FmaK5ARUfljwOCmdjHGsAQ=":{"valueMac":{"type":"Buffer","data":"+Tynmnz/EdnoqU/Ql+KmvocklrvZFR+DzTaIvm/xGE0="}},"YcV5L+flDa0GAmdHsIXDWMWbF4nfZBaHQiBFV2+PPC4=":{"valueMac":{"type":"Buffer","data":"TFiHdZnK5XcHGOqctzN8M/Nnd3M3cC9NpWzpk00LZS4="}},"YnmX1n3u6eWt0gEBcNFN0Rah6j1ziMSLC7ZFv2UqeUo=":{"valueMac":{"type":"Buffer","data":"DeDMMpN5OnE1gHtlGaLp3Pk6ZLOQ4ONJG+r8/Q0hk+Y="}},"Yzlh44Q4hDrASqD9EoKlrcP0fQXnflemmfAJB38kilc=":{"valueMac":{"type":"Buffer","data":"MBEEpoj4sXIYTY7Nti+U1LVjWOccjyePXdlNdrj/l7w="}},"Y+a8IWHdMSFAu3zmIPz0FfZnfF5gCdeBJr4msdlvhHc=":{"valueMac":{"type":"Buffer","data":"/zoaCkA1PAvdfvM8BxGUkM1Xi6IfJ3/9u2YUShALxCc="}},"ZuTZEDO3cxyvIUk+M+9C+L7C124iv71qDpKJT0tskTo=":{"valueMac":{"type":"Buffer","data":"A5+sxHH2q9oTCL1eyvfb1crtoz8usC/00WRuq6DbH04="}},"ad+upvlBVBZLp7nkzgrEmlAKiqwADG93ZebJycpt24M=":{"valueMac":{"type":"Buffer","data":"aF31oObhrYWLR4mYQHynaPSyaEX+YzZSdKGAYnGhrrw="}},"ae2fb+wCkkBkrgZrJB7C5tK/AERQOCZmxpLFxyHzrbc=":{"valueMac":{"type":"Buffer","data":"MlCgPw/95bOZu3MZ+Sb6RNocnAYJ6AjNwpRA6CKrPoo="}},"b0v9VqN5eibCugFganhaiqzrSQQUZPiNd24Y68XhmAY=":{"valueMac":{"type":"Buffer","data":"eGjDubBvlg7AeBeUXRa0ud/6H2nfedYznXW1pMjZlCs="}},"b55XRmgRE5d/XQCDkQUfi/95UmQbuTpGS0DO6rgXAf4=":{"valueMac":{"type":"Buffer","data":"LbcCURdNVTXVbOiV5o0Sp0B5PI2aiWWWC0l5cex9bNs="}},"cP3eD6NPpx+vrpnEXAkXa07ygFDh+ORdVX4rAgal+gw=":{"valueMac":{"type":"Buffer","data":"1O5HoQlvP13dfjnNcsjd15u2gWsUnEOaNlBSfTQ/dcY="}},"c1O9uIjFUcT7eTp3GpXDfrcD3H6j7JMyXR0K6JXvVrw=":{"valueMac":{"type":"Buffer","data":"jgx2yGB7W5hSeYhNETyP9W8RCNpEjse4nRdFRcjZjx0="}},"didwAw9pb03t+z6qUJ6W768858m9Svry5yF2nUGB75o=":{"valueMac":{"type":"Buffer","data":"WlFQHWAdnmz4nIKwEecJzYSl/VZVrQV1Z1LIeIlXZeU="}},"d4JAAIfz3PC1EieB5FBovsu3484PVdeoyFkQO5KkT5Q=":{"valueMac":{"type":"Buffer","data":"4HAsroAwk9ckbe+ljjeN3JGV/6/deymk/T4tEZOIi0A="}},"ekX3oR6y6V63q/iZoJxFc+9YDLeS0HEEJcLp0OAPh1M=":{"valueMac":{"type":"Buffer","data":"Meh9lCRHGVGF7r8EWVInHQQcVnIg75wtD3cUJRdskPg="}},"e+eV+wx3bVztliuP2TwqDdtgq8B765XlIo2JUatDkBk=":{"valueMac":{"type":"Buffer","data":"eSv2PxeY3mgfBI5yPLPEcdgzUsPQBne433EftMBCxcU="}},"fUizzMS//wzUNAGqpz9JeiNmCt66M4T9Y+fNtDHq3bQ=":{"valueMac":{"type":"Buffer","data":"iZwgSCjLbW3gCs2+HwoJDC1dx6klpVpWmfV6/S6/dts="}},"fWYHfF0tdp6XxKqp4Xp8Tea6C8hsX9N20dc3DWPNvng=":{"valueMac":{"type":"Buffer","data":"JO+T8NjAHsPUav0lvuZSQ4IqNVtUUWxUIp5XTY5G3RQ="}},"fbUbjJVfnhbVGTEUzqfVB9839J1rvYObdK83NbycK90=":{"valueMac":{"type":"Buffer","data":"iXbwnjAcIzPjm0CKCUDlbg4JzsX0Frfq08HhRPPCXpE="}},"fhQXaLCTbYWi/SWVo331MoAqljwZB08jWzEWuSy8jTM=":{"valueMac":{"type":"Buffer","data":"dgSo/NC29k96iNiiPm6Si4xLf0zaUTPBcTOg+camkgk="}},"fjFW7VCPIzdOKjnxxaEQCXEtde6QHYB8C3sj9SSUWPM=":{"valueMac":{"type":"Buffer","data":"r/ttCSTzCWN5oukKPFBYmgIVv6hKrFi67MDt14SXd8A="}},"f+zrbI+cfQggI+SnKOMfRNyl9YSDK0IUySo70gmsUsw=":{"valueMac":{"type":"Buffer","data":"Q6x84N84FOSsaoIltfQP8WLWfyulW9uZHIBIMqJeef4="}},"gFtnHPAIsJMxYXFpb5IgRv2LuQdOzzBFha0mIjZ1EW4=":{"valueMac":{"type":"Buffer","data":"u0c1n7W4b/plo30jDFZ1qT/x6izei3U5XDrpBO1R6QQ="}},"gfHqqX4gNwYF6W22rRxM19z0WZtxC2/2rPUKbkMe4k4=":{"valueMac":{"type":"Buffer","data":"bMEieiRdNZs65DuC2kMEjtxhmcBTlqAwEqWJcGT3jn8="}},"gr+G9dk8PCkcRKAaRRKfjhNNYhqXMKPciTMJIPYZfHk=":{"valueMac":{"type":"Buffer","data":"x9CL0hSrz4IPK3qz2lsKiy+XV6fRmQTb800tpmdRYF0="}},"hkoyLDIWagDg+uFpfNumiIMbyXf9vRvMr0r3B+FsNoE=":{"valueMac":{"type":"Buffer","data":"BYPvFwSyw3TMtw6PDfxg5GZ9TKFwVf9aPVkXuI3dtBs="}},"irDC/yhcrGqPdy1NPJaBOkor1JmsEEs2d2bJhpl0PbM=":{"valueMac":{"type":"Buffer","data":"CUuDTMew7ZPQzB5SnDbYnJjndpwopy2N2hEbADBJF48="}},"jGGi0eYhlR76w9xmjBtMa/3EUTk73WcTQqg5A105woY=":{"valueMac":{"type":"Buffer","data":"J89605keQ38mZxx+3v3AZYFmswEOc4iv1iEZ4LchjT0="}},"jh2H0mm8WdagQk02blyj4OsvlDoZl2hYwjZneYG1i74=":{"valueMac":{"type":"Buffer","data":"LKvfQoJxAeP35QeTYTym2TxARB8cwjdQkmR0GFB4NzU="}},"j8Fvz2TOIItTb+qG2YndKLZBq6kTXPpIuCmUfSXRSks=":{"valueMac":{"type":"Buffer","data":"bY3MevWPC4eSvx62CPEHlAP5hjKx/8oMuC3guCRL9AI="}},"pq45c1S0HuTqECbqhNaR/rAi5HGQoHImi9hC/ZxH6Ks=":{"valueMac":{"type":"Buffer","data":"9kSUPFaW7sWbP6BvUZS6oQtDT21+j/uFAXEqrh4h2vE="}},"qDcjcUerw89raDQex9fq/IAVKENQRFv5AvMyUxIDOm0=":{"valueMac":{"type":"Buffer","data":"RY7SiFfViT+OCwC+i5WvtCEaWGibmC8ogD23feS8f1k="}},"qkP1fzl6yRbA5kiUlJmrVsT7xpFfTh32CO4zQi34XgE=":{"valueMac":{"type":"Buffer","data":"po+xBi52XgpdyoLJ4zkFK+alFWCj68yJUXLTNXfZTz8="}},"qwHs2EmqJW6r98wyHgTUozBkZNpPSY6pUVlOIFqDbVc=":{"valueMac":{"type":"Buffer","data":"F4OyX5hQYGAddZvgx+Um1gE9lbQAnygneVrzvBeQlQ4="}},"rBslcnd59EQ64tkLEDkyGsU6eMuesH7mpVUQGfGTVUQ=":{"valueMac":{"type":"Buffer","data":"oN0rV8KWKRywACRHoHgVotnbIl1aOpgq/uNJRVtrGXE="}},"rH6w4A+b6lu2rFu9FJQokZLEi1oxoqStgVd/iM0PPY4=":{"valueMac":{"type":"Buffer","data":"vtAL4JOkcR8WVloZWYkZZO6/Dw1JXJRYi65YdplvYeg="}},"sHhD6eUBjYRqHtHPAkMWN5kV3yUSL92qfom1r8JJMsw=":{"valueMac":{"type":"Buffer","data":"n3rJO0PnQQiq54vE+WohsmMDIipDcRMJ6F4biopR0qM="}},"tfOiUO4Z1iKCh9+4NhWWBzRQrLm/RJtexSvGKeN/FTE=":{"valueMac":{"type":"Buffer","data":"H1Vhur1UIEvdqtxgllxJ3RVCDfRzBdPjSG8MR5KVTKU="}},"tpnQchUp84arVyAaZmjp5fhTc+s4z26R26FpYiIvus8=":{"valueMac":{"type":"Buffer","data":"KSDXGrOIYRQSyavErCFaKv//i7IG2vcJMCQcRvp3PQw="}},"umjkOGPteHYd2BgebG7gCi/pGdSTr8RbEKTKdi9CMYY=":{"valueMac":{"type":"Buffer","data":"KwBIdrxXC4t11j6DaVUwXuY4V/pJod6nQLaPEu0S80o="}},"unsXjkIP7TA2QnYmEXDkBmRNRpyOwStSWg8lY2LepuY=":{"valueMac":{"type":"Buffer","data":"PtKUdanoMUyV0SPykEVu65iSQTUwIWJ2zwooJAKY1qk="}},"uplT+JuuQqD8EJkCz094OK8mIftZ3rk69maJs2whw4o=":{"valueMac":{"type":"Buffer","data":"uW9VAYXO//3KOQNQSeRAviQKtqJPIYiZXFN0q02dSNc="}},"v2ZVDNDy9FOSS5wL4+8F5lN0qRFJuOMqpvAmaiADhwE=":{"valueMac":{"type":"Buffer","data":"nTkJ7GtcWwFqxStk1WhQbxtcw8eSyJeMcPFA/9y1AhI="}},"wYLZ1PWw0w4vJmBWIRaAdP+dSLn9HKv/SbxPn7KRIi8=":{"valueMac":{"type":"Buffer","data":"FroyyISq76WLp17hYD2xwGCKLOL28sxuQGhNWuYndNY="}},"yO9M9KpvHepYOlweBwNAqK0cFyRfW7SojkVk8lt6bf8=":{"valueMac":{"type":"Buffer","data":"/teE3gtMtnzksyBYIKtpRC3IUDAosKlROtvx+KWuVOw="}},"yPd7IlTDjMBDhTT3oMQfzkSDYRLXSyN9kBrdIN2eLLU=":{"valueMac":{"type":"Buffer","data":"R1O2QyN09qv+r6vWRGmqUH/qhyNc79hxUdPz1fxwXto="}},"1VF5IstKwLMSKYaELf4n0F5j90bqrcGvg7Mm6HS7cEc=":{"valueMac":{"type":"Buffer","data":"2zwEcSe/EjA6HYurwQU8mHsQ87lawkwAH1y+9m4a+1Q="}},"4ZxcTswRzo5LwweaZR+l3BgY7XfeoWyZOyQKqJxR9jE=":{"valueMac":{"type":"Buffer","data":"hWbkrhn9Vnz807zc49ftTx+hNVD7V7dD+UsRSuriiFE="}},"4r8fdgFXebKVyOCTfVhD5KxhHDiOSWLgPl/sZAiQ1Ds=":{"valueMac":{"type":"Buffer","data":"mkc/oIbp3+KfztMtHL4yKgI3KEu+3Pugd/7JpMLokBA="}},"4+XiTMEhxKNrFgp9Oa/JMPTvMbxyL+S5c3TYGxDPtP0=":{"valueMac":{"type":"Buffer","data":"hhUSTvUKDl+K/Frk/NtQKQ5OoffIBMQzV7vLelh75zM="}},"5ygtVWXHw2Wkw63YYeXWuJNrDxrsws/Py3NdGseOcN8=":{"valueMac":{"type":"Buffer","data":"5xNR2Tg1IisXwr1KmY0TFnQ3DxJJNNoAoZ8UyXB5ReY="}},"6S0UXJrTkworUD0+SQlVGsC1RQ4xnEmQnPqUX9VvDUE=":{"valueMac":{"type":"Buffer","data":"m6mGHjWGY/kOdFfOO1Yahh14e5klafZ84Jwo67swbk0="}},"8kpO4/rzg29MCL14GzE+q5vx1+8YqzNj1IeA9zlkyPE=":{"valueMac":{"type":"Buffer","data":"JdMJJukwQKuBA3JVjymLyfT/68xqgBNE05EGj6Z70cI="}},"8q0tRupOmKAV1LPDwcs4K7LeJ9+J103uv1qON5d76EQ=":{"valueMac":{"type":"Buffer","data":"RWLWXC5JK9McFRoIDJS13qFr7stKCGT3MaUuQRnjA+k="}},"81ZG7+wSx6vvlw1TP2q7L6at7SUJvoe7hR1738EzZtw=":{"valueMac":{"type":"Buffer","data":"veZPLVo+qzHN04+4ZCcWzHFu8XPFvRrOxRwkT1K4Joc="}},"/oKszK5nL3jOWCUDTCB8IwUF0lFiEYxuQRph60SGLW0=":{"valueMac":{"type":"Buffer","data":"cm57HwULiLJaODJoam/dYv8jUrnq6/nb0z8sqxxoPgg="}},"/yNZVUM5s1HRYuBmKQ0jTzVHPZVhclKqWAGflkRCmkg=":{"valueMac":{"type":"Buffer","data":"M7OZS3brXQxZ3aDnwWW9jfPmaVslL59cszjrvPG3aA4="}},"/8D2ERs92pldLQpIjRlLzTFlz+8eLX3JcmHFsv835yY=":{"valueMac":{"type":"Buffer","data":"95QUP2TU5VbEzJwJPLKzcBI2tVG5Yeg/668oo6oEdP8="}},"IXdp9LbYTkbLmit1q7d7smlY/RghiInGkZjD1x9J0qQ=":{"valueMac":{"type":"Buffer","data":"mJoaJd/B+ZAO2hnArSFrxvclzhDd0ppwVm6PyrBGunI="}},"onaRTrTxv1Gh650PIudzGB0AWCHcpOlE9z0RTgzSYek=":{"valueMac":{"type":"Buffer","data":"7Z0KLfKCTUnLwrTx+ncibVjyLPcFU9IXSzpY/cqJh+g="}},"keg4vb+1eRgaJf/3CMeBQsVLfKVJDag6YXy2PtjuKSw=":{"valueMac":{"type":"Buffer","data":"feNO5mOgv0J5TnVj4ZDu4icCG5ORQyus9OesTeP0Fjo="}},"2KuYU19qyuZzVKPB4mLgnOOtwa2rifx9AGGmetB/XPo=":{"valueMac":{"type":"Buffer","data":"qZPH5iHaDFq2GRgOBJ11cz1pt693OhcnAHf9pDYTy0I="}},"7YXWeMPvkfbGbtx3cC34y0DUzsphO+ttPHURIuEXxrE=":{"valueMac":{"type":"Buffer","data":"l7fAKY+6Hn4mvUaVILrwOJ/figr+jroFoNEuzJy+JP4="}},"auAevqiqE30ksyd+BYt0Om8YwvQObpVQAoGagobcvBw=":{"valueMac":{"type":"Buffer","data":"Nd1uhFhBNISpZStj3pcPSc13iUnSWaWwUXhysQgEGkM="}},"I8OcvDjuwxU+yr4Zp1BdE+uFp/Nr2hKLdkrMeaeuaZ0=":{"valueMac":{"type":"Buffer","data":"gIfw1mrXmkHjl8BQeU0KvKoCq6NsXMZSnhw/hREDyEY="}},"mxQF6p+kqsgjPkXCm/wzGo8DYAJTuLufEldVGucGwuU=":{"valueMac":{"type":"Buffer","data":"XzBgsS0ZmdLpGm+Ryg255uJ5+givdUJ9AuSxPoLVwwU="}},"gudzcLun4esreZVyJ8FyynY3RykmYpwBCNN88f6p3dI=":{"valueMac":{"type":"Buffer","data":"RqCvwxd1dU1IeL5mnRta6bJ5E0vbrlfD/pUfXjmzs64="}},"tEU7JQQNrtLjZ1+yVk1VMAIxNXX90QON0vS17y83gTs=":{"valueMac":{"type":"Buffer","data":"D+4ijcc8b7zceWDoafXi+vPBSbhByx5aFgm0M7Q9XDY="}},"sjz26qvcLE7pvaN1VIHFAcF5uJ2MbMQI5lEFa5aH9qQ=":{"valueMac":{"type":"Buffer","data":"z1yTCNEsDhrqcUcA4Vg1bhWjMNQHeDpjznfrLiXkmVo="}},"i3koDAcyGW0L8qJjit3K8ZNMuDQwr9le4BmesCwsc4o=":{"valueMac":{"type":"Buffer","data":"HJoGqdn5LZfoj4FqY9WW2Z6TcFXHZJVbWFA+aRyvcYU="}},"BZOKaCjl0/bg0m2dye7QuFGgrSYmVOO4MLNLatJyP7w=":{"valueMac":{"type":"Buffer","data":"0Ehwc+9UyPKNTEdtXDkgZz9vdmXU7YTGnepGsLzBG8g="}},"OTRq2itr8xKHeN8KxiSbDIx7kJvvYw250H/H1X2638k=":{"valueMac":{"type":"Buffer","data":"ZZ1UwaPQX/GDswnbm4XCIrpH55v3NHEwRKbBwireWkk="}},"3d3HxIux0tLdpJu9zCCDG5JsOkmglD9SJLrjb2clVNA=":{"valueMac":{"type":"Buffer","data":"N8D3YcRFIhIsslGC384groGwZQmzNnhaYx0FcrHOWFY="}},"YO0aDs4XuqE8J4gcQ1ZstWQlnEJ3jZuQpm2xn1eR1B4=":{"valueMac":{"type":"Buffer","data":"FAT70f2U46RcNNIhxgecFFuxykhnLY+5mHWXb1V2SJM="}},"F/5NnMjsKr63r6Dn4WdiNN/MQwWmesdSWg5R2gfeWUY=":{"valueMac":{"type":"Buffer","data":"KRS6oYUPXMzlOy5+o24Xoli0guUSi0Hi1T0C0+zf5sM="}},"Abqkgw5RsedeP10QNldTGyG+u8FyFi+jh88tgoQ9Rig=":{"valueMac":{"type":"Buffer","data":"DXtWVczItNDJAVWrq2XAAI4JSUlLY211qZ4pCbjXXSQ="}},"zEGumU6CNSR3WQPIvWXkOAPMWO4Xlj3+0HIZ/OrpEm0=":{"valueMac":{"type":"Buffer","data":"Ev4l7SOVe/HV+hZegUuuK8mB5ozaQgnvU9f96Mb8i64="}},"bG0E/+FT0Y4nxg+6ZrNVsB08bjdIc2z9PSeCNdi1Fl4=":{"valueMac":{"type":"Buffer","data":"Ds1eDJyeu5sdrbLJ493Vzn6Aoy5XmPurPOUExrhRJlI="}},"bmn1h6ul2EkqigPSzV1GEUH1IJai+pzmYRpDpEd4bnU=":{"valueMac":{"type":"Buffer","data":"vZwUqN3NzaEoC0GoRrJY2mJmkL+mPGj7IhxJr/ZTv2Y="}},"nEsAyqhtkP02FMUF3WUj2oWeERlTETWGf7zdtz/Uvtg=":{"valueMac":{"type":"Buffer","data":"mOalyktPRvRWHutV1s6SiSV1i/GQ105qwpcMcukk4aw="}},"2Jp0nZxC+gYgpSdtr9r9aMTkV7VO4fFZzI1KB7h8+zs=":{"valueMac":{"type":"Buffer","data":"MvuC3nXhFub5RggoWTsLSGb1CFWMEl5uDyLOdkokNSA="}},"mTbIVsl6IKRbTOnpJdGNpc77mKhT1cKu1TVKcv53/Kc=":{"valueMac":{"type":"Buffer","data":"Tle9h/f9c5qA7yF5IzumOj+mmj5cLwOn4ZO8uQWGwTU="}},"u4LUYacHTfLxsqdYwUudDSVyQjuQmUnYIL2YsLvZx3Q=":{"valueMac":{"type":"Buffer","data":"cKezde+bt7AOAYCdcKlrNd7kdEsb9XrJ+5kq8ge06Yk="}},"kjcmVRwaSu+PVO6CNS1RLyWdRrWvUI1xJJKCmBil6hM=":{"valueMac":{"type":"Buffer","data":"sxnn3SJlBfI1E123KTK/Ko0dntkQmP6PTD8l2bO2EQM="}},"JarTTFzbBOg9FT2tUa4JcAeep70BmJNnjGF82EMZbdo=":{"valueMac":{"type":"Buffer","data":"D+tpqgAbVPSAeSH+GfDTDssuu19SObOTa8nS7HJ7O8w="}},"zlh9+4bwg+zZOitYarmiDmyzEpwKzbqrRoQwX+hnfUs=":{"valueMac":{"type":"Buffer","data":"YM0C2urvm4WUrP8t1BYmBqL91y33yGv+T9s/aaz/bEM="}},"3GFp2TX+mW/RKSEGwWU6cpQQ99jgNK6T98uKNv8LqwE=":{"valueMac":{"type":"Buffer","data":"0Nlj6lvpeauUbBm7nvZDKrvjPbUoU4X5p6FNAR8NXHs="}},"2M1N22SXeX3uQNq+a+Lb8mJ871gDW72Z2LqIDUa98gE=":{"valueMac":{"type":"Buffer","data":"LmTmGx1j8EgZs1pLuv4tlZYND9K0N5lkPMbJroZD2wg="}},"nA2GMdMNe9juxAP6M9DhMM1zJt1nnx3Fimz9XKApJAk=":{"valueMac":{"type":"Buffer","data":"692+SVtKJ0vQOfhnGsSs7mwwy5tA2ED7B1Aq5Bi4BD8="}},"WY1TnahDwxnTqJGHSDAWTKaL1Xw4PuFX5SDoQqs8j20=":{"valueMac":{"type":"Buffer","data":"06dEbTVr8FcXWfztEftZRPN5S7D5+jBd1rSOJndPXTk="}},"iTVQkaKm7As1mEecvZCzuCGxwkWRgNrWj0CS+6ue5L4=":{"valueMac":{"type":"Buffer","data":"p3LHYeRjrBjmoshaYcCokXyv3Jfcv6UeBikSpKllTrQ="}},"medCM44VXpqn3VvoUqcQRi3nlR7KbGS0W72ggp3yCI4=":{"valueMac":{"type":"Buffer","data":"tbFoQvb9ZmGR5lF5UUuONs5kFkT5fzzD+Ww4Bn9it2s="}},"gJPwUF1psdfEgDHV9gzLvxhwLddpS/Vb52d4Nqyn1TY=":{"valueMac":{"type":"Buffer","data":"aZ/Dg37L029QquJyUSjZ9V2LdXw6jRw6ZEIA7QZOKh8="}},"epKMuJ6Siu+qwD7E1uy3pG9nxi5ZKog0oD6PL/KZsHo=":{"valueMac":{"type":"Buffer","data":"vFx2s+ocVRFl6koRlytQ8pfjYFG4bDyjTGW9QwOsBSA="}},"s/i2h7yWtpP9XVnEmd6At944s1+Q0Dr9KPLgkYVBE+M=":{"valueMac":{"type":"Buffer","data":"HVRmZ3oArNeG5mlzmzOh8IthyBbrQE501jaGmz/bVHM="}},"mvmSGv0/J2tKEN0ne8IIroSHgtY2vEaukrRyGD/1ecA=":{"valueMac":{"type":"Buffer","data":"V+ZjEkDenoKHFNtKF+RMDmG3AapCBrtfktT1Ro1rCwE="}},"Ilm3lDjnDZp9wpZ5p3iX29fbNMZpXqUaMv9AcKn9ZjE=":{"valueMac":{"type":"Buffer","data":"pSwCQ3wsix/kWJao6JI50ldGpV/pRcTik3lQS4paEZI="}},"Iy+ZY2bBW13nkcC5j+EBW6IklmkMOSlNQvdnd5xvvEc=":{"valueMac":{"type":"Buffer","data":"ZpYlsVVLsI5VGv+6uBVljT79Kx94QR7fNF0CqAyCcQI="}},"ckviwn8iXYkrAn2HQ8HvhsL155DmjadZPmkPUQt52y8=":{"valueMac":{"type":"Buffer","data":"vdazL/ogHQSf1jNWYLIXFt10xC3aIWhr3DZaAOiU7P4="}},"mlr7fWunBzYB/6vs6bvCWXTr8rZfHp49ef0O4z7j9VY=":{"valueMac":{"type":"Buffer","data":"eAnGFcUxw6bOKvYBXagnRuDqxOSD3HRa8dRCTx+js7A="}},"FkZgqjmAkLZIe98ar5EaMUNw8yPiy3168Z3OVtuV8Qs=":{"valueMac":{"type":"Buffer","data":"fnAtDq+CGYfiq+TPo5Sw8ad5uv7XHnyB1ZZLJk4uWZU="}},"vhj46lsY3R+OWipZ1thripCU30ZQcEQgBWbM/amM+aU=":{"valueMac":{"type":"Buffer","data":"r81gZqZHQxg1gdxbeET5CdagquQA3C5zXOininsR650="}},"96bpMPnxEw9a51xC0kPkWBk7PwNjvJmz5ShuVWVOHvg=":{"valueMac":{"type":"Buffer","data":"F87Yzb6qv25okYvlVPaGgeSpwfDm0RR6CqPTku1T7xc="}},"l0kSSk7fXVCJEFXDsCvsVN8oVnDtxHIzDqCtW6yYAxc=":{"valueMac":{"type":"Buffer","data":"JmZSwYt5NtVba/epCBUKNNkDTQ40mRGxg40z9vyReGA="}},"+UQLsRipkZlJGpExdkDPLMnZPsnVA1ctfmpsJEv1QBU=":{"valueMac":{"type":"Buffer","data":"PjuYXDp0PzWodiu9RzWu3Ihu6iZZg7u4qY1iZnDBPyE="}},"NMi2nQ0r490iOTUY2PZVROM8HU0QE8dbf+zLoliQhm8=":{"valueMac":{"type":"Buffer","data":"SGsM03JMutFIMt6otnKfRQJnaTWZGpxWyQVf0eQ35fg="}},"duBZxGsy+nDX8/i1/FLqAySpgwUXLb79dDHXGfNr8G8=":{"valueMac":{"type":"Buffer","data":"M0XVW9tySoiAfLbrAfACFQMjnSkw0p1uvDOjZvB384k="}},"VLN3KX5DQVZmY6eu4T/nF48oVVRM8M/VsqFVORakTE4=":{"valueMac":{"type":"Buffer","data":"CEVdX5A/oWT52h2bxvcui6zSCP+Y4lAsMBVi9AIxDe0="}},"5n+BYj0DYKFxQBLRFRd7sX9+SG1INh4tDuBOmFhkhSI=":{"valueMac":{"type":"Buffer","data":"3Yi7yp/6E9ty8WlmxpVBlPSoAdBZ+RNb4Nsxr+gvciQ="}},"EB/f4YF2F9H1OEIjx+fl6UN5n/7a2OiscJAFlcpVAeY=":{"valueMac":{"type":"Buffer","data":"5cVcvnaWzn/DEIqANwXBXfDfj6e8KBhGChikqqPJW24="}},"xy0sgi0lZ8MABss7oOo0TjDQK8d7qxOpSF85fetkhfA=":{"valueMac":{"type":"Buffer","data":"eal0QVzEzKq4HPX5Lo1E9GR9iYHOXabJhsJE23+Gkj0="}},"ikMSubR5L3WXygy05rG3wQlJ+Q2itVfGBaXO7ZMQacE=":{"valueMac":{"type":"Buffer","data":"TdCbWS40aD+3umzms5uIQTm+hycTlYDXI+aREmJmuIk="}},"nTRQJWdPhMCV9d3s4/EemszRcapd2JjPdPnppXQCLCk=":{"valueMac":{"type":"Buffer","data":"sJ3BZ/MJ5PAlVAx12ePhkzjp9h+w2tKsGHjxysUUdAE="}}}}