{"version":48,"hash":{"type":"Buffer","data":"C6U1kjMc32ED43Tjs+mykgM9M4dBlXeS6bq+MD5jMD2igPkpeWTtU3ddesPNfG9eA20YIsgNl/+zzUiQDGlJrlHWIFUz/ugipjobAVRE40lcimJMmRESCobbfV2tHpQZnTwM/0qIMM1lNOob8TyUwdcgkkwXnKnqkzpfB5UWeEY="},"indexValueMap":{"AM7xO5tHtnkKYfUpkDuBUL4GEdjdIlz1+uLV2jQJzDc=":{"valueMac":{"type":"Buffer","data":"GA6hDtifPLBccikkX4sTE0+GZiBhK4vSm5XKO0zYV2s="}},"Fog5jRRPWWeS6l8nHYCAnq0jC7JAHMNtP0RjXM7ylf4=":{"valueMac":{"type":"Buffer","data":"jYUya05XFlmitBwJK9ISfoxaMWtS1HdnVYLq4NqKXrM="}},"Ix0U/PyAhlHMVn/KqubdeDRBRPdGLD5l9iscIkYt41Q=":{"valueMac":{"type":"Buffer","data":"mm8Zy13S7pIjFn04OZeB6hGn8GTluqzd0g/6gDY25ps="}},"K/HMQAgwNfVjKCJUVH5SnAUN2pdxGWoR0qZ8dF/ecEk=":{"valueMac":{"type":"Buffer","data":"hV61TVTJbZL/nKuQRzPh7Oz0kZCl+JXG8IbQmklnBys="}},"QHCfWYODykGIVuxr2Wp2z8VLFve6cTfKxy+g7LAUqH0=":{"valueMac":{"type":"Buffer","data":"MJ8wCjlnuFXJpjDysHM40fa1nIHRpyq4UvN4ghvgKjk="}},"RIgyYjZKEq2ia4rBq5Mh6W3UoWDgLQ5TsD/NVnasVaM=":{"valueMac":{"type":"Buffer","data":"DnGBfqd2ZRS5g98rfZmlyZsYmOmcGd8N6q+WtyqV+t4="}},"V68WkfslWPpqBHsqB2H7BB0wVouRdrS+beb3MCFbDVc=":{"valueMac":{"type":"Buffer","data":"b3FdOlpXFlNSCkp3fga84IweEdGBjcOIV5h0Q+tiQ3M="}},"ZCtV4ttwnyzO4QG/YMugQRFDmB8NGJDrYpNpOnsJXuc=":{"valueMac":{"type":"Buffer","data":"o2PITr0sei4nynhcEmzXgYxOJFDSv52J4nFToQRwb4E="}},"cn9bW0snWI0xACq7VL3KKryIA4X+JRlmgQNAc3WZJu8=":{"valueMac":{"type":"Buffer","data":"dowm9CV3pc2+aREYorlM2M1dFZateo+RvX4fh+hbR1o="}},"dBfMToGxqGWdO7+reqd+aEV3oug32Zq5BZtjyFqyVME=":{"valueMac":{"type":"Buffer","data":"2HAD8CzPvI2QC/YpivqAnX2cpDPSy64Ti4MK+glOeFY="}},"eI9cGV3mIoXanBfUr7nooBA+gIgz5ETw0heeVihmeWo=":{"valueMac":{"type":"Buffer","data":"UGFWtr0b9XFUBSdtRllDd8RuD5MMJsj8hF+45edIj7s="}},"eOTwYYfk1CMkkSO7jgeYz7dmbKC5GdGfwJtYL8zMtaI=":{"valueMac":{"type":"Buffer","data":"sCeBCqCEibwaoVPfz8bMuu3bQybGG5/WPcehU54U9/0="}},"jmZLPXeln7w4pqulunvA4LDun03qFLUfLWBCSwUahZ4=":{"valueMac":{"type":"Buffer","data":"Tpui/AzsoWCmMQMx0CJwimFVMaGURYsHm7ZznWBNAf4="}},"xV24i7ofmRa6eF8QUnrcDmPJAUMbOcH2JgFa40vrk2w=":{"valueMac":{"type":"Buffer","data":"p1wutd5T5CS0oDTBmWoRfiLxgCw+YIwONQinFj/P8lU="}},"yjPiPHenmM500FH1EjRTQyouYUUgIKpYAYEd5YRrGew=":{"valueMac":{"type":"Buffer","data":"SuCEjCmWtsWo70Q5zZv8nKezLhnSxpg/Eq/qcpGlK1A="}},"zk6LCBmq56pWQbpR6yokOhMcDyT6b8fvV/pM5jBloy8=":{"valueMac":{"type":"Buffer","data":"0w/DIL4gH0AFOA2Ecqf8+niBxn6jDYdyZJ90KGp3/LA="}},"0/4yqaEos+kOnPh4xhfvsbqiITqL26dkywafW9MW1f0=":{"valueMac":{"type":"Buffer","data":"zAaAl3Vl37ISO24DItCzGKbyg0lBE+f22MJXGaFQnog="}},"2ILMLOm6sZsrShQ2AJ0cowAzoUJk0XvYQZXCB7euxHQ=":{"valueMac":{"type":"Buffer","data":"d+sDZaB/Fv0nXcI2O3Umrlt/BvrPw52/cmNHmuvlVCk="}},"2g/pBElMPe1/w+X2xPh03QOAsoxQ05GHTgLuWjmH9eE=":{"valueMac":{"type":"Buffer","data":"6UE1weww0DuJBlKTnaQaQ0hVPu3fmBc1Hdv1d1AT+ec="}},"2sivha/2jT7b/97yMnuDR4PGBIIazQY01WvtYCtjUTk=":{"valueMac":{"type":"Buffer","data":"uoUpW/P3UwhD3WZEGGTxkTCPNzfGhrXHk/OxA9vvGgE="}},"4tyFomytNiHSN3afSw11JgJkdYyZUYXNq1DQKYXTHY8=":{"valueMac":{"type":"Buffer","data":"7mw08DGrogsr5j36NJE8gJVLEGHup4CoVnuvUkkKImM="}},"5BDxdomUI4CHggg0Hjrq/umD1LOZ2sSOgBtqnuOqw5o=":{"valueMac":{"type":"Buffer","data":"kmNvw1BP9XU4/z11V2bHDLKh3LEvRF47fgiYgDtSojM="}},"83PN+79qD8N4L3IxSTwmyKyKmIg+UF4nZWg1XQ78qOk=":{"valueMac":{"type":"Buffer","data":"OAaVrMYY552+yLyq9GQRxhHh6ExI/z/DiHKEGL3wdgk="}},"9TMmcdzjboB+eYDPCLLe3LMCYiCvprRgmSE8BOZ/7T0=":{"valueMac":{"type":"Buffer","data":"SkqD9erjejpFOdR/rKG5uA0oOJZazwGevr0LGRRKUXM="}},"99kEQUJzvyLfl9XxsGushZCecxM1rGNUNVtaJK1A1BM=":{"valueMac":{"type":"Buffer","data":"bWHZuuNJEy8+E3hUOaTHDMQd9cKmRJ6dhdyqX5CbK2I="}},"+JCsF1JBfLnimQD44rG6Ba4RusM0BCIemGWxLzN0Ivk=":{"valueMac":{"type":"Buffer","data":"d11Vkcv+mXPzZUhhujcBFn2/WWFVSs6TAqY+0em5pto="}},"NIdJYkBgzVO28MjY1rL4GDp8/t2ym6pQZi7kvrKfVuk=":{"valueMac":{"type":"Buffer","data":"OtFnQ8VhZs0w3P55lujZA3EqnmWLVFVsCyjhzvFsz2Y="}},"UAQ9+sHgZ0Rfu0z1C9qBxHXYcyJVS8lCc0qyKMPqKbw=":{"valueMac":{"type":"Buffer","data":"XIUEanaBJ3qSymye6SzKWHTGz0Puq5WqFuUkKWw13RQ="}},"sbrk79RBVgUMnXVVvvueNy+0kvqfFUEEQgwp0idX+w4=":{"valueMac":{"type":"Buffer","data":"cGgUPJXkJ6hOAkXzMO5ArI/PI9FogxOAurrQMzoD5JE="}},"tuBBWIz5OWK8rN2i2AzNf82lGv53vvxkwJHZl1ChhCw=":{"valueMac":{"type":"Buffer","data":"66CiK8DQecEcCHwqT8TX2FzNQJuz2aS7sGtwhWFr39M="}},"lhQBT5ux0RJcokcZkT4OwCGOLH3yTZQ069vunk4QGkg=":{"valueMac":{"type":"Buffer","data":"CEQeNG2xT/a/lF7UXQdRT7t30xPIUvefobTcF2VkDSg="}},"Tr2vDfrBNUV+/gS5J7amTliyBWKHFDR61VQYeH6N/cg=":{"valueMac":{"type":"Buffer","data":"KkDHDNQUF/VAQy/F/BwEgq8XW3xQkYS8pSRfjCFp8UE="}},"kkiFJyRzcXNFSm+CUmCt7OSpXtpeCd5j6IQnfdAewkY=":{"valueMac":{"type":"Buffer","data":"z6RoGoXu2EtfeWkdU3TXtWd9DM6UB5aVSO1A4qEDeps="}},"GTSACY5jHWSJ9cohCITBAR7YAbTvMXcaPufHpx2uEqY=":{"valueMac":{"type":"Buffer","data":"p+8Q1fOAibuHjuvYWO6GpJL7st9InvYLekFBzotjv4o="}},"13Hp0xs+7i/7KjY52T2yYd5VV6ZRytZUJ1bGjyFKCzM=":{"valueMac":{"type":"Buffer","data":"fleL51NPDgzoSMEb+vReRofaObN/DX36qvviEFihH5Y="}},"GGlQOhKx1jMDLFjmIdQyHzZjPHvBp42K9JRQJ+oRkwU=":{"valueMac":{"type":"Buffer","data":"nthhDj1uRde1Mlajc63z8Okyjch9stVH70qCrm8IcC0="}},"jMuQKzedqU/dmlKBfnV81UyL68of3Je7CfJphITxoD4=":{"valueMac":{"type":"Buffer","data":"kQsALOQ1Jzp81LEuzSCLjB3unDaYOXh9XkflznrSz3U="}},"qWGw6VuJWLpO2GVsC/H9De0QAY4CiLbXP1Ch4MYViIE=":{"valueMac":{"type":"Buffer","data":"vYlBXo3hEYSeVF6Iyag0ZhEuMDN+PCa9zgnvBghi0yM="}},"t1XFhlE5NUU6RZjvsxP+sh90NsgWmWKGw15RMGjclk0=":{"valueMac":{"type":"Buffer","data":"HM7qOxryScn3/YmpbKTCplhDfBw5snoJbYu230KNb5Q="}},"FB0JnV/xh1FYy8EOCv8HtiMQLvzC68N1jjU+M6ptHCM=":{"valueMac":{"type":"Buffer","data":"YQbapPZhGy2TdLy09UbvV16HFHdw26vY3w8zdEKonrs="}},"EXILp0H/8C4ojeJCxHGjwTW/EeRvorQ/WXJDh7TFLlc=":{"valueMac":{"type":"Buffer","data":"9AXD4NNf0QfTcXI7iqIaIt5pmkMWGDtanjG26FaHWp0="}},"uwsp9xX1b0HIB1QRp3lC+sionqeCoskm3qiNBFYSlkE=":{"valueMac":{"type":"Buffer","data":"QQ+OEwE/NU/flcg+8SwYMHvvxkx+S8Z4zzEdL9mkKOQ="}},"PGzGbVApqNu/8+1coRef1cgGtL5gbDsJ9tMvmQ3O9Ww=":{"valueMac":{"type":"Buffer","data":"VgrIgl+WNlJl/EG7XM01vhwAfuLoJfcpJmv5Jz3GHLA="}},"XMbhRBnJVkeFKWzit77+v4/5SeywGULYv4chnwNpQ2Y=":{"valueMac":{"type":"Buffer","data":"eyJDCoxGI7GY+ltXP62GIxZEROBXnW6LfxsXYSluzWg="}},"dRSbQq3g3CCzmeFeI/Kbvq5ib7hshPwfQKRvNd5VN3k=":{"valueMac":{"type":"Buffer","data":"/Y7Ms/oxOY5yvEKuVThUD3Ipeg6VAzYfdbrC9g5BJB8="}},"wLVUTvy/UvC7+0MGYesK5aoM9vgQkr7gmnA8VR0TbM0=":{"valueMac":{"type":"Buffer","data":"ld5/qJP61Ed5uFasTkr7lIeoWpbo+8UhfD4omPffsB8="}},"xrMLzpAWt/IW7fb10GJicLBubVGozQGvAaszRT/MVko=":{"valueMac":{"type":"Buffer","data":"L1K2cqXnwSWJ6Y8m1wFRzw+stFTKOmmZfqoTWNtxZbg="}},"ppopitNuvHBqZhovKCfhVhlGCwvc0HG1cHPva/qrX1Q=":{"valueMac":{"type":"Buffer","data":"ZDXVGQw3jVusyI9gWV/pF4SeFrsFTSSOryf5yQP3gbM="}},"0HYbQy+RuhOFxbKCI6cuhIGWu8uvTmbcpY0qNzFmcLs=":{"valueMac":{"type":"Buffer","data":"EL4b4vx8GYPMxLY3Vrj1Mrzoq857c/yx0DUX8CEOTWU="}},"5mBOimeFpmDRS1PJfXVLrxZYwvyh3hidcvBahHj5Amg=":{"valueMac":{"type":"Buffer","data":"Rnw93ImS8KWRZRraocp193pPfRffdNc16JUYKGHBcs0="}},"5e+EyeaOFdj423uG7/Ocbcg8z6ZDVvcMuv5XhN8bHVM=":{"valueMac":{"type":"Buffer","data":"bM3lai+ekYTja5IaISITIxj2cucC0ZZ9Bk5a/dNSPgA="}},"1dQyC+QBtGRGmtxCuBPgNCMF6NV+ElPkFFEyrLYx84g=":{"valueMac":{"type":"Buffer","data":"1PTE7GFX42HC1IJ6vU5yN4Z2IGC3loXR8hUX6kKdKBk="}},"BLFzSVpJcaXa2CikaN3Kldl8a7BhKBMZMH04VP+F6wk=":{"valueMac":{"type":"Buffer","data":"n891lIEtaABGwUAZ8q1ck4z8eqcNo/FRYrpG5y0oz0o="}},"cjkc/bQ2z4uTnFBOjmtUQnMfUNQqVbGWzYwQ2Bq4hSM=":{"valueMac":{"type":"Buffer","data":"kmsgUmgQ7CCksygcx4rjo55xvTjd1mgAgx419JMO57I="}},"+CcXLbyjHwkthv2W9f4WgxzPlhZo4pRRzUOtCzLWsFE=":{"valueMac":{"type":"Buffer","data":"73ynvVL8Y38DXCxzdbqxjnXTsNAC5IxX8pDl98huAhM="}},"2CnuVxHoiPlDDk8c6FAbFuIOQ9aHnCL+FuUQoJsLEOw=":{"valueMac":{"type":"Buffer","data":"n4COuSbH+lSF4X39jxkCUev7RzoTzBwRywdGpe1ktBg="}},"mp8JvDcymXI1h+cwgq6RdLtMGE+RLWyEJ9LxEcr+OgM=":{"valueMac":{"type":"Buffer","data":"bUFKsN4i8s0xSfZ4Qv78zq0Fj5aNQcN8QMnoaj62DZM="}},"ExF807p4KifBfT4rxxPgqIBmEEVb4TRds1I22WVD9UE=":{"valueMac":{"type":"Buffer","data":"hizK1uuglNdfTq7pkPtYv/Uf+4szU7dhnaEXGlrp6HE="}},"hSNps5FyCfRTn3CHhq0t2LTXpqFPPj66a1pEnyPzVNU=":{"valueMac":{"type":"Buffer","data":"LWbfnaAgSdZyn1Ek0NQR1J9T/UOIBEZwUE6pHYYerWg="}},"itAVIIWZaNogaxXokmM2rEjCcwEpjViz/gBH9VUTtvY=":{"valueMac":{"type":"Buffer","data":"OYRfTGO9MN7hFgojUn2WGAzn9YyniSziDvqtt/vk/do="}},"eA6MaYylTYEA36iN9Juj2fbwXNwqmGofCSvUePkEpD4=":{"valueMac":{"type":"Buffer","data":"hDrusjiw5bOJ7sxP1wnqE6lfvqkXIVuttixKZ6Zx8zU="}},"j6YVjF9NjrNOPbQav1pvGACcL26MMhxNUMpPnAvzc5M=":{"valueMac":{"type":"Buffer","data":"k9U2c5CgasZvbB2GPA3huuWvh0/fd9RYuPiB64DA7Ks="}},"QzckzYHPD8dGcsV1wbs9Nwu47N8mMrz96SjOPqCUCLM=":{"valueMac":{"type":"Buffer","data":"z2x8aJzYL6pKFl7d8ogU/weuNCmbItk6bZ6ayoy3oEY="}},"/p2sCvaWlXi7LTc6iKrBPR4hyyznekzhTgueKn31LEM=":{"valueMac":{"type":"Buffer","data":"x1weJtcwbBTrRghvkOGFh69FhFD3/HvYwGlg9MmXxQc="}},"PaOAg87O+R2q29f4qwMQaGq276pvS9BfLSf9h1jhTSc=":{"valueMac":{"type":"Buffer","data":"mBow9N3SHejYlM1LFJ0eY3CshA9gJCWiwFXSnxM2Bi4="}},"gS4AdlP/OG9b2dolAftO7qrJwTgKvDH6pdfQoQVb/NE=":{"valueMac":{"type":"Buffer","data":"tjNFBioxx9nNNBC9/GtwYTnEE5uxoLcbawzw9wAASpg="}},"IyjXDokMX6MP4KJhuprFE8t91DvWdXn5iuXi4q4ihIc=":{"valueMac":{"type":"Buffer","data":"28Bn3oyofsQFCHDkvGi6dlsBVdn/cUCVitWl8yGeGRU="}},"1zH+KiTVRxWUpFDfy4UZJP/5mHR48QvwwxAsx95IAjU=":{"valueMac":{"type":"Buffer","data":"iuKOKsAz3sOiDRTkyCsLOj34KQY826jqJpzW+lgnNng="}},"mG1zePBHUL0w2iBRPBRITXi3w2q5C+QQyCNoJ9WZNAo=":{"valueMac":{"type":"Buffer","data":"91eTO3h+g90TE3w8oOrLwfR4YGpNyEm8HYVIyXDIo+c="}},"uRviKt6Zd1ngtYeSBc8kXGYJzw+Kxd4inHueXjnX7pc=":{"valueMac":{"type":"Buffer","data":"VPeWrnAVcURZ/eHTIgJAOiaV7sIWG5CsycnVC1TTLHo="}},"8UxKX/emkZg5vkSO/N2EpoG19ygFtxs7PZKDLBf0uN8=":{"valueMac":{"type":"Buffer","data":"X7AA4+jsDNUipUZG2aILLVTg9LmMVzkMES2UXnje0LE="}},"J5SEYLRvoSgEA1tA0nKRq8KpEujapQShxexsnLQ6vC0=":{"valueMac":{"type":"Buffer","data":"KekleSEOjpN1YzOlZmLHAoHhiyOwqRGYwUWyE99+7F8="}},"iaG34fKHhNuDJMF8tf9bkFWEIv6fIA7ZuAe2TPGJJ6A=":{"valueMac":{"type":"Buffer","data":"PN8Bgj+JCVtLDX8YkYKhpU506GYM5/kObk/Pm9WhmkY="}},"0Zin2mEs+TCaUARcM8WVZWYNgSsAuj9uabH/IGntf2Q=":{"valueMac":{"type":"Buffer","data":"o00bWdjYU3aRbJmJh8MfaL1UjF12fBb6UQf/rbsaIuE="}},"sCEQ0BJppsNoNCosb71lBJeRdo2i9z3wj46SfVL06ls=":{"valueMac":{"type":"Buffer","data":"t3KaXURdpU7tHnK5NdqLaUgwl1bFvNymWyRKECbim8w="}},"Ujw2tIPsxNtihJQGoI/bHi2Krpn/nabShpWKS5uM488=":{"valueMac":{"type":"Buffer","data":"B4G8VsX75/iwMqO3KUAcTfRouLtlVBUoiKZdVLm8j6Y="}},"aiTW86qglVwmT/K/sDl05xYJ7JaWXeYD40ek+3mGMW0=":{"valueMac":{"type":"Buffer","data":"cT3LF1qc/v3Tsnqr/Ih1rfwcKX/dK1U77A4bVyg6xy0="}},"9EoDH2QU7wIGfDtyUBqNAm2NuMHLGPKNW1t9YrXlsSw=":{"valueMac":{"type":"Buffer","data":"vMplCMb8qm//fRy5p1EiNeexWSfWz62yJlxxeIaEwKg="}},"Pswug39nnudxwfa/e1V0AODe8D4DqwDTKILFTitgK8Y=":{"valueMac":{"type":"Buffer","data":"NQK66zhYReWeeakbPd+hFBT99mxe+SNieoqtiCDSJFY="}},"L6qCA2zpKv6NqrMhDYOZjy6ntG7Us0pnNqksOcloirU=":{"valueMac":{"type":"Buffer","data":"vlaBi4MDV9W759G9scHOcMoA8fyVcwhFjqVMy9/TfH4="}},"ix9ULIg405KD01fGuZzU4aIsa8vWl6NT8v4rO/9Eg/c=":{"valueMac":{"type":"Buffer","data":"DabqlKr25ILmPy7cPKObK5KpqBqFVvOd1FaCzOx+awE="}},"sUmIrs4D8tnq2YpWv7Z3tkIKJlucSeeyldPJoaCgxr4=":{"valueMac":{"type":"Buffer","data":"lGo2+IU/AWRZX58vjGm7CsqH5+9Wj4Rczkh5pbCeEfo="}},"PoJpRVYCOrq5svYixMffO1cHCeC61BIvp6Bq+11XDg0=":{"valueMac":{"type":"Buffer","data":"FcZ/LYwmWkT/LUQrnsk+fi8boGrE0zhamkzJSLabhF8="}},"k4YSfwHHkUTTp27vNs8Varvm0hPJL523es6ZMA9miyg=":{"valueMac":{"type":"Buffer","data":"Q5t7q73g73HHB8a8H9kklAt+Ch/D6FxnOv1vr2cwL/g="}},"SGVut8XlVan8I8MZAK484gwNjuKr94Sq7ANp51vmLVc=":{"valueMac":{"type":"Buffer","data":"tQf27n6T2XW2Jchw7LX2omWljKR8ARY0lvZkgOr31JU="}},"c4c2GEQJbaQ6DjNZDbimzIAgrS2PHRIZgRRC/WKYSEI=":{"valueMac":{"type":"Buffer","data":"WRjj8n+SPPiEoILrJ+bPnRhbJss7PkM9VAHCBXSijmg="}},"QAYyVrJIyVHZTE8KW6Vv6dH4B72zMUjdPIalxrcSdCw=":{"valueMac":{"type":"Buffer","data":"my9+vQyDU5+P9/mlbbEYxql5fbixi7Je+Opu91y23HA="}},"mqR5xdSpL2xbT+OobgqrYi2W19QAlEE3+REldFqaSJ8=":{"valueMac":{"type":"Buffer","data":"U0qnJd5r0KCuyVa99kMTX6BDHXCQsZtWPKOgxhdiKKk="}},"kLxIK0bCL3aLiU6/J3PuEesvMQDHKxGzuiw1UnzJBqw=":{"valueMac":{"type":"Buffer","data":"xGZIM1LTcuSY1k1DRcUDKDN/kW4zBnu5dWqqOLjLPz0="}},"7JKnzzyfEPEV8BvDGcJUFOx6wSsHJ2MXdp3u0p9yPKI=":{"valueMac":{"type":"Buffer","data":"jqq/bD4S+Q2ZxuC/ARNyVitve8LBLublRDlY2nemv8Y="}},"jyRmjLrNyvsEblxbeT/X2vmo9zIaSM44cn8yAI8fxOk=":{"valueMac":{"type":"Buffer","data":"oRv/4EndV27yre0dH9iKAfwahpjvGKel2cAhMUjujEA="}},"N0GjpWhJkTOu8AFr9Nw/G4+HVme949c/6bBEm7KrAKw=":{"valueMac":{"type":"Buffer","data":"8MuwZ4PqXz9XRD83V3dnzB7s3IxpfZQye+AwZ6M4Bv0="}},"BQmROrrQpanUX0q4Wr4OHnzz7V75CmL2maScCi2Tazw=":{"valueMac":{"type":"Buffer","data":"svt+o6ipCujk6IWLantXTQphIATbr96q/yUF747ZMoA="}},"qmVDv2VYTTMY10fGEVX41xlV9QEFB12qahMafBDEw0g=":{"valueMac":{"type":"Buffer","data":"yqex2wSOB6dOqB0TwzcdQm5sT1dlr8x+QM7byswmzEs="}},"mn0y49RUeQ88rknanAAcKqU+TNdwR8Wd7theDUQ8dyo=":{"valueMac":{"type":"Buffer","data":"ncUvMVG95JwCrlguFu4IUqzywtGXUI/q17mNbbGE2Ok="}},"rgysr1zm+bel6ofRFnsCeWrQnQc7Q4M+ANUP//nkS08=":{"valueMac":{"type":"Buffer","data":"dqEMEwWXiAmguYjF2B2I+yUYLmX5YqZx2z8acHCBTTw="}},"UtLAVFiwUwInxUMTbuJ/Imq7+C8kFXCK0YV1y+hdOYc=":{"valueMac":{"type":"Buffer","data":"5xtherDWIRMgjtCUNWYjoYIRoKTho1HrJUqQKvC78nk="}},"iWI363eQ5NARGtUDNI+NvhWTz8rAawrprdT0ykKXRg4=":{"valueMac":{"type":"Buffer","data":"as0fn+fdby10vv4SctC6Qm/1ogy+LFudAZu4s3O/zco="}},"YPTwrlbPrWqq8M4KPGFXv+GUtCh/qJ/mYz8EKzG0cTo=":{"valueMac":{"type":"Buffer","data":"/MCv+mk43HTXCRSVjrGyPhZgBgoKR+T4rjJ8GP8LHwE="}},"Q4hmJBID4M+aJ69Fwzf1Fqz/9cj4ktwOKbl2EZqvIcs=":{"valueMac":{"type":"Buffer","data":"QgDZ8BmGU6lI+OTto6RPCRADFKY5OAOviavF67lvfTA="}},"MSnt1efwRXbXPnYb5ZiWQikiDaDzzqw6CV2ruVTa60w=":{"valueMac":{"type":"Buffer","data":"bFLBSTCqP5ncKeWkBhJHNfs5cX8RndK3cjhcl/sFFs0="}},"gwOutLflfMZjLJuMcQNONZgIzrQxaT5t901dreEflv8=":{"valueMac":{"type":"Buffer","data":"Iv62IotLnWwVL+Jnw0e9k8ndqpj4pK7gNEPiov3zfnw="}},"hlNtPt3eTGzHZCjuPOs9T/qtiiehaIwNSg7AINH9HbU=":{"valueMac":{"type":"Buffer","data":"+NImZ5veGm9KcN6DJJqM3RrQYJQGBKYOgd1E6Nozdn0="}},"nSycu1VE0XzzSGXRuqEiig+9IfLOYN9UnmFr6dBwqv8=":{"valueMac":{"type":"Buffer","data":"ZqnlQjUgIiLaY8aih9SytzV8m5vqacP7tCkg7BXHB3E="}},"sAM3EKRHh7SpPCMVY7++YNXy/mN1vZvFV5PmVBBBvUM=":{"valueMac":{"type":"Buffer","data":"eTOniGOaMtVzxWQ+lvPvUujRYkwHhvArNzjdmNYAFsw="}},"0cXcqcC2ktxjfJ6NXwQK3DTkaQ5YexsILO13WQ4+03M=":{"valueMac":{"type":"Buffer","data":"7TU1YuMe//P/yQply2OeguFYQaeG7ABwKYsvBEkh9Zc="}}}}