{"version":158,"hash":{"type":"Buffer","data":"1PGDqhMF3M55tK4EvBQs81UCsyBHbbKWyl+RXmzatSWrWAk7B46J5rCvclYSigWB2QZTtiyBZFQ53o43ZCq3ifG1s5qV5UMFwfwin3jhSWfrBHLrpDRYUIRb86ZNc2H76aoeedlakoRGQBqRMKQDNZD03q1dU1fQigKiUwj2sBg="},"indexValueMap":{"AQuxvg4mfVhm79iamIpySYJN6X6MKYsJo/PlfrCSR+E=":{"valueMac":{"type":"Buffer","data":"73HXkIuTeEHZ8twhokgNKUFbqcxRLRe+hO/uxOxnGFA="}},"Abqkgw5RsedeP10QNldTGyG+u8FyFi+jh88tgoQ9Rig=":{"valueMac":{"type":"Buffer","data":"DXtWVczItNDJAVWrq2XAAI4JSUlLY211qZ4pCbjXXSQ="}},"BREfrbYzAOJWl7lxJtspdPKJVGHqHSGO6xeVE6b7DdY=":{"valueMac":{"type":"Buffer","data":"JQVhdbi9ONslogF10WGZLQaSoGIQas3eaULV2XGXrSc="}},"BZOKaCjl0/bg0m2dye7QuFGgrSYmVOO4MLNLatJyP7w=":{"valueMac":{"type":"Buffer","data":"0Ehwc+9UyPKNTEdtXDkgZz9vdmXU7YTGnepGsLzBG8g="}},"CCNeQDsuU3iWppIIS6wipRh1eolHdbC+L86l/H2c1VU=":{"valueMac":{"type":"Buffer","data":"IXaLhlnRqj1nxJhctU1hfB3sW/A0mEFCesbgZKKF3KY="}},"CM33jKkFU+6M/ZB2XqqNvTXRkNBRZm1CgNqA95fBwFQ=":{"valueMac":{"type":"Buffer","data":"n69IxZ6+GlLBgMkgUkHgfqbzaq84vUGZlO74TweAa3s="}},"DJR3eV9qldslvFkVYZv8Itl37PI9LlkHiB67cqBHj8I=":{"valueMac":{"type":"Buffer","data":"9CENuGk1F4vio/RqsjoN5GLwyjXKWQYg+8MSzwpIFww="}},"ErPBg5eUvANT2Fa+vmgQglWyfJ8CQG6Gt8eyqa8oX0g=":{"valueMac":{"type":"Buffer","data":"h/ZIl5YWF7MOx7Z+DYHvXdHMjzjTJuEmVHd+uI++V5Y="}},"EvWISo02TihCXj3RhGWd7+R9xezwQUHZzyZpFAFHCGE=":{"valueMac":{"type":"Buffer","data":"BO8C7VmsRWHPi7fOx7GjM3s5zO2yolsz94HOOyALkK4="}},"FQKF+iZ9FvSaCFcNbzyMORAsTT7mA30jH/vIFqL4sds=":{"valueMac":{"type":"Buffer","data":"PcE2SxlxyooljsC9Ord4uo9Eac6lREZiy6LKSP6ht7I="}},"FkZgqjmAkLZIe98ar5EaMUNw8yPiy3168Z3OVtuV8Qs=":{"valueMac":{"type":"Buffer","data":"fnAtDq+CGYfiq+TPo5Sw8ad5uv7XHnyB1ZZLJk4uWZU="}},"Fl2N0cfgPQvv3jc8kOBml5lxwow7bPmwRX4ZbRyzKbQ=":{"valueMac":{"type":"Buffer","data":"KCidgLt+20SR5aqu5OToT4ierHHAecJAY/RgbzicFEE="}},"F7dBqmZJcKDNSJ2u29dtgpEHx1KPn5/el/xfW52bBfU=":{"valueMac":{"type":"Buffer","data":"UzmUyuOULp6iZBgsA/5bF6VFb1VKGKAEKjoo18U6kJw="}},"F7hDnQFMKWh1CV/hU2coPyha4ZOirs0Yn1TDCyv4fjA=":{"valueMac":{"type":"Buffer","data":"UdbxzY/uNxZ0qVrCExnNmD76Blg9WSTc83Wr33qw3O4="}},"GDZuWI1KcQLQ4qkVMpVY5nOdKJZadXO6Kxon6cHNiJ4=":{"valueMac":{"type":"Buffer","data":"e0IUJwn53kwPtGZ3Ayi2Td+SfXWTNQhNijom3VvCRfY="}},"GmD0GVh+zMxjnyfxvnRZxqqPF32xveC0j2J1gT+BUcM=":{"valueMac":{"type":"Buffer","data":"pEfT7QQ7x9FThJ5a5sXzY8Stf/1OiqSYDzWvSifQgaU="}},"HGX2vqnYYcKuMTFrgrB9mNOU4N6TWku2VS5t6VMUamI=":{"valueMac":{"type":"Buffer","data":"XHv500iIIDeUtSFwYsm2PoFLfniwBPT8N2w/dA6MNjw="}},"HNqYcRIFfw5H4rRQPufhVtY1wp0oUza5quqjWR9Bzv4=":{"valueMac":{"type":"Buffer","data":"Hs8viZSwW/4bNpDeVwOhOOO+7C4Zz4Uo82mMukzEfxI="}},"IXdp9LbYTkbLmit1q7d7smlY/RghiInGkZjD1x9J0qQ=":{"valueMac":{"type":"Buffer","data":"mJoaJd/B+ZAO2hnArSFrxvclzhDd0ppwVm6PyrBGunI="}},"Ilm3lDjnDZp9wpZ5p3iX29fbNMZpXqUaMv9AcKn9ZjE=":{"valueMac":{"type":"Buffer","data":"pSwCQ3wsix/kWJao6JI50ldGpV/pRcTik3lQS4paEZI="}},"Iy+ZY2bBW13nkcC5j+EBW6IklmkMOSlNQvdnd5xvvEc=":{"valueMac":{"type":"Buffer","data":"ZpYlsVVLsI5VGv+6uBVljT79Kx94QR7fNF0CqAyCcQI="}},"I8OcvDjuwxU+yr4Zp1BdE+uFp/Nr2hKLdkrMeaeuaZ0=":{"valueMac":{"type":"Buffer","data":"gIfw1mrXmkHjl8BQeU0KvKoCq6NsXMZSnhw/hREDyEY="}},"I9eFY7jUVCoqIEsC5nB7rAdNguZc7IwyVnhscxNV6ns=":{"valueMac":{"type":"Buffer","data":"e2x/IX/yoKfphQYVPaibqSMLxGKhgkNrLI31sRO6UBY="}},"JREaBpLw1gBIS7BwqU7QC+jxHMWqdvp9GgF9m7KnYvw=":{"valueMac":{"type":"Buffer","data":"1JM2AeMo4SqCqJgAcqZRyoX00E4gTCeU8Wnpj8jpNOE="}},"JarTTFzbBOg9FT2tUa4JcAeep70BmJNnjGF82EMZbdo=":{"valueMac":{"type":"Buffer","data":"D+tpqgAbVPSAeSH+GfDTDssuu19SObOTa8nS7HJ7O8w="}},"K2vlSPiRoSgOvJmTFLAmw6Tumwda94qdlddo5DbaZtk=":{"valueMac":{"type":"Buffer","data":"oWR7vnLVha06DSm4+6+L53M1IuHigFlNnOdlNvZUbio="}},"LqZ/14r4qxceeVhXmsf9TFajWjgmSByOPils8aTpYEc=":{"valueMac":{"type":"Buffer","data":"U/MOkokLIfbUKtPXHedLGH/lj+PPCU+QC2ljHgOyYzo="}},"MGnzPVBiipHu4ljnqU+f/8Yi1w+Y3+6/OSlGVyu0f+I=":{"valueMac":{"type":"Buffer","data":"RJdQiTLWUckCnL9lZvVnO/o6mHIOR4W22XHzUAOIlbA="}},"MICvKrTNV5oJH5/TxOqJ2p33sxFaLsK1nw+Q0J5BpNs=":{"valueMac":{"type":"Buffer","data":"51SgDRzOQcIXR0lRy+Dh+3CzLMMVZF15nt4cnfBhFT4="}},"MfdAC0K+wM/y3r2/rKaS5sMhfoaVazLGZH8qoeutoMU=":{"valueMac":{"type":"Buffer","data":"HsBLNnu3nESU5huUig5jPaReQAe45HPGpb2MRkn8AJk="}},"NMi2nQ0r490iOTUY2PZVROM8HU0QE8dbf+zLoliQhm8=":{"valueMac":{"type":"Buffer","data":"9YtqPKrJ5eNq13puftL6YFZ8orqHPXb9QFUIPc2rwdc="}},"NNbXtQDZMwwODlJWLXG2XfpRZZF8UWCNaALGtWSbDYM=":{"valueMac":{"type":"Buffer","data":"fKatOVz1WJyFsksaKPILO38/44Xc1Dl8gTNd0sgZsYw="}},"NOhbOBIAPQC/bU71zeRSkgVF7kAmqDgbkJ80oMBnQ7w=":{"valueMac":{"type":"Buffer","data":"Q7P+spBTAebZHG6doPajjdgVUBXHTNKxR0G/DoyTNzI="}},"NxTN8ldjE3QKAWfyickpH0E5zxzMC5bxoAf7tr7oZ5Y=":{"valueMac":{"type":"Buffer","data":"6XmXvMzw64Zf7KOnmKsnCuBJmI8wcrgCUqGdsRm5H6A="}},"N3cDU6MDDWSiMFbSqqZnxb1pSUzhg75eqSGvLId9ssI=":{"valueMac":{"type":"Buffer","data":"Y/tXwp0qzIwCl3ImcGM7L6J3+OLTeK5KK9x64PGeTr8="}},"OTRq2itr8xKHeN8KxiSbDIx7kJvvYw250H/H1X2638k=":{"valueMac":{"type":"Buffer","data":"ZZ1UwaPQX/GDswnbm4XCIrpH55v3NHEwRKbBwireWkk="}},"ObQWHNakk0/qGqoD6F4AFCiE3QoltH7H5GnTxELH78g=":{"valueMac":{"type":"Buffer","data":"ITcpuk+1uSTi4UIQiAvHEHEq2wQy2bH/AVKjwyrH1/4="}},"QSvbmKcwQBnJ5yphUCbdryO/13LKvXKV73m3COfd2XY=":{"valueMac":{"type":"Buffer","data":"xbTgvNzpx8BXQZUMcISO/liWXOu8uwSn2n/cZNLUdKA="}},"QtsnR02bndMAQDg4SDkGQDBzSv/6C8Sx1MClUBMqW2U=":{"valueMac":{"type":"Buffer","data":"nDhZJfcLqURvvYiPKCr4B43/qQ4dqp1iQ+Cx+sATYAU="}},"Qvb9kpR2evwDK44JzAf4l3Qu44WxZ9XY6OQlsvAuHzQ=":{"valueMac":{"type":"Buffer","data":"Cast4+Ohriri3jOMFIyFNgKXFIDwVWCWHjHJRsC8XZ0="}},"RVAqJCHhll4If28T7xCkSdhiXEfMVjojRBtEIiWBvSA=":{"valueMac":{"type":"Buffer","data":"ROz2G5/ZwSZAfHEYfJ11HKOLmzIT0d6xiv6hcaiuLVM="}},"RWbHslK6Dd+0cCzx88yzKxMDWOELSd+c5gZR3BW49OA=":{"valueMac":{"type":"Buffer","data":"KzgRGTX60jMvnVFLl9QvnB+ojT+vnO8b/4xHoVd4HGo="}},"Rg3+p/dONlxuafw/O8oZZHxHrk9IVOwBgQmYTGJsRx4=":{"valueMac":{"type":"Buffer","data":"msKIgQQBd/7+osLx6mSQ9eLXXMO1IRdoQYSFiODWM34="}},"SRL/nU4EcProgIEtB0Ztak8Z62nTkb35u/I4GhJrdco=":{"valueMac":{"type":"Buffer","data":"ovWIZWiP6Vef8PK7O+nPsH+Cr5iDN/KEd9RB4wPYJtA="}},"SYBDd9qtmGgIrce/ZLS5McRRRzTdggEbR3zLeHb+404=":{"valueMac":{"type":"Buffer","data":"PGa18/p2OyN0jF3AqKMUQ1UhzxDKzI4GfOa6TCIHIPc="}},"SnlE0oLRkt/1ozeV7jN7IaT3JqAzg1sCrvLWy8raYBo=":{"valueMac":{"type":"Buffer","data":"h19TWdJzmdn/BuBwe3jWv8RWhOMnwWjAVUzrR502Wlw="}},"TJM7KqF1GOUISNQAKZt6nz1tyef1i/6UYEFLBOvcnkw=":{"valueMac":{"type":"Buffer","data":"+MXKtAt0c0ikppUCsfc027+gg2F3LaFdmHq1F4I1O9I="}},"UB3T5txc2OoUeHE6PxU7Bb/mMqBWHSs24u5oy3FMcqc=":{"valueMac":{"type":"Buffer","data":"Ss5XVO6scPoHN0s9869kNsvXPkMYp7ras7y6XQwgpJg="}},"Uz/Gsj51cYeAAF90siiITfqFIsLhKcoQnyWEIFFZUpU=":{"valueMac":{"type":"Buffer","data":"amOU3pVViRqKXgL7LlG7xqLxxcSnGVLG+mxp3uHYtoc="}},"U9oMRitM9/O7hbjTJP7myuIdKuCJk8wwXZ+T0JF6JbE=":{"valueMac":{"type":"Buffer","data":"ExvqrgvGMV1/uqNK5MKYUr97OLQ5aazeujqxx88Mg44="}},"VDI02OpLZgGdYPJTLHoarI2vskQeDbODUIfwGrx7BuU=":{"valueMac":{"type":"Buffer","data":"cGM8DWykc8HB8e4XB00/EnKDKdi4gAmGmo5GUpDI1BY="}},"VIV4ni7bOGPYUJ23Tmaaxu7EYNbH3utnxA9OqkQEmos=":{"valueMac":{"type":"Buffer","data":"uoZlVM6WEaWbkxt3eEJH++ktPh46ooaHqEd06hQzagY="}},"VZKvo3Zy0TrEp4zOSW76Z/+EadR8iQQRh8itr2ikEd8=":{"valueMac":{"type":"Buffer","data":"5UUJpPGZcBkJEYbrdkkc8DRBZmP6ULL6lhkA9HvEDns="}},"VhZeXF4zPKQpaukvy9vDJwzNIJ3jhsJgp5uoSz3YUuw=":{"valueMac":{"type":"Buffer","data":"0Ja/s/oXqej4aT3xwd8ci/3TnR+1gjsCcqoEe68Wd5w="}},"VjpxWYcj8aO1lggX8j4v1wIx2cNyyxenpiWIU1Z0G7c=":{"valueMac":{"type":"Buffer","data":"XCECQDgnHewd3xjQqRWkblYtqQMadQQ1reZZrK9K3kM="}},"WY1TnahDwxnTqJGHSDAWTKaL1Xw4PuFX5SDoQqs8j20=":{"valueMac":{"type":"Buffer","data":"06dEbTVr8FcXWfztEftZRPN5S7D5+jBd1rSOJndPXTk="}},"XFyhKNH3PAq0BecCup0O4qwJMnwam5fotcD9vNzTFQE=":{"valueMac":{"type":"Buffer","data":"OuRXvqZYlNHySAFpN8YZuV2oseMXs0WC5XsP1Wp6URU="}},"XwLZnQr7Wy74d084vbAb7FmaK5ARUfljwOCmdjHGsAQ=":{"valueMac":{"type":"Buffer","data":"jaID6AlL1fcnfInkIi1m+jTBFLORIKqiY2xtYmCqEu4="}},"YO0aDs4XuqE8J4gcQ1ZstWQlnEJ3jZuQpm2xn1eR1B4=":{"valueMac":{"type":"Buffer","data":"FAT70f2U46RcNNIhxgecFFuxykhnLY+5mHWXb1V2SJM="}},"YdGbqNzIpJ0VgsW+1c+c56vCcEWdrnzRsU74XLawZHg=":{"valueMac":{"type":"Buffer","data":"9TkPbeXDcx7WyQlRv5ALgZnzlxsBhSnup2BFTYHrtmU="}},"YhQ/W5NHbhh6vgtdeDVZW9ADaFERHI7hXiKBxOtoVQg=":{"valueMac":{"type":"Buffer","data":"TKN4J7c7fkvsBYV5hV2OWfcNvnns5DmCGANZw91rHDI="}},"ZR1Uh8Wrb7huNJ8lkWAupZQpNaFd80tiGD3+maVGvWs=":{"valueMac":{"type":"Buffer","data":"7um/+yt+7klXLSJzsb99luRUiM9Ygymry1ETxv2z0Qk="}},"ZdWpE3HLfr19YmtnRgKcOaCDO2Vw4GSM75Vg+Gq+myg=":{"valueMac":{"type":"Buffer","data":"L78zg9jUxnG040y6j77M4all6aovvxnGglYcWwiif1k="}},"aaLOCW++pMzgfQLrt+RW6ZvH4PbNcroftXl4g/BDFT8=":{"valueMac":{"type":"Buffer","data":"ZZy4g3VU+n/mxVn71TY+pDozPwh8Vx87f3sgm8uCVLY="}},"auAevqiqE30ksyd+BYt0Om8YwvQObpVQAoGagobcvBw=":{"valueMac":{"type":"Buffer","data":"Nd1uhFhBNISpZStj3pcPSc13iUnSWaWwUXhysQgEGkM="}},"bAGJpubIzH9QTzpYtQ+kbIGFg/2F+IjEEGQwc3ahLdw=":{"valueMac":{"type":"Buffer","data":"PJcqJL2COzGCUrC98dYUsl4LlVe0TvIr0RTDLwpi9U8="}},"bG0E/+FT0Y4nxg+6ZrNVsB08bjdIc2z9PSeCNdi1Fl4=":{"valueMac":{"type":"Buffer","data":"Ds1eDJyeu5sdrbLJ493Vzn6Aoy5XmPurPOUExrhRJlI="}},"bP1YhsZaGDbhKMyPBOe6Q/1HFDeJO3SGlp78emz7W4A=":{"valueMac":{"type":"Buffer","data":"OfsW4c4G+yMtyHxznuiow1xc5Lx1vCED1gu0k2VWO6k="}},"bbLfHpkAjBfUs7tgu8XQkz3NJUpTtcRG9YhlY0hcP9A=":{"valueMac":{"type":"Buffer","data":"QyIuXVjjeYxKnEnVu/F1a/Qo9oupx0SfggDcalEwXl0="}},"bmn1h6ul2EkqigPSzV1GEUH1IJai+pzmYRpDpEd4bnU=":{"valueMac":{"type":"Buffer","data":"rhKCuho7QivWx2EErdOkd0q8T9yGrgOpc8Uuo91Phws="}},"b7h8VVOr0lwRR2KliJnVykE9RP3inL7iVVMPOT26ajo=":{"valueMac":{"type":"Buffer","data":"K/YHtDW0yCSn7ipcyjvEUgfkLUD0M50rENU+Rkl5ZiI="}},"cP3eD6NPpx+vrpnEXAkXa07ygFDh+ORdVX4rAgal+gw=":{"valueMac":{"type":"Buffer","data":"1O5HoQlvP13dfjnNcsjd15u2gWsUnEOaNlBSfTQ/dcY="}},"ckviwn8iXYkrAn2HQ8HvhsL155DmjadZPmkPUQt52y8=":{"valueMac":{"type":"Buffer","data":"vdazL/ogHQSf1jNWYLIXFt10xC3aIWhr3DZaAOiU7P4="}},"dphZ3R86q+7VOVWv/3OeW4D2m/1lPPWY2HPzRKo8aVg=":{"valueMac":{"type":"Buffer","data":"0TXmiW7wWkNpZ1jhrckFHUCSfA2+IsWUWrdgMt8kHug="}},"drBHvphtSGi5uuGxRnNsXy893fcTnb18VEjveQ1PJuk=":{"valueMac":{"type":"Buffer","data":"/lw4pdEsk4TUdLTwA2PZfCo3pM9CCjv3Oi6PKSXKucg="}},"duBZxGsy+nDX8/i1/FLqAySpgwUXLb79dDHXGfNr8G8=":{"valueMac":{"type":"Buffer","data":"M0XVW9tySoiAfLbrAfACFQMjnSkw0p1uvDOjZvB384k="}},"eca5hNi+Tylyt6HLnzV+AQwaiDUSyq5USHqkLEmtXpM=":{"valueMac":{"type":"Buffer","data":"KDEybU68KbsUrL93iEMRVHN3jbh5Cystb62Xgi1YKlk="}},"epKMuJ6Siu+qwD7E1uy3pG9nxi5ZKog0oD6PL/KZsHo=":{"valueMac":{"type":"Buffer","data":"vFx2s+ocVRFl6koRlytQ8pfjYFG4bDyjTGW9QwOsBSA="}},"erjxVxqG0vpvZj+x7vIkDqBTX22gwmPCi7TrFh078Ms=":{"valueMac":{"type":"Buffer","data":"RnPUbAjeiE4SHTQrGowJQ1kFBXHqR5zt2OUV0rD3BH0="}},"fUqjYXKeoIngz8G7SLNhyRf9NZNhEBIy1bkmR1JWZas=":{"valueMac":{"type":"Buffer","data":"OF1GUYoUU0EwAGPBEHC80ENGcJaiMYYtQarP7kh9p8U="}},"fjslS9RtFjJw7Sm+DBga812cp4MObjLygI95hzOkkNI=":{"valueMac":{"type":"Buffer","data":"SyWYAYf3FM2OIZL+h45mYThXxxJkDmIRCapUIQd6330="}},"f6bKnF6kHxXhhR8YzhpZA+vgkymF/r7/y4A8aGM/760=":{"valueMac":{"type":"Buffer","data":"/Web0roAWbsSvzCnaXAnwCWrfhanrWwzi7HmOH3fwdE="}},"f6mw5uIX8ssNhmgufKFiJf6QtFtTEv6YiieAk8ecb6M=":{"valueMac":{"type":"Buffer","data":"oSgVGaYSXOl0TdTwh5FaDk7qcvVsUdc4TzWH+TTEe/M="}},"f+zrbI+cfQggI+SnKOMfRNyl9YSDK0IUySo70gmsUsw=":{"valueMac":{"type":"Buffer","data":"Q6x84N84FOSsaoIltfQP8WLWfyulW9uZHIBIMqJeef4="}},"gJPwUF1psdfEgDHV9gzLvxhwLddpS/Vb52d4Nqyn1TY=":{"valueMac":{"type":"Buffer","data":"aZ/Dg37L029QquJyUSjZ9V2LdXw6jRw6ZEIA7QZOKh8="}},"gr+G9dk8PCkcRKAaRRKfjhNNYhqXMKPciTMJIPYZfHk=":{"valueMac":{"type":"Buffer","data":"e4miZ4o2NsaB4TcmeVuXzMw7deRJ5hBCKgBaKqHvYoE="}},"gudzcLun4esreZVyJ8FyynY3RykmYpwBCNN88f6p3dI=":{"valueMac":{"type":"Buffer","data":"RqCvwxd1dU1IeL5mnRta6bJ5E0vbrlfD/pUfXjmzs64="}},"hHJm08vI4KgI3qiLeQXZuTb+jpgR17NmguxlCRfeQWA=":{"valueMac":{"type":"Buffer","data":"dSGS26at6EkP6hulVB2TQ2O5HtUjPZ07IrTtBGb73mQ="}},"hIZVYeXfjKj9hMx/AnDf5ZyFt1uTZfLbjNmsyrcR2Js=":{"valueMac":{"type":"Buffer","data":"Gy+NcA4w5hNZCW/Ee689GUdOL8SVeED7VGNcKUj5lUE="}},"hJ/HlyM8SsozqP0xRFucGGXqkVCGpecjwShaVXHnUgw=":{"valueMac":{"type":"Buffer","data":"W5BN1AnUzyFPA0NeT9ajxBn/z+LezBGqy0obrEUWM2A="}},"iGahPaEZZE7FB+nS+Kp9F2bDdUTNlwWWT4HcrDImeGo=":{"valueMac":{"type":"Buffer","data":"aFqZqt9RdVM978aufOKQep4JeV3dTFrXOBNCRiMyfAw="}},"iTVQkaKm7As1mEecvZCzuCGxwkWRgNrWj0CS+6ue5L4=":{"valueMac":{"type":"Buffer","data":"p3LHYeRjrBjmoshaYcCokXyv3Jfcv6UeBikSpKllTrQ="}},"ikMSubR5L3WXygy05rG3wQlJ+Q2itVfGBaXO7ZMQacE=":{"valueMac":{"type":"Buffer","data":"TdCbWS40aD+3umzms5uIQTm+hycTlYDXI+aREmJmuIk="}},"i3koDAcyGW0L8qJjit3K8ZNMuDQwr9le4BmesCwsc4o=":{"valueMac":{"type":"Buffer","data":"HJoGqdn5LZfoj4FqY9WW2Z6TcFXHZJVbWFA+aRyvcYU="}},"jJaX1Z8YT24gNMWiNEFUl8l1ypW+NFDxu61W05a+FR0=":{"valueMac":{"type":"Buffer","data":"pshoD/c/1zzsaQSfxuEoVp2ze9A4Do53ow8KxPMviJk="}},"kKOsVXkI4WERjjepPt0I9dewl4HTz5lqKofHxVJNHiY=":{"valueMac":{"type":"Buffer","data":"KOYdOdnQ6L3MjMATpB1TC3y5BRXxzRpbjGGD+lQKPy4="}},"keg4vb+1eRgaJf/3CMeBQsVLfKVJDag6YXy2PtjuKSw=":{"valueMac":{"type":"Buffer","data":"aVXil51r4677lkFmV39lmbsLB+ISCgwHkBawjMkkH5A="}},"l0kSSk7fXVCJEFXDsCvsVN8oVnDtxHIzDqCtW6yYAxc=":{"valueMac":{"type":"Buffer","data":"JmZSwYt5NtVba/epCBUKNNkDTQ40mRGxg40z9vyReGA="}},"mRPG+mag3ncOBgQg97nTVXAxPeFuU2N7jKrVNpo4Y8g=":{"valueMac":{"type":"Buffer","data":"M1D+LZkByGOePat4S3hRG7to4ANoVkn7waDt68SZT8E="}},"mTbIVsl6IKRbTOnpJdGNpc77mKhT1cKu1TVKcv53/Kc=":{"valueMac":{"type":"Buffer","data":"Tle9h/f9c5qA7yF5IzumOj+mmj5cLwOn4ZO8uQWGwTU="}},"medCM44VXpqn3VvoUqcQRi3nlR7KbGS0W72ggp3yCI4=":{"valueMac":{"type":"Buffer","data":"tbFoQvb9ZmGR5lF5UUuONs5kFkT5fzzD+Ww4Bn9it2s="}},"mlr7fWunBzYB/6vs6bvCWXTr8rZfHp49ef0O4z7j9VY=":{"valueMac":{"type":"Buffer","data":"eAnGFcUxw6bOKvYBXagnRuDqxOSD3HRa8dRCTx+js7A="}},"mvmSGv0/J2tKEN0ne8IIroSHgtY2vEaukrRyGD/1ecA=":{"valueMac":{"type":"Buffer","data":"NJOZzIiE5s7YDL0KzMhYfjX3F0f0fzllHkPXUlXLea0="}},"mxQF6p+kqsgjPkXCm/wzGo8DYAJTuLufEldVGucGwuU=":{"valueMac":{"type":"Buffer","data":"XzBgsS0ZmdLpGm+Ryg255uJ5+givdUJ9AuSxPoLVwwU="}},"nA2GMdMNe9juxAP6M9DhMM1zJt1nnx3Fimz9XKApJAk=":{"valueMac":{"type":"Buffer","data":"692+SVtKJ0vQOfhnGsSs7mwwy5tA2ED7B1Aq5Bi4BD8="}},"nEsAyqhtkP02FMUF3WUj2oWeERlTETWGf7zdtz/Uvtg=":{"valueMac":{"type":"Buffer","data":"mOalyktPRvRWHutV1s6SiSV1i/GQ105qwpcMcukk4aw="}},"nTRQJWdPhMCV9d3s4/EemszRcapd2JjPdPnppXQCLCk=":{"valueMac":{"type":"Buffer","data":"sJ3BZ/MJ5PAlVAx12ePhkzjp9h+w2tKsGHjxysUUdAE="}},"nc8euUuZBSRPpQNUIN0mdHnSGNrix4vP8z064MTFqEg=":{"valueMac":{"type":"Buffer","data":"iFk2jasOqSZq5C8vCSv6sa5FBJ3pICLPD4Ey+KtTboE="}},"n3E0P+1/qSQ3ZUSHQiHES/gxP6lJAFuGtvrKe9DR9fA=":{"valueMac":{"type":"Buffer","data":"B0PgJdvguD8OQPAiI4c+fDHaJjkJTLJHAyKFh4vTEic="}},"oGT4ECKQyutl4R2rCTiP0w71S/9Kz90VToUOcz3Wpf0=":{"valueMac":{"type":"Buffer","data":"wXWaKBJ3DNYfQQGuMtuPP2ASYshLXY985RWU2kIlSKs="}},"onaRTrTxv1Gh650PIudzGB0AWCHcpOlE9z0RTgzSYek=":{"valueMac":{"type":"Buffer","data":"XJWDUf60ny9YEvSDrM/JXRh5vI91LohKSuKwFJCjRNE="}},"or8amu9m+5oVel/S37hVZh+LBh1piFWHgRG5FykhxVU=":{"valueMac":{"type":"Buffer","data":"EiCd7RTT8A/IBibJBQfQt7Eq4eZDcLp5AsEpqTo/rRI="}},"p0RfNuZGOxxYzPfpEwh99MN4FTSf9ttyxHrM5XOjT08=":{"valueMac":{"type":"Buffer","data":"0f1MWYIetjHZWQ5ldqhG3Zy8M6eg0zsIYg2f3GndzRk="}},"p9bU+O1R5QbqZ17gBj0QTDWKTPjNAir2A5GoJTjnpR0=":{"valueMac":{"type":"Buffer","data":"c3eEkoDvb+6/6c8vl1P+B/ALwo2/+RtnAqXRLFIhDDQ="}},"qhhg/gn8FknmBPDeQqoQ1Mzr6TgXFANCNnyQV5jNEk0=":{"valueMac":{"type":"Buffer","data":"UZPWl4AyzdcPUMKYnYJtMraz6hIvVIsy7zGlqZyCYiw="}},"rOnhLQmjkQptgPtpDumrpnVKN4emukericRDAANPSKA=":{"valueMac":{"type":"Buffer","data":"YRfOVuGkF9QT6d0i95ssxFT0JWUk3zzDD1bkyBegA/0="}},"rcmRHCWSA9u+rAaDFbnnM6mL1uqE3uhdVCCF/G6SC+Q=":{"valueMac":{"type":"Buffer","data":"R79bR1izSECDuXiEjftBoigchM1Y/IbYFhqy7DIIjaA="}},"sLAalONFPpRp6FWdldz3qmmKoJgKqw68PnDt+dOwG6Q=":{"valueMac":{"type":"Buffer","data":"TeX4zHZf6DCF26eM4cRHKyW80Afkxrf9uRJLn7vS2/E="}},"sjzON5BkWUah7bKt5SY5hJRkpmLXOtXx8Km7Ielqrb0=":{"valueMac":{"type":"Buffer","data":"MOIVTA9BmSA75jsS7n5q8Mzqg2HjZzwy9+NZnGQbpyQ="}},"sjz26qvcLE7pvaN1VIHFAcF5uJ2MbMQI5lEFa5aH9qQ=":{"valueMac":{"type":"Buffer","data":"z1yTCNEsDhrqcUcA4Vg1bhWjMNQHeDpjznfrLiXkmVo="}},"s6dw39nj1tbze+kKLhVQ2JWMCn9JnKTkckU0H6hJaq4=":{"valueMac":{"type":"Buffer","data":"Qkx/bBaZUk95OohUtbT+gclhMq3VklXUBbPo6PmGFog="}},"s/i2h7yWtpP9XVnEmd6At944s1+Q0Dr9KPLgkYVBE+M=":{"valueMac":{"type":"Buffer","data":"HVRmZ3oArNeG5mlzmzOh8IthyBbrQE501jaGmz/bVHM="}},"tAyWqRP2k/5VkgwGRoWDcbiR7bo/Cr4lG5pCU5ZYHJE=":{"valueMac":{"type":"Buffer","data":"D/8AtkILVMEwngPPxZQb0aGXKQndSkSEEWK/kFEyYZQ="}},"tEU7JQQNrtLjZ1+yVk1VMAIxNXX90QON0vS17y83gTs=":{"valueMac":{"type":"Buffer","data":"D+4ijcc8b7zceWDoafXi+vPBSbhByx5aFgm0M7Q9XDY="}},"tpnQchUp84arVyAaZmjp5fhTc+s4z26R26FpYiIvus8=":{"valueMac":{"type":"Buffer","data":"9V6IJma8MmTSGV2CDHSaDfkYnPyzgsf0MJNxyZmNoag="}},"uDi0+xSLmc1hytneWDStGPqjCGBZaot3ya3iakc9Ccs=":{"valueMac":{"type":"Buffer","data":"GEl6fhJugyge1gmB33/fluMGOZdLGps7mHVWrMBcEDg="}},"uDoAEIMNdKJmtzDsHovKcdw1VjedzGvdi4RL4K9eTBo=":{"valueMac":{"type":"Buffer","data":"OlFdeArNB7fE3/L5zb4Pt5SOpDDiAexYcrwqPee3TS0="}},"uEbvjaTMO0GW99sDeeeSAyWnrr9wtPlM6AsqUKcGHSY=":{"valueMac":{"type":"Buffer","data":"mKDL5UmkGYEmr6aiB+oKR7pc4/JOPhdFkSovsUDdaqo="}},"uwCkof989QVG+rpm84oVaqT008mbRc40NLysf1I1OGU=":{"valueMac":{"type":"Buffer","data":"NZ+0WOyj44Kc5idNL1jruYVk/R1i3mFKhVB60SKri54="}},"u4LUYacHTfLxsqdYwUudDSVyQjuQmUnYIL2YsLvZx3Q=":{"valueMac":{"type":"Buffer","data":"cKezde+bt7AOAYCdcKlrNd7kdEsb9XrJ+5kq8ge06Yk="}},"vVZ6cOhWPIKyfKpZiZTPIJ6e5Lk/0g8u7DlXfoJyomo=":{"valueMac":{"type":"Buffer","data":"p+Sf+UUVUa/r6JQoiab60n+q19nP02v3Z6HhroDFUkY="}},"vhj46lsY3R+OWipZ1thripCU30ZQcEQgBWbM/amM+aU=":{"valueMac":{"type":"Buffer","data":"r81gZqZHQxg1gdxbeET5CdagquQA3C5zXOininsR650="}},"w6SgRMrZYPXjo7lglwRVof7g26KJxgqd74WrYHy+fM4=":{"valueMac":{"type":"Buffer","data":"Qbdrzhi0UiaKXetcICk4znrkpG3OqwjfnIUsA1uTRKk="}},"xKA6Dq/+C6VK3/i7QfED6mHU7EL42BzZU+4CJKm1xyU=":{"valueMac":{"type":"Buffer","data":"bgswNCfYr9neeAqO5os7lnOK3RhNLM2Ovhwfbck00/g="}},"xKkWbFQ7/oLtRgM43MZc+w12fI9r9TlCtb+gxjEVdhw=":{"valueMac":{"type":"Buffer","data":"PdvfbOfU2+XmN5IytmCiy0p+aZ7CHlvIBKjgVHAlhrk="}},"xg3xHXRfvz0bCBhZBOBz/gLSUc2nEL0t6HPavT5eOPw=":{"valueMac":{"type":"Buffer","data":"CqF+QVaS8Gb3yulbfOiuzscL5900FlqGJm21tA2ifAk="}},"xnfJzdQzqLd2euvW+tXlO6FYP04CEvhmFdAmIYESHII=":{"valueMac":{"type":"Buffer","data":"PmozZzs6S6QWcBR9eS2IaOq86zHG/yRZ7LgrJKhbo4k="}},"xy0sgi0lZ8MABss7oOo0TjDQK8d7qxOpSF85fetkhfA=":{"valueMac":{"type":"Buffer","data":"eal0QVzEzKq4HPX5Lo1E9GR9iYHOXabJhsJE23+Gkj0="}},"yQwqV3+mCpekYhdSJOViqBqBiaA7qUSxMriWSzfJt88=":{"valueMac":{"type":"Buffer","data":"CY7HMt/tt6GasZie9xl8vLbDJqtiHDXW0JWw+59Q+iw="}},"zEGumU6CNSR3WQPIvWXkOAPMWO4Xlj3+0HIZ/OrpEm0=":{"valueMac":{"type":"Buffer","data":"Ev4l7SOVe/HV+hZegUuuK8mB5ozaQgnvU9f96Mb8i64="}},"zlh9+4bwg+zZOitYarmiDmyzEpwKzbqrRoQwX+hnfUs=":{"valueMac":{"type":"Buffer","data":"QGeMWu+XBBcauU8NPEgNL4mewx79To/nbT+Hpwdb0Pw="}},"zmGYPZcb0rlomQ6dORdK4Bg+vPiZmGB2266ZBs4yXLU=":{"valueMac":{"type":"Buffer","data":"jSTFyhROb7sTuieJzwMIkK3RZcW/eYn6kfpj6dTYGPw="}},"0FtFwY2GfyUJ7qCsA4Tj/C2fgCm1sGmWgsGb9Pa1nXA=":{"valueMac":{"type":"Buffer","data":"16jiWhTLMDqkBq2MWNF2mvJ9He3jtAjUY5iejrml8jo="}},"0ydf5Lso5CEuFM1Tlc48r34w0wiWz7xEhJNVs60anpI=":{"valueMac":{"type":"Buffer","data":"PRG3XiSHHSeO+U7gYlu3DaUOosqRvCNuWECOF5+lllM="}},"1LLy94oTyffAXN0Xat62zEaFVHnPHw4ZIYiI+iGoAcs=":{"valueMac":{"type":"Buffer","data":"d8/IY5pb5Ohsr5mXtyaU+stocMXlxHe8cE7bUnQsDRM="}},"1SQlHG1WN0SPn85GEfq3M48v+MOkld7aQ2dcLGZxxM8=":{"valueMac":{"type":"Buffer","data":"ge0daVYqNIRw9m/4/9gO+riEFtSf+BMEIEJxpxMTkQ4="}},"1VF5IstKwLMSKYaELf4n0F5j90bqrcGvg7Mm6HS7cEc=":{"valueMac":{"type":"Buffer","data":"yOJbs2/kJoFrwNJpGHusR2nLvyDdQMUK+0Nnb2nYV60="}},"1kw/5/GxFSzgCvwPp0RAQv6/ejU5RavR1C97AVC2QUc=":{"valueMac":{"type":"Buffer","data":"gtRMwZo7wh0GzYN/F1oqzW2SeuM3j9HS2BaHQeNKVfg="}},"2A9eIU8nY4wyPTdqVfDi/b8zRMmU0YMXKb37To4ZFo0=":{"valueMac":{"type":"Buffer","data":"sGOf/jrMg7wWjIJAB8W2Clfsbk2lcE3BSUHzb6cAnsA="}},"2GwojR57bwLKHz11PlQCmKE9nItnTFNAfg84MLElZBU=":{"valueMac":{"type":"Buffer","data":"0tGl2Nqh/aEtK+yqpW8RXyHD9F7xmJLh1Ha+03lCyzM="}},"2Jp0nZxC+gYgpSdtr9r9aMTkV7VO4fFZzI1KB7h8+zs=":{"valueMac":{"type":"Buffer","data":"MvuC3nXhFub5RggoWTsLSGb1CFWMEl5uDyLOdkokNSA="}},"2M1N22SXeX3uQNq+a+Lb8mJ871gDW72Z2LqIDUa98gE=":{"valueMac":{"type":"Buffer","data":"LmTmGx1j8EgZs1pLuv4tlZYND9K0N5lkPMbJroZD2wg="}},"3GFp2TX+mW/RKSEGwWU6cpQQ99jgNK6T98uKNv8LqwE=":{"valueMac":{"type":"Buffer","data":"S2cB9RPb7oT82naEzAVekKqmwf0/Es0adfFYV+ZV8X4="}},"3MvR+nnXaKQfJZzl4K8caRfmgCZqE9saiJ+/TDV8zgs=":{"valueMac":{"type":"Buffer","data":"9knQaVrv3kQ64afjunu8LuWTNImmWhYgBo4mhMi+PA4="}},"3d3HxIux0tLdpJu9zCCDG5JsOkmglD9SJLrjb2clVNA=":{"valueMac":{"type":"Buffer","data":"N8D3YcRFIhIsslGC384groGwZQmzNnhaYx0FcrHOWFY="}},"4V6QlYavTQAT7zV1vP2hZyVrkq2SAAuj71c7XvIvpRs=":{"valueMac":{"type":"Buffer","data":"cRyBFWGkjVNuaAG0/znkl1V8lQwxfI+9JmWU5xbm1dc="}},"4ZxcTswRzo5LwweaZR+l3BgY7XfeoWyZOyQKqJxR9jE=":{"valueMac":{"type":"Buffer","data":"hWbkrhn9Vnz807zc49ftTx+hNVD7V7dD+UsRSuriiFE="}},"4wsos9gcI2UT5o4ffLnhb21Qv93uRpHP6RLtCgBew3k=":{"valueMac":{"type":"Buffer","data":"bYYSTo7ilgfVBgSmAlk9xQIbnoKsFW6xcnVweTqGwqM="}},"44C1DPr+oBtZuetyCjj7PruyqoOPPKI1xUgh2691v0A=":{"valueMac":{"type":"Buffer","data":"sHChbQxCx3ohU0ePZxnRkwRo1DOgWtpqPBc60kBVss8="}},"4+XiTMEhxKNrFgp9Oa/JMPTvMbxyL+S5c3TYGxDPtP0=":{"valueMac":{"type":"Buffer","data":"XltxVeE8FqNTUZ4sRK8rveXlEnhFECXgrbkg9hqFxNE="}},"5n+BYj0DYKFxQBLRFRd7sX9+SG1INh4tDuBOmFhkhSI=":{"valueMac":{"type":"Buffer","data":"3Yi7yp/6E9ty8WlmxpVBlPSoAdBZ+RNb4Nsxr+gvciQ="}},"6+RdNVdaakJnKm8q3zTefoBGzQ/m3yzmjFqTHxS7GTI=":{"valueMac":{"type":"Buffer","data":"k1fdflh9pVhQDnQslK1++EtNTXdQJnOeW98RF/47O74="}},"7YXWeMPvkfbGbtx3cC34y0DUzsphO+ttPHURIuEXxrE=":{"valueMac":{"type":"Buffer","data":"Pw0rNfIEsl2TiZQ7K9+6+kUYY3BpjYzc4IlVe7I2LQw="}},"74XmHCrCvxbwjuiKZLf9sUwvf6NaP1BFytw0VBevt4w=":{"valueMac":{"type":"Buffer","data":"4rJ+V812dB919JAiL/EK2hVsSE0BUopgbdScmMmW+C8="}},"8HVT0NmR80nBZzDJDSeQSQ1qPiP2p00Cvx9v9S5XJ3M=":{"valueMac":{"type":"Buffer","data":"Tk3VsGdAW2kG/euesQzo2hj3TDgq1Qz1AfFJi080CLk="}},"9DDwR742Q+aPaIfiO9DyZldJRMK5RbIwPckxiztr9tg=":{"valueMac":{"type":"Buffer","data":"IEMVvgREptVIaXXhWZkDMOg7XflckV8bD9z7mjfM7oM="}},"9K0NM2nr73uauxyHPn/lqUoMVrUKoBf8aNbwa/pyNBs=":{"valueMac":{"type":"Buffer","data":"BFz/cP5iqmywM39ot9D1U8GQx6s5ZiV+pQZH/ECGK7Y="}},"96bpMPnxEw9a51xC0kPkWBk7PwNjvJmz5ShuVWVOHvg=":{"valueMac":{"type":"Buffer","data":"F87Yzb6qv25okYvlVPaGgeSpwfDm0RR6CqPTku1T7xc="}},"+UQLsRipkZlJGpExdkDPLMnZPsnVA1ctfmpsJEv1QBU=":{"valueMac":{"type":"Buffer","data":"PjuYXDp0PzWodiu9RzWu3Ihu6iZZg7u4qY1iZnDBPyE="}},"+pgH0uEKmjmLB0qVqKHOevr0RdEAeylSIDJaf4s9JB8=":{"valueMac":{"type":"Buffer","data":"xlhnZ/EYVEYS1MPE/LDzmkW685G8TIAxFkWyTgaWcgU="}},"+0SxjRTrKgiNGhTYktEdKqP0jqvoZZTxy1XfH3SHFBw=":{"valueMac":{"type":"Buffer","data":"q9d1qYipO13qmLxUQmumpNK+FTpsZ9MlfTmOVNAcEQM="}},"/B6cEH4sISdL8w/FcIWfvFWj62cWTyzVm29SU2zgV+s=":{"valueMac":{"type":"Buffer","data":"s4cEYawobK3Dy+vTlmjaKgsTC5X27eZf68Lx7tnHNrQ="}},"/1ZNASVEc6GslYqP0pQR/pmm/5tFl/G6O6R4IoOmfIs=":{"valueMac":{"type":"Buffer","data":"NpjylC+d9Nm17YJuy96WYGSda85Adfg3ee6Poy7L9oE="}},"/8D2ERs92pldLQpIjRlLzTFlz+8eLX3JcmHFsv835yY=":{"valueMac":{"type":"Buffer","data":"1ISOmNS5xnpGVG381jN1T6FGl1w6MVxQ7EZq1CdmrRs="}},"buL0+t/3yh6/a2lvFwswxwaQNGVZ63rvbttEhgSa9jE=":{"valueMac":{"type":"Buffer","data":"8RW1VLmmCi/Rp50C7zJ1DW1iy7MFsyq7O1eEo9U36eU="}},"ya9opxYmTy3GxHz2J0ldIkqfSg6u35DshwJFH0CnsQA=":{"valueMac":{"type":"Buffer","data":"eoDNzHtenKQt8UXy4h04YUpKdItxDFvr8EL/CoqIrjk="}},"p+1S4G8dw/rx0BNltVV1g40CgqhJzxrElm2TQdiNF7g=":{"valueMac":{"type":"Buffer","data":"PfU5TlWc8nmm4Fb6Bu5VE6/jYjjKlRgz0jieXRnJv2U="}},"Q2M/nGfg/JoYCmLJUz1ppuTknDhm2fYIjNy0ftok6y4=":{"valueMac":{"type":"Buffer","data":"zn42JBttoPquYuTj+/RhxLsYJBI5B1FMYOD7iIl/FqM="}},"yjQALfmI3T7k6W0ynoGBynHwddumwV0rXlw4dsrUhUc=":{"valueMac":{"type":"Buffer","data":"slum/iS/03ZfmHCk+QIHbwj7QsZzusH/Fr07VcVDmCQ="}},"++ohZLgeK6QEmQ8I3cPc+5o0dnJeuDEYqNzBHuQn2PY=":{"valueMac":{"type":"Buffer","data":"upduqmlvsASAW9ZcBMZZswwZpp0gM18Hk6+kSqlIqOY="}},"VYt1oPm5wArK6i5KXN5TkfJn/K1h9E41dlQeCtIKK+c=":{"valueMac":{"type":"Buffer","data":"nVrWEmVmDzjYc+4uIx3dS1EbECKZ+e+wZZLYvxJBglA="}},"q0I/yl9MqdL9WX5AnC09Azo/PMFCtoGGIGiuTvjutm8=":{"valueMac":{"type":"Buffer","data":"mKkI+DUL9BdSTXEYn2w62M9kOp0xa9YQI/ihboBzoXs="}},"/1NVyELFBeZ9Em8RxQGFkDpvb2uqkpzrWeWJaAs1nts=":{"valueMac":{"type":"Buffer","data":"UKYxMPqVrSlP9WyIKBmP0qSU3F/+MrmzupC0C06boz8="}},"eNKzQigguIZUBziU1WNUN8UBNkCpfe42Ayv/t+iLS/Y=":{"valueMac":{"type":"Buffer","data":"bZUcuFzL0oVBI/or47pLqfsMAnqYi3A6DsRj5niVb3U="}},"hNSoiSKC/deCj2ASzmvUfXtZz1HoBIc35Dq7IeNE3mI=":{"valueMac":{"type":"Buffer","data":"PYIRPqNSPjxULpxlap/ZHYIO5xENGoyvorLRlgTUXOw="}},"nI8zDI2k6HLJpHppyBsREOt1SdcXv8T2JKDl678jykQ=":{"valueMac":{"type":"Buffer","data":"MAQdoHSkYoIPRktiH7Xm/KQi4vSIJ2Zagrt2+ePzm1E="}},"38wdY5opcT8QFQdvhdRVKekC8SuwpT7woIt+HRCWTMo=":{"valueMac":{"type":"Buffer","data":"1UXSJIoNe3bOLwH3HmdOMkd8oLxpujzY94/5ROOP1EE="}},"vuy959Qzr3NAfvswJOge5QnZFu77YnIjNzXg78KA4C8=":{"valueMac":{"type":"Buffer","data":"fn74yQoIjQeZH8hvuqMtOFZXDcq76Q+1CxFc9DODOhM="}},"dAE34s0fP7M/afVm+XAi+ddlBlualA3/wk1/mAewrz8=":{"valueMac":{"type":"Buffer","data":"Mu3hvDvHIQg3EufsAFyy9FN+IsEHCjfAPneKDSlNJ3E="}},"VPyqR+w5w21xsLmJrT9c/xcMhKGTtxcGfJq1FeADm7c=":{"valueMac":{"type":"Buffer","data":"1/JlF5EfKeGeAimOLBOZOpfd0cdpABmXKlRgXr6M45E="}},"IEyrNRk//QCHmresEDG+4GqMAPNynJmqHpIBBOp97cw=":{"valueMac":{"type":"Buffer","data":"DcOjO6nfxJATHCGRSbz0KkJTLqV2h/9CiaRWhZ4liFU="}},"Mp2biH6JYgEPwLO2WSfw4tG0SdLJhOQiVaMKM/BKg1s=":{"valueMac":{"type":"Buffer","data":"WD8NN66nkdAjSThfZTnJSk8uTi0x3kmJ4sF3UufvG9c="}},"FMaX4pkF/IJ0xnGYGUIRpOO3RvGfls+SWUogs1tFoWA=":{"valueMac":{"type":"Buffer","data":"bBF+RpFca1mb//dCJFTu1NDR6jP45OVXFz0EjRAting="}},"UsHJy5mHRWeirTlxdYSW7TsHT1G5eAJcXKSGRhF+hVU=":{"valueMac":{"type":"Buffer","data":"0sAxABL9SC19Ev4755DCCviNHk/7Bn/bdFzAvCTWyU4="}},"UjVulLE1ur2/TaVhIjqzvYrpd+NBKqVdsH+J6irl1p8=":{"valueMac":{"type":"Buffer","data":"uq5cdLVbGd4fWgPQhRgLmQTwoIZd+y3yd7WtHWVa0Zk="}},"IM6Xml17QwdfgsWYV+Vq2LX7w0r6jQXLjkE4qgcvvhU=":{"valueMac":{"type":"Buffer","data":"7CsHycZhcErGIMsbYKMrqth6VJeiQw0CZDkm5pFkZ2Q="}},"Yc7KJf7rIB5tu6fqw0+yX6zhzXjK3MDkyVrjsQyOiz0=":{"valueMac":{"type":"Buffer","data":"mjk/9W6L9ldRFIG/bQ8rd6XL1tjNcfsGECYMC9TqAcU="}},"uzKe4WnxWeBNc7tIhf0ZTc62ObV7bto26x9DPimUv1g=":{"valueMac":{"type":"Buffer","data":"mzQVxITQwpBaqlRYFflvXknORsKGV91zu0T5rzyA9oI="}},"quHFoPrv1L6VQZd1Gtcja8Rv8bRWHUFhofimY/VzwC4=":{"valueMac":{"type":"Buffer","data":"HFCxw0VyV249y7zCnVQu/80qv1Q1kJu2ujLbR792rC4="}},"qxctWeRMLsTTActystg2pquo1XWTnWg+vyg500dQOPw=":{"valueMac":{"type":"Buffer","data":"QS3M4ycEAqIWk0hkCyiZ7ew9p+Drr3fQTyIdGSKuPk0="}},"O+ytSbmwbWddzJak4AdE2Tm39Th11cUDbHntZIpPUus=":{"valueMac":{"type":"Buffer","data":"/QbtmRI2P/0lRyF2uoNPXirpk7Kz1tfsDtijPFY/VNg="}},"tERvVjMahziarKODsyWP2o57oQxqdNLU13i1FwAagVA=":{"valueMac":{"type":"Buffer","data":"f8gHohwJ/SGILQdzBqgYRw2A/Ym6N8No395YrKvjuto="}},"MPdkSzgwAZb6lnDJCWfkjSN53s3NUBciHCQPdHtLPjg=":{"valueMac":{"type":"Buffer","data":"BDvULfuo8IZBDPQANv9tEHc9GZdm6/Ras96J5VmSXrk="}},"GfEjsTKelmzVAlgiiVpsPHnd9Z/u+rBRHW+wTgP8RHo=":{"valueMac":{"type":"Buffer","data":"l+t2WNYxecJJFY67DqMA3o5h9DHNnFJxkZgjd0wmnXw="}},"r7AZ9zBu/QtaFEi7lxtyJodB5P6BQsUiGRPopxg6Gq4=":{"valueMac":{"type":"Buffer","data":"DAwI+R8if917yrK+5h/ZDWqQHme5e8wIUMJbInKgRGA="}},"DLIWttNWtTybMmyUOhErCNV/NrBcVmmof0HHCkrRnVc=":{"valueMac":{"type":"Buffer","data":"ABgXnPSIBQvtusj+gC+vUQVKGxEEICnYC/N/8OFLjIs="}},"z/ZgjDU91x5Mv0i9IuMi0mmi4wtbd+ua4JKz2GHsr+s=":{"valueMac":{"type":"Buffer","data":"va48WmajNmn7Zxf9Bb2KYWusCRSnoISwQG2W2gMpRU8="}},"P7XyON6BF6D0WbRNTPQcwQOxKV1GQgjuxm67aZ/jdDY=":{"valueMac":{"type":"Buffer","data":"NlmKh/5DSR6RzUv1U2If/WiNc0qHy8xRbWO28gj0L2Q="}},"fhucGbV6zgC8Q70DcBv8046JJ2Qc92hcgbolHPA2Jks=":{"valueMac":{"type":"Buffer","data":"pcisKi9XaR/5J+SGUHdqfCGGs8Hv0hI8ttUgYmmvTGc="}},"TL3davsJ7srgWpC/HZ7jy7Oe+kOG+M6Uvtc1SFdx4es=":{"valueMac":{"type":"Buffer","data":"myy2JAeijQxOudUtzIPZYCsFYeBDIYLS6zexI5x+XuI="}},"LQb2b5Q09LO7HAXdfCcuJ/iLJOG8B207E8wFOjucTCY=":{"valueMac":{"type":"Buffer","data":"MQoWEuirIDCxFHthxsp4ANW5fw5/eBj+eI5v7JuMVYc="}},"XHGWlZwOpNZ9I7N3Ipz3Ej281baV96i5HHcqctCL+lk=":{"valueMac":{"type":"Buffer","data":"4qZzQ4clfl/Gl5E2vMQvnLgDTTI+n3doi8DO0nxWnyU="}},"banJH0R5YiYnYCYNWGBdoC1N9Ttt+7pG/NXtStDHNw0=":{"valueMac":{"type":"Buffer","data":"0FwDd/Oy0xrCrEzkZyTiHhjdsoN4GZlPduhb1ry/69E="}},"PKCb2caWS6y39N0wMYs3zajwEgYNl8Qn4XYF/x+36eM=":{"valueMac":{"type":"Buffer","data":"Zgc9QnokthzKAoJ9v8jl9OAWKzkTX3bXUClnS7P//wM="}},"i5CzITapOAvhIUzxquxRZ1pFCkx+bkmrdj9E4FxINQM=":{"valueMac":{"type":"Buffer","data":"HKjJBviLZAtPl53e85HaGTH8JYLEKQeMVBWhrIVJTfw="}},"lF+uemSID0nB5tcy0c6qrdnwXUeqcXy1jwKfuFsy+tg=":{"valueMac":{"type":"Buffer","data":"HzKCAz8HgR3MENT48eDXOSvassWIFjj8f49zOd3omQI="}},"J/zlABPmpjtmXmUPGyPGqyaE9oEcO3OllVQBA7yAwBY=":{"valueMac":{"type":"Buffer","data":"1RCzteOg1Zj3wQwU1IPxDMugg2+oIu7QM7el/nnw0DQ="}},"Lb0W9s/vzBgvLZ9gd7jx6gXmV2eL8bvG4ugU2k9Imds=":{"valueMac":{"type":"Buffer","data":"TLvn5iSSDGW9nEIMUUUQ4uO3gT60gD+BYH5XoEJsG4Y="}},"on2CAmU6kx+IVHZh0x7H3jCXLZdA3KW7bcP7mepRk/M=":{"valueMac":{"type":"Buffer","data":"tAIJEoluydAIF/B9CSSwRr1F5mL7Uug9mkLDM/zOQfA="}},"gmGJT+4PDo5eBOax8T51AEl0U82fNm5kTNWAnRnAF+c=":{"valueMac":{"type":"Buffer","data":"mJYBwo93bjWf+sLj0vFQ4IOovl6rR/eolZ2ZfPzWGXs="}},"JwhcP4vk9BS8z9n+7z7TIdSrLK3x9ivHbrsw+R2lH4E=":{"valueMac":{"type":"Buffer","data":"qt5wmnF9GvLK96iWF7ApjQA/6Id/fa1IzeM4qBv4u+E="}},"DF973vqovlOEoTj+q6xfhgmkrgh0oi6bBZgzXsMR8VI=":{"valueMac":{"type":"Buffer","data":"TFlOgu8CWuy8FVsSr9zQ8PlnuiEJGsGIBVN0REvNPFo="}}}}