{"version":57,"hash":{"type":"Buffer","data":"j2gSwnTTfPu81WJfN3F9LnndYxloty3Bz6Wm7VV5QqUUPyHZxsGq1SdA09xXKuUNu+/rdYBLEo5iX9Ya2pv3ZTg9HuKiy4+TsH9kaNI6GyOR1re/b3MrqgvxO7Y8nV5tE7zFpg1DlikhC2efyUg8y4Kp4vzBXA0EE8eyNv4AxN8="},"indexValueMap":{"AJG7QJJsE4JL+tjMndwwllDJw4pGzDzfhU/+sB7423s=":{"valueMac":{"type":"Buffer","data":"9rIzcUMc/kgrl1kEyAydTHrbCAcRpO+LmLDQLwmWsnY="}},"AVe0BKSTQkhK1DcLcLzLwxJG8HMnTOwclrwSgoVI2t8=":{"valueMac":{"type":"Buffer","data":"G2w6VqlfcaCXqMBAbC8ysvtgWEue3pQ8wLFc+ot5ASk="}},"BgQ1byxvp5jUq2Lk6dILXz5adXfYptWtXzbZb1ChtG4=":{"valueMac":{"type":"Buffer","data":"6pnyCgj6NVSZBgE2ScJnksWoOJNaaF25W9Zz20USeXE="}},"CP1YSJ2xlOa754TvfMHioHT9jCyGBbPOLYbsXbb2VGM=":{"valueMac":{"type":"Buffer","data":"v87CB+Qq4y1/zbmIuc9WVf7pIaSJk+RTkM0/KUMGe0U="}},"Cr4qoYL2tp+rat9WSlS8zWPVnTFrxICMvIYl2A/Ac6c=":{"valueMac":{"type":"Buffer","data":"TN9nUAIwnVG2DV+j6GBSJp7lCyZ/3uytzZMRno1A5/E="}},"D8sbKSqB8YL1fJAOcMO1FPp9+EZf8rUeglGzMeqG2ag=":{"valueMac":{"type":"Buffer","data":"t1LSCyzUC/ook9efQTCJp9737eOeGauvMofUP/Qs15Y="}},"FeWG1ZLQGKY1r/alNQoRFled7Cp7WlDB3ETcttD/sVA=":{"valueMac":{"type":"Buffer","data":"OoG48HGL1SdlMcna83xUA7NUJXWgEHJtHYL2B9eevyw="}},"IS6ZOEqTL3Vxo4AwW5+resRN7lpLVNJMybARPOJeA+o=":{"valueMac":{"type":"Buffer","data":"n+cAJ0/jqllFXSEn6NJlbZe3KV4SISxQsnjPRy33N/I="}},"JSK9dhcDoUOqTk3+lB26pmWl1jHXKKQFk+9JB85OwSI=":{"valueMac":{"type":"Buffer","data":"9d0juL9A83iCjcEf7lCOk8ojpNfNWQbPzL0BWr4cv6w="}},"JeESvstZYOet/bTQEpPQeMQq54MUBmGomr4TJEze+1I=":{"valueMac":{"type":"Buffer","data":"ulNG8i5I1OFAceasPDYPfdo8Cz1/AU4JKK9rpJ1Iel8="}},"KdmjHrCQyTFu1b8kzacYIjVa4b917xtAW0KrDdHqSiM=":{"valueMac":{"type":"Buffer","data":"u0TKTjOZVxGmsggEwz656/vp248wO575D5XcK+nQCQs="}},"Kxhczd3Mz/WpKkA+vwNKK9WRURehFnWxW4ytD9190wI=":{"valueMac":{"type":"Buffer","data":"HI3Ed+VSM+Kw2ZnUSJSrQigbqkH6ldVOiX1WOTw3LEE="}},"LUGIzE7llLRsbg7Wmd00MhdZPZogT6xjBbo6t8N04wY=":{"valueMac":{"type":"Buffer","data":"R5nOi+wJXFqdLRl6jTms2vNATJkVXSmsL9Ho3IPa+nk="}},"LU2t5yGA7q5e4M2SFIgqgSfN4lasS+38DU+2hCFBNrA=":{"valueMac":{"type":"Buffer","data":"bAiE1rI/GSXpE/4EQB9KuKAMRoKQMl4BHIegw1TpuO4="}},"Lvi1RRXWo95eO3UTqfcJgq48m8b77NBg/piXeO5W/VY=":{"valueMac":{"type":"Buffer","data":"53oddJldcFXoq6PUA/UPveXgLYSRnoT3Q/wThQ5Rit8="}},"MICvKrTNV5oJH5/TxOqJ2p33sxFaLsK1nw+Q0J5BpNs=":{"valueMac":{"type":"Buffer","data":"51SgDRzOQcIXR0lRy+Dh+3CzLMMVZF15nt4cnfBhFT4="}},"NaYbtgtKiJlncqgypIe3+nxT7H3MPj7d4xsuWvzwWzU=":{"valueMac":{"type":"Buffer","data":"f1ev167bJvRHktkh2/+IZiFAAGOVwtm/eqG1T2auUps="}},"O+OVUwBqgMCltoVWTe/m+aE9ENQayQNQCYTXwq2Uibc=":{"valueMac":{"type":"Buffer","data":"J/b3XgIheJcY8BcCthh4WYPO82ZvXsKn+V61VLsEv/g="}},"P0HSixT0oPV/oSwEuWZcQ7aU0BxEGJEns9Ubs+o1CZE=":{"valueMac":{"type":"Buffer","data":"FdBriXHSC3isTuFLBbsh3Yuo41eeHnpJh2X3sHWrj8c="}},"P2F7FDGsO3/JwveDyONT/cHhU5UUC/+nLgcmpRtYnow=":{"valueMac":{"type":"Buffer","data":"oNZZ4UbUwKXw489o91lNL6S2gzRW8XYReVjX5CSNWlg="}},"P/7zpLIAf6oSkmQxFb6RAHzE9dJ49Gt4dl0SwsLhbO8=":{"valueMac":{"type":"Buffer","data":"Rr5mCwEe3/IbsU0uP9oaDZVdogP9EbDfEqpOXNu1/cI="}},"QSvbmKcwQBnJ5yphUCbdryO/13LKvXKV73m3COfd2XY=":{"valueMac":{"type":"Buffer","data":"ouFlytMiM96UvTazLQ7E68yrSFH7wH+rGfbqcgiJp9g="}},"QXlStbLrn3uDOMMK/4x3va8igYwFbMpdoj83w2Yh+g0=":{"valueMac":{"type":"Buffer","data":"hOqtew/yzPFMT9KGXs3FHJZTaTcQm0usvNKDSyL4DtM="}},"QjY8d6bJqeprYwRO9ZabqkhQEYjWFyPznPf1aWLvm/U=":{"valueMac":{"type":"Buffer","data":"4F07TinNWCGSo8MlZ5kcTamCoIxULovV1oCGhK8Tb8Q="}},"RDkayQADEGrd4kGDr5zzOwRaZiFSaGNAray9mgvv6X8=":{"valueMac":{"type":"Buffer","data":"kC0DIjM/OejgreccMKWyaCmNfBdejJkn3hJUtZAo5Gk="}},"RZajLzMIRsqf3dhTGvwSXS3cglgxSdR5L8j/7gTR+2I=":{"valueMac":{"type":"Buffer","data":"73fWCTep46+l8zH0jvk7zBrA4i6iGawPKMyHTgP6zXA="}},"R0SGgSO4FQpK+kxzUY44vIORIdOamS7XUKCfvhf2wZU=":{"valueMac":{"type":"Buffer","data":"7wKj0lXsGfVDBfhxzTzGBiJoJgWFhBfqKdGyxmAmfi0="}},"TPKJBc9HJsE95Uv0i09bSC4i8D4PlSXYm8iV3dFo+EQ=":{"valueMac":{"type":"Buffer","data":"+CbjNcnngzagOmcv/eZSSA3GEBFg16H3o9mb9iQHEsw="}},"TehsZc6DNKkGk9vUvdvpKClYWi/F/19ezNvbQJ5rjSM=":{"valueMac":{"type":"Buffer","data":"3xHfQgWJH5fzzDbE864tIZcocpGWN2RVSObhND4VPfA="}},"UnPDjhWCCcY6HN37IbIpyQ1pGxHluRx0S0KSjBzAK9o=":{"valueMac":{"type":"Buffer","data":"CVZs5G3ZXRutqO/bTzrpntKiKu7X2x2NPepVoWMEMRI="}},"UvXaIQiglKcq1EmwXu8wxpxUndgd5LurvinmMJcWTYs=":{"valueMac":{"type":"Buffer","data":"3VAt2QvkO57jOD1ctX7Vx8SX1y+V7OXh7bRiLQ6GBEM="}},"U7WWtCl1iOGpGvmXHbKigd1s11hE4tMRM5XT0/Po8RU=":{"valueMac":{"type":"Buffer","data":"fpPHC3VBwa2WO47Gyez5dltpvA8fYLTMEtihc+CEbx8="}},"U9Fgh6ObvUW8m9MyBMsWAQvbOfLTaqz2/kmHgGUQ3l4=":{"valueMac":{"type":"Buffer","data":"sv6uxmKP9zmWi0BfSug8S5j+aHqWT+gu3+61JIjrghk="}},"V52LVRcE1bE01IeTrAy2wMaAjfPKOcMeA2H37COHzdU=":{"valueMac":{"type":"Buffer","data":"eTxGJmitMVSWJ/4rp/tXiRAf1zTgAieoiBnVUtT3w70="}},"Xv7UPnwwsNv1AnoBSAh2wq5IxPOni0kXJhmzqcUTWq8=":{"valueMac":{"type":"Buffer","data":"t9zFQe1y/69MtdGlRMM1YnbRdDlEOBpM/lCE2iuB0Lk="}},"XwLZnQr7Wy74d084vbAb7FmaK5ARUfljwOCmdjHGsAQ=":{"valueMac":{"type":"Buffer","data":"BzjuQGC2jWNBfMluM70vFLN0f2QB1fZbLHo/MeRJq9k="}},"X5TQOWDSc2Jf4RtFZYbj4gBAMlRIASzOF1lbgHP3JRA=":{"valueMac":{"type":"Buffer","data":"bLoKNSj1TxviCJK90Tp+NCYG3ChDCFAcAYMhQiIJeFM="}},"YcV5L+flDa0GAmdHsIXDWMWbF4nfZBaHQiBFV2+PPC4=":{"valueMac":{"type":"Buffer","data":"TFiHdZnK5XcHGOqctzN8M/Nnd3M3cC9NpWzpk00LZS4="}},"YnmX1n3u6eWt0gEBcNFN0Rah6j1ziMSLC7ZFv2UqeUo=":{"valueMac":{"type":"Buffer","data":"DeDMMpN5OnE1gHtlGaLp3Pk6ZLOQ4ONJG+r8/Q0hk+Y="}},"Yzlh44Q4hDrASqD9EoKlrcP0fQXnflemmfAJB38kilc=":{"valueMac":{"type":"Buffer","data":"MBEEpoj4sXIYTY7Nti+U1LVjWOccjyePXdlNdrj/l7w="}},"Y0vJTaab2C/2omF7RDMOJlz5qkVb0k6LvEajdp9UE3U=":{"valueMac":{"type":"Buffer","data":"N5ZqTF75AVNNxWUroucMpzdXQqpqYrK3eS9JFUqSypo="}},"Y+a8IWHdMSFAu3zmIPz0FfZnfF5gCdeBJr4msdlvhHc=":{"valueMac":{"type":"Buffer","data":"/zoaCkA1PAvdfvM8BxGUkM1Xi6IfJ3/9u2YUShALxCc="}},"ZuTZEDO3cxyvIUk+M+9C+L7C124iv71qDpKJT0tskTo=":{"valueMac":{"type":"Buffer","data":"A5+sxHH2q9oTCL1eyvfb1crtoz8usC/00WRuq6DbH04="}},"ad+upvlBVBZLp7nkzgrEmlAKiqwADG93ZebJycpt24M=":{"valueMac":{"type":"Buffer","data":"aF31oObhrYWLR4mYQHynaPSyaEX+YzZSdKGAYnGhrrw="}},"ae2fb+wCkkBkrgZrJB7C5tK/AERQOCZmxpLFxyHzrbc=":{"valueMac":{"type":"Buffer","data":"MlCgPw/95bOZu3MZ+Sb6RNocnAYJ6AjNwpRA6CKrPoo="}},"aiC5QnRIudswC5uw1sR8ZTMwBo09u3skD/QWIVE/mwg=":{"valueMac":{"type":"Buffer","data":"1mAbmw7gv3h9QaNxlyQJxgEiTZdL25Y+Uvo153FhULU="}},"avY8O94ChnUmjNYRXuBwRy+fxzrkvrOSvbuJVS9k3ks=":{"valueMac":{"type":"Buffer","data":"j56zBzGYoTXkEMV3pvqOmGDQKjAIpd0A6YIfwXnbwBM="}},"bt01dgvvAaZ5p3YQsPfvRs4PLNGTq4zxn497srCzC8A=":{"valueMac":{"type":"Buffer","data":"Hk/xSda9ypdWEL3ZhTkPlSkmPfqZf/rFvLv7Tx0dp9A="}},"b0v9VqN5eibCugFganhaiqzrSQQUZPiNd24Y68XhmAY=":{"valueMac":{"type":"Buffer","data":"eGjDubBvlg7AeBeUXRa0ud/6H2nfedYznXW1pMjZlCs="}},"b55XRmgRE5d/XQCDkQUfi/95UmQbuTpGS0DO6rgXAf4=":{"valueMac":{"type":"Buffer","data":"LbcCURdNVTXVbOiV5o0Sp0B5PI2aiWWWC0l5cex9bNs="}},"cP3eD6NPpx+vrpnEXAkXa07ygFDh+ORdVX4rAgal+gw=":{"valueMac":{"type":"Buffer","data":"1O5HoQlvP13dfjnNcsjd15u2gWsUnEOaNlBSfTQ/dcY="}},"cZVcRDvpmiGnzR2gixJC2g8iBbYpy4VcGSGK50zDE7M=":{"valueMac":{"type":"Buffer","data":"1ltSrAmC5T4herIp0AGqbvFh1D7/8lgg4qIa+eQQIC0="}},"c1O9uIjFUcT7eTp3GpXDfrcD3H6j7JMyXR0K6JXvVrw=":{"valueMac":{"type":"Buffer","data":"jgx2yGB7W5hSeYhNETyP9W8RCNpEjse4nRdFRcjZjx0="}},"didwAw9pb03t+z6qUJ6W768858m9Svry5yF2nUGB75o=":{"valueMac":{"type":"Buffer","data":"WlFQHWAdnmz4nIKwEecJzYSl/VZVrQV1Z1LIeIlXZeU="}},"d4JAAIfz3PC1EieB5FBovsu3484PVdeoyFkQO5KkT5Q=":{"valueMac":{"type":"Buffer","data":"4HAsroAwk9ckbe+ljjeN3JGV/6/deymk/T4tEZOIi0A="}},"ekX3oR6y6V63q/iZoJxFc+9YDLeS0HEEJcLp0OAPh1M=":{"valueMac":{"type":"Buffer","data":"Meh9lCRHGVGF7r8EWVInHQQcVnIg75wtD3cUJRdskPg="}},"e+eV+wx3bVztliuP2TwqDdtgq8B765XlIo2JUatDkBk=":{"valueMac":{"type":"Buffer","data":"dcnfLjP9O6WhWpPuKAQm5igXH7dW4KphGtZbARadiVk="}},"fUizzMS//wzUNAGqpz9JeiNmCt66M4T9Y+fNtDHq3bQ=":{"valueMac":{"type":"Buffer","data":"iZwgSCjLbW3gCs2+HwoJDC1dx6klpVpWmfV6/S6/dts="}},"fWYHfF0tdp6XxKqp4Xp8Tea6C8hsX9N20dc3DWPNvng=":{"valueMac":{"type":"Buffer","data":"JO+T8NjAHsPUav0lvuZSQ4IqNVtUUWxUIp5XTY5G3RQ="}},"fbUbjJVfnhbVGTEUzqfVB9839J1rvYObdK83NbycK90=":{"valueMac":{"type":"Buffer","data":"iXbwnjAcIzPjm0CKCUDlbg4JzsX0Frfq08HhRPPCXpE="}},"fhQXaLCTbYWi/SWVo331MoAqljwZB08jWzEWuSy8jTM=":{"valueMac":{"type":"Buffer","data":"dgSo/NC29k96iNiiPm6Si4xLf0zaUTPBcTOg+camkgk="}},"fjFW7VCPIzdOKjnxxaEQCXEtde6QHYB8C3sj9SSUWPM=":{"valueMac":{"type":"Buffer","data":"r/ttCSTzCWN5oukKPFBYmgIVv6hKrFi67MDt14SXd8A="}},"f+zrbI+cfQggI+SnKOMfRNyl9YSDK0IUySo70gmsUsw=":{"valueMac":{"type":"Buffer","data":"7jImw6rW5ze/D/0DcW41w2NcsfhKBTmvDKZBu3zXg9U="}},"gFtnHPAIsJMxYXFpb5IgRv2LuQdOzzBFha0mIjZ1EW4=":{"valueMac":{"type":"Buffer","data":"u0c1n7W4b/plo30jDFZ1qT/x6izei3U5XDrpBO1R6QQ="}},"gfHqqX4gNwYF6W22rRxM19z0WZtxC2/2rPUKbkMe4k4=":{"valueMac":{"type":"Buffer","data":"bMEieiRdNZs65DuC2kMEjtxhmcBTlqAwEqWJcGT3jn8="}},"gr+G9dk8PCkcRKAaRRKfjhNNYhqXMKPciTMJIPYZfHk=":{"valueMac":{"type":"Buffer","data":"x9CL0hSrz4IPK3qz2lsKiy+XV6fRmQTb800tpmdRYF0="}},"g8IPpfwBh+GB1kHyQCfVozoOLofDfiX0g+oCz/R17Sc=":{"valueMac":{"type":"Buffer","data":"TC2uKmc43+0l/pP6iCjWRxYVrX2UInH0T2kaAT+Jui8="}},"hkoyLDIWagDg+uFpfNumiIMbyXf9vRvMr0r3B+FsNoE=":{"valueMac":{"type":"Buffer","data":"BYPvFwSyw3TMtw6PDfxg5GZ9TKFwVf9aPVkXuI3dtBs="}},"irDC/yhcrGqPdy1NPJaBOkor1JmsEEs2d2bJhpl0PbM=":{"valueMac":{"type":"Buffer","data":"CUuDTMew7ZPQzB5SnDbYnJjndpwopy2N2hEbADBJF48="}},"jGGi0eYhlR76w9xmjBtMa/3EUTk73WcTQqg5A105woY=":{"valueMac":{"type":"Buffer","data":"J89605keQ38mZxx+3v3AZYFmswEOc4iv1iEZ4LchjT0="}},"jh2H0mm8WdagQk02blyj4OsvlDoZl2hYwjZneYG1i74=":{"valueMac":{"type":"Buffer","data":"LKvfQoJxAeP35QeTYTym2TxARB8cwjdQkmR0GFB4NzU="}},"jy+fnY2caz8FYPcAJ68PqZebBDzKxTlKUu+E9jU0fq8=":{"valueMac":{"type":"Buffer","data":"ouN69BZhq0TwO6ncW0RkziG0RzfQV59cuDvlPX4ZOIk="}},"j8Fvz2TOIItTb+qG2YndKLZBq6kTXPpIuCmUfSXRSks=":{"valueMac":{"type":"Buffer","data":"bY3MevWPC4eSvx62CPEHlAP5hjKx/8oMuC3guCRL9AI="}},"pq45c1S0HuTqECbqhNaR/rAi5HGQoHImi9hC/ZxH6Ks=":{"valueMac":{"type":"Buffer","data":"9kSUPFaW7sWbP6BvUZS6oQtDT21+j/uFAXEqrh4h2vE="}},"qDcjcUerw89raDQex9fq/IAVKENQRFv5AvMyUxIDOm0=":{"valueMac":{"type":"Buffer","data":"M1redgPfmX7i2A9kLb3v31pTifYJZU4GkaHnBl/Ea2Y="}},"qkP1fzl6yRbA5kiUlJmrVsT7xpFfTh32CO4zQi34XgE=":{"valueMac":{"type":"Buffer","data":"po+xBi52XgpdyoLJ4zkFK+alFWCj68yJUXLTNXfZTz8="}},"qwHs2EmqJW6r98wyHgTUozBkZNpPSY6pUVlOIFqDbVc=":{"valueMac":{"type":"Buffer","data":"pRUBy0CS0SHNYWLRMqU6O/hpJmJsahL6ETmnDD1+AsU="}},"rBslcnd59EQ64tkLEDkyGsU6eMuesH7mpVUQGfGTVUQ=":{"valueMac":{"type":"Buffer","data":"oN0rV8KWKRywACRHoHgVotnbIl1aOpgq/uNJRVtrGXE="}},"rH6w4A+b6lu2rFu9FJQokZLEi1oxoqStgVd/iM0PPY4=":{"valueMac":{"type":"Buffer","data":"vtAL4JOkcR8WVloZWYkZZO6/Dw1JXJRYi65YdplvYeg="}},"sHhD6eUBjYRqHtHPAkMWN5kV3yUSL92qfom1r8JJMsw=":{"valueMac":{"type":"Buffer","data":"n3rJO0PnQQiq54vE+WohsmMDIipDcRMJ6F4biopR0qM="}},"tfOiUO4Z1iKCh9+4NhWWBzRQrLm/RJtexSvGKeN/FTE=":{"valueMac":{"type":"Buffer","data":"H1Vhur1UIEvdqtxgllxJ3RVCDfRzBdPjSG8MR5KVTKU="}},"tpnQchUp84arVyAaZmjp5fhTc+s4z26R26FpYiIvus8=":{"valueMac":{"type":"Buffer","data":"4ivu7scYA8uynQ7iCZn8SZK00Cepwa/eoLK1Dvq/cwc="}},"umjkOGPteHYd2BgebG7gCi/pGdSTr8RbEKTKdi9CMYY=":{"valueMac":{"type":"Buffer","data":"KwBIdrxXC4t11j6DaVUwXuY4V/pJod6nQLaPEu0S80o="}},"unsXjkIP7TA2QnYmEXDkBmRNRpyOwStSWg8lY2LepuY=":{"valueMac":{"type":"Buffer","data":"PtKUdanoMUyV0SPykEVu65iSQTUwIWJ2zwooJAKY1qk="}},"uplT+JuuQqD8EJkCz094OK8mIftZ3rk69maJs2whw4o=":{"valueMac":{"type":"Buffer","data":"uW9VAYXO//3KOQNQSeRAviQKtqJPIYiZXFN0q02dSNc="}},"v2ZVDNDy9FOSS5wL4+8F5lN0qRFJuOMqpvAmaiADhwE=":{"valueMac":{"type":"Buffer","data":"nTkJ7GtcWwFqxStk1WhQbxtcw8eSyJeMcPFA/9y1AhI="}},"wYLZ1PWw0w4vJmBWIRaAdP+dSLn9HKv/SbxPn7KRIi8=":{"valueMac":{"type":"Buffer","data":"FroyyISq76WLp17hYD2xwGCKLOL28sxuQGhNWuYndNY="}},"xRkN/B3TEvw/T1PDxRcNm0OWTIWuYsqHkZorN0XrBSA=":{"valueMac":{"type":"Buffer","data":"KobcUU9uSyfggFZTiQBWEGmrnYwRRXP7tjICEfk2iaM="}},"yO9M9KpvHepYOlweBwNAqK0cFyRfW7SojkVk8lt6bf8=":{"valueMac":{"type":"Buffer","data":"/teE3gtMtnzksyBYIKtpRC3IUDAosKlROtvx+KWuVOw="}},"yPd7IlTDjMBDhTT3oMQfzkSDYRLXSyN9kBrdIN2eLLU=":{"valueMac":{"type":"Buffer","data":"R1O2QyN09qv+r6vWRGmqUH/qhyNc79hxUdPz1fxwXto="}},"1VF5IstKwLMSKYaELf4n0F5j90bqrcGvg7Mm6HS7cEc=":{"valueMac":{"type":"Buffer","data":"2zwEcSe/EjA6HYurwQU8mHsQ87lawkwAH1y+9m4a+1Q="}},"4ZxcTswRzo5LwweaZR+l3BgY7XfeoWyZOyQKqJxR9jE=":{"valueMac":{"type":"Buffer","data":"tnV6tiho9lZyKSxm8z0tcQy+ZRANXzKnz92EVF1x0EY="}},"4r8fdgFXebKVyOCTfVhD5KxhHDiOSWLgPl/sZAiQ1Ds=":{"valueMac":{"type":"Buffer","data":"mkc/oIbp3+KfztMtHL4yKgI3KEu+3Pugd/7JpMLokBA="}},"4+XiTMEhxKNrFgp9Oa/JMPTvMbxyL+S5c3TYGxDPtP0=":{"valueMac":{"type":"Buffer","data":"hhUSTvUKDl+K/Frk/NtQKQ5OoffIBMQzV7vLelh75zM="}},"5ygtVWXHw2Wkw63YYeXWuJNrDxrsws/Py3NdGseOcN8=":{"valueMac":{"type":"Buffer","data":"5xNR2Tg1IisXwr1KmY0TFnQ3DxJJNNoAoZ8UyXB5ReY="}},"6S0UXJrTkworUD0+SQlVGsC1RQ4xnEmQnPqUX9VvDUE=":{"valueMac":{"type":"Buffer","data":"m6mGHjWGY/kOdFfOO1Yahh14e5klafZ84Jwo67swbk0="}},"8kpO4/rzg29MCL14GzE+q5vx1+8YqzNj1IeA9zlkyPE=":{"valueMac":{"type":"Buffer","data":"JdMJJukwQKuBA3JVjymLyfT/68xqgBNE05EGj6Z70cI="}},"8q0tRupOmKAV1LPDwcs4K7LeJ9+J103uv1qON5d76EQ=":{"valueMac":{"type":"Buffer","data":"RWLWXC5JK9McFRoIDJS13qFr7stKCGT3MaUuQRnjA+k="}},"81ZG7+wSx6vvlw1TP2q7L6at7SUJvoe7hR1738EzZtw=":{"valueMac":{"type":"Buffer","data":"veZPLVo+qzHN04+4ZCcWzHFu8XPFvRrOxRwkT1K4Joc="}},"/oKszK5nL3jOWCUDTCB8IwUF0lFiEYxuQRph60SGLW0=":{"valueMac":{"type":"Buffer","data":"cm57HwULiLJaODJoam/dYv8jUrnq6/nb0z8sqxxoPgg="}},"/yNZVUM5s1HRYuBmKQ0jTzVHPZVhclKqWAGflkRCmkg=":{"valueMac":{"type":"Buffer","data":"M7OZS3brXQxZ3aDnwWW9jfPmaVslL59cszjrvPG3aA4="}},"/8D2ERs92pldLQpIjRlLzTFlz+8eLX3JcmHFsv835yY=":{"valueMac":{"type":"Buffer","data":"1ar4Ii4WChVhTcrAlD0BrCaMfobyqBJxEjXVlIprBT4="}},"IXdp9LbYTkbLmit1q7d7smlY/RghiInGkZjD1x9J0qQ=":{"valueMac":{"type":"Buffer","data":"mJoaJd/B+ZAO2hnArSFrxvclzhDd0ppwVm6PyrBGunI="}},"onaRTrTxv1Gh650PIudzGB0AWCHcpOlE9z0RTgzSYek=":{"valueMac":{"type":"Buffer","data":"7Z0KLfKCTUnLwrTx+ncibVjyLPcFU9IXSzpY/cqJh+g="}},"keg4vb+1eRgaJf/3CMeBQsVLfKVJDag6YXy2PtjuKSw=":{"valueMac":{"type":"Buffer","data":"feNO5mOgv0J5TnVj4ZDu4icCG5ORQyus9OesTeP0Fjo="}},"2KuYU19qyuZzVKPB4mLgnOOtwa2rifx9AGGmetB/XPo=":{"valueMac":{"type":"Buffer","data":"qZPH5iHaDFq2GRgOBJ11cz1pt693OhcnAHf9pDYTy0I="}},"7YXWeMPvkfbGbtx3cC34y0DUzsphO+ttPHURIuEXxrE=":{"valueMac":{"type":"Buffer","data":"l7fAKY+6Hn4mvUaVILrwOJ/figr+jroFoNEuzJy+JP4="}},"auAevqiqE30ksyd+BYt0Om8YwvQObpVQAoGagobcvBw=":{"valueMac":{"type":"Buffer","data":"Nd1uhFhBNISpZStj3pcPSc13iUnSWaWwUXhysQgEGkM="}},"I8OcvDjuwxU+yr4Zp1BdE+uFp/Nr2hKLdkrMeaeuaZ0=":{"valueMac":{"type":"Buffer","data":"gIfw1mrXmkHjl8BQeU0KvKoCq6NsXMZSnhw/hREDyEY="}},"mxQF6p+kqsgjPkXCm/wzGo8DYAJTuLufEldVGucGwuU=":{"valueMac":{"type":"Buffer","data":"XzBgsS0ZmdLpGm+Ryg255uJ5+givdUJ9AuSxPoLVwwU="}},"gudzcLun4esreZVyJ8FyynY3RykmYpwBCNN88f6p3dI=":{"valueMac":{"type":"Buffer","data":"RqCvwxd1dU1IeL5mnRta6bJ5E0vbrlfD/pUfXjmzs64="}},"tEU7JQQNrtLjZ1+yVk1VMAIxNXX90QON0vS17y83gTs=":{"valueMac":{"type":"Buffer","data":"D+4ijcc8b7zceWDoafXi+vPBSbhByx5aFgm0M7Q9XDY="}},"sjz26qvcLE7pvaN1VIHFAcF5uJ2MbMQI5lEFa5aH9qQ=":{"valueMac":{"type":"Buffer","data":"z1yTCNEsDhrqcUcA4Vg1bhWjMNQHeDpjznfrLiXkmVo="}},"i3koDAcyGW0L8qJjit3K8ZNMuDQwr9le4BmesCwsc4o=":{"valueMac":{"type":"Buffer","data":"HJoGqdn5LZfoj4FqY9WW2Z6TcFXHZJVbWFA+aRyvcYU="}},"BZOKaCjl0/bg0m2dye7QuFGgrSYmVOO4MLNLatJyP7w=":{"valueMac":{"type":"Buffer","data":"0Ehwc+9UyPKNTEdtXDkgZz9vdmXU7YTGnepGsLzBG8g="}},"OTRq2itr8xKHeN8KxiSbDIx7kJvvYw250H/H1X2638k=":{"valueMac":{"type":"Buffer","data":"ZZ1UwaPQX/GDswnbm4XCIrpH55v3NHEwRKbBwireWkk="}},"3d3HxIux0tLdpJu9zCCDG5JsOkmglD9SJLrjb2clVNA=":{"valueMac":{"type":"Buffer","data":"N8D3YcRFIhIsslGC384groGwZQmzNnhaYx0FcrHOWFY="}},"YO0aDs4XuqE8J4gcQ1ZstWQlnEJ3jZuQpm2xn1eR1B4=":{"valueMac":{"type":"Buffer","data":"FAT70f2U46RcNNIhxgecFFuxykhnLY+5mHWXb1V2SJM="}},"F/5NnMjsKr63r6Dn4WdiNN/MQwWmesdSWg5R2gfeWUY=":{"valueMac":{"type":"Buffer","data":"KRS6oYUPXMzlOy5+o24Xoli0guUSi0Hi1T0C0+zf5sM="}},"Abqkgw5RsedeP10QNldTGyG+u8FyFi+jh88tgoQ9Rig=":{"valueMac":{"type":"Buffer","data":"DXtWVczItNDJAVWrq2XAAI4JSUlLY211qZ4pCbjXXSQ="}},"zEGumU6CNSR3WQPIvWXkOAPMWO4Xlj3+0HIZ/OrpEm0=":{"valueMac":{"type":"Buffer","data":"Ev4l7SOVe/HV+hZegUuuK8mB5ozaQgnvU9f96Mb8i64="}},"bG0E/+FT0Y4nxg+6ZrNVsB08bjdIc2z9PSeCNdi1Fl4=":{"valueMac":{"type":"Buffer","data":"Ds1eDJyeu5sdrbLJ493Vzn6Aoy5XmPurPOUExrhRJlI="}}}}