{"version":105,"hash":{"type":"Buffer","data":"zjDzRDZYS+RVcruDZIEH8XSMvw4J/qpW1MReeGICkNGpUThS0+BbgssH/vXpsLiYEBgT45VTRoc4tcbm1fawsmp+Ic88jOe1WyPQlqVDAQWbEsKEb3k2P+1XQwK/0HTFn2lEj8TPIMFIvSCL6uGPp5zKxo2IlVztYIJ6auOSsv8="},"indexValueMap":{"AJG7QJJsE4JL+tjMndwwllDJw4pGzDzfhU/+sB7423s=":{"valueMac":{"type":"Buffer","data":"9rIzcUMc/kgrl1kEyAydTHrbCAcRpO+LmLDQLwmWsnY="}},"Abqkgw5RsedeP10QNldTGyG+u8FyFi+jh88tgoQ9Rig=":{"valueMac":{"type":"Buffer","data":"DXtWVczItNDJAVWrq2XAAI4JSUlLY211qZ4pCbjXXSQ="}},"BZOKaCjl0/bg0m2dye7QuFGgrSYmVOO4MLNLatJyP7w=":{"valueMac":{"type":"Buffer","data":"0Ehwc+9UyPKNTEdtXDkgZz9vdmXU7YTGnepGsLzBG8g="}},"Cr4qoYL2tp+rat9WSlS8zWPVnTFrxICMvIYl2A/Ac6c=":{"valueMac":{"type":"Buffer","data":"TN9nUAIwnVG2DV+j6GBSJp7lCyZ/3uytzZMRno1A5/E="}},"D8sbKSqB8YL1fJAOcMO1FPp9+EZf8rUeglGzMeqG2ag=":{"valueMac":{"type":"Buffer","data":"t1LSCyzUC/ook9efQTCJp9737eOeGauvMofUP/Qs15Y="}},"EB/f4YF2F9H1OEIjx+fl6UN5n/7a2OiscJAFlcpVAeY=":{"valueMac":{"type":"Buffer","data":"5cVcvnaWzn/DEIqANwXBXfDfj6e8KBhGChikqqPJW24="}},"ErPBg5eUvANT2Fa+vmgQglWyfJ8CQG6Gt8eyqa8oX0g=":{"valueMac":{"type":"Buffer","data":"h/ZIl5YWF7MOx7Z+DYHvXdHMjzjTJuEmVHd+uI++V5Y="}},"FkZgqjmAkLZIe98ar5EaMUNw8yPiy3168Z3OVtuV8Qs=":{"valueMac":{"type":"Buffer","data":"fnAtDq+CGYfiq+TPo5Sw8ad5uv7XHnyB1ZZLJk4uWZU="}},"F7hDnQFMKWh1CV/hU2coPyha4ZOirs0Yn1TDCyv4fjA=":{"valueMac":{"type":"Buffer","data":"UdbxzY/uNxZ0qVrCExnNmD76Blg9WSTc83Wr33qw3O4="}},"F/5NnMjsKr63r6Dn4WdiNN/MQwWmesdSWg5R2gfeWUY=":{"valueMac":{"type":"Buffer","data":"KRS6oYUPXMzlOy5+o24Xoli0guUSi0Hi1T0C0+zf5sM="}},"GDZuWI1KcQLQ4qkVMpVY5nOdKJZadXO6Kxon6cHNiJ4=":{"valueMac":{"type":"Buffer","data":"smbOzxW830t3ptZCMmfXSMmEPEmp/rA73peoZlgIzxE="}},"IXdp9LbYTkbLmit1q7d7smlY/RghiInGkZjD1x9J0qQ=":{"valueMac":{"type":"Buffer","data":"mJoaJd/B+ZAO2hnArSFrxvclzhDd0ppwVm6PyrBGunI="}},"Ilm3lDjnDZp9wpZ5p3iX29fbNMZpXqUaMv9AcKn9ZjE=":{"valueMac":{"type":"Buffer","data":"pSwCQ3wsix/kWJao6JI50ldGpV/pRcTik3lQS4paEZI="}},"Iy+ZY2bBW13nkcC5j+EBW6IklmkMOSlNQvdnd5xvvEc=":{"valueMac":{"type":"Buffer","data":"ZpYlsVVLsI5VGv+6uBVljT79Kx94QR7fNF0CqAyCcQI="}},"I8OcvDjuwxU+yr4Zp1BdE+uFp/Nr2hKLdkrMeaeuaZ0=":{"valueMac":{"type":"Buffer","data":"gIfw1mrXmkHjl8BQeU0KvKoCq6NsXMZSnhw/hREDyEY="}},"JarTTFzbBOg9FT2tUa4JcAeep70BmJNnjGF82EMZbdo=":{"valueMac":{"type":"Buffer","data":"D+tpqgAbVPSAeSH+GfDTDssuu19SObOTa8nS7HJ7O8w="}},"JeESvstZYOet/bTQEpPQeMQq54MUBmGomr4TJEze+1I=":{"valueMac":{"type":"Buffer","data":"ulNG8i5I1OFAceasPDYPfdo8Cz1/AU4JKK9rpJ1Iel8="}},"Kxhczd3Mz/WpKkA+vwNKK9WRURehFnWxW4ytD9190wI=":{"valueMac":{"type":"Buffer","data":"HI3Ed+VSM+Kw2ZnUSJSrQigbqkH6ldVOiX1WOTw3LEE="}},"K2vlSPiRoSgOvJmTFLAmw6Tumwda94qdlddo5DbaZtk=":{"valueMac":{"type":"Buffer","data":"oWR7vnLVha06DSm4+6+L53M1IuHigFlNnOdlNvZUbio="}},"MGnzPVBiipHu4ljnqU+f/8Yi1w+Y3+6/OSlGVyu0f+I=":{"valueMac":{"type":"Buffer","data":"RJdQiTLWUckCnL9lZvVnO/o6mHIOR4W22XHzUAOIlbA="}},"MICvKrTNV5oJH5/TxOqJ2p33sxFaLsK1nw+Q0J5BpNs=":{"valueMac":{"type":"Buffer","data":"51SgDRzOQcIXR0lRy+Dh+3CzLMMVZF15nt4cnfBhFT4="}},"NMi2nQ0r490iOTUY2PZVROM8HU0QE8dbf+zLoliQhm8=":{"valueMac":{"type":"Buffer","data":"9YtqPKrJ5eNq13puftL6YFZ8orqHPXb9QFUIPc2rwdc="}},"NaYbtgtKiJlncqgypIe3+nxT7H3MPj7d4xsuWvzwWzU=":{"valueMac":{"type":"Buffer","data":"f1ev167bJvRHktkh2/+IZiFAAGOVwtm/eqG1T2auUps="}},"OTRq2itr8xKHeN8KxiSbDIx7kJvvYw250H/H1X2638k=":{"valueMac":{"type":"Buffer","data":"ZZ1UwaPQX/GDswnbm4XCIrpH55v3NHEwRKbBwireWkk="}},"P0HSixT0oPV/oSwEuWZcQ7aU0BxEGJEns9Ubs+o1CZE=":{"valueMac":{"type":"Buffer","data":"FdBriXHSC3isTuFLBbsh3Yuo41eeHnpJh2X3sHWrj8c="}},"P/7zpLIAf6oSkmQxFb6RAHzE9dJ49Gt4dl0SwsLhbO8=":{"valueMac":{"type":"Buffer","data":"Rr5mCwEe3/IbsU0uP9oaDZVdogP9EbDfEqpOXNu1/cI="}},"QSvbmKcwQBnJ5yphUCbdryO/13LKvXKV73m3COfd2XY=":{"valueMac":{"type":"Buffer","data":"xbTgvNzpx8BXQZUMcISO/liWXOu8uwSn2n/cZNLUdKA="}},"QjY8d6bJqeprYwRO9ZabqkhQEYjWFyPznPf1aWLvm/U=":{"valueMac":{"type":"Buffer","data":"4F07TinNWCGSo8MlZ5kcTamCoIxULovV1oCGhK8Tb8Q="}},"RWbHslK6Dd+0cCzx88yzKxMDWOELSd+c5gZR3BW49OA=":{"valueMac":{"type":"Buffer","data":"KzgRGTX60jMvnVFLl9QvnB+ojT+vnO8b/4xHoVd4HGo="}},"R0SGgSO4FQpK+kxzUY44vIORIdOamS7XUKCfvhf2wZU=":{"valueMac":{"type":"Buffer","data":"7wKj0lXsGfVDBfhxzTzGBiJoJgWFhBfqKdGyxmAmfi0="}},"U9oMRitM9/O7hbjTJP7myuIdKuCJk8wwXZ+T0JF6JbE=":{"valueMac":{"type":"Buffer","data":"ExvqrgvGMV1/uqNK5MKYUr97OLQ5aazeujqxx88Mg44="}},"VIV4ni7bOGPYUJ23Tmaaxu7EYNbH3utnxA9OqkQEmos=":{"valueMac":{"type":"Buffer","data":"uoZlVM6WEaWbkxt3eEJH++ktPh46ooaHqEd06hQzagY="}},"VLN3KX5DQVZmY6eu4T/nF48oVVRM8M/VsqFVORakTE4=":{"valueMac":{"type":"Buffer","data":"WE4PoZbg/JRp5/csDTAEIE72c2JUrphPuPnHMoyNXEo="}},"VjpxWYcj8aO1lggX8j4v1wIx2cNyyxenpiWIU1Z0G7c=":{"valueMac":{"type":"Buffer","data":"77xb2QdZElVa3/PG05zWsC/ErSfJAeoRn2twZ0nA6Xk="}},"WY1TnahDwxnTqJGHSDAWTKaL1Xw4PuFX5SDoQqs8j20=":{"valueMac":{"type":"Buffer","data":"06dEbTVr8FcXWfztEftZRPN5S7D5+jBd1rSOJndPXTk="}},"Xv7UPnwwsNv1AnoBSAh2wq5IxPOni0kXJhmzqcUTWq8=":{"valueMac":{"type":"Buffer","data":"t9zFQe1y/69MtdGlRMM1YnbRdDlEOBpM/lCE2iuB0Lk="}},"XwLZnQr7Wy74d084vbAb7FmaK5ARUfljwOCmdjHGsAQ=":{"valueMac":{"type":"Buffer","data":"xzmaIQRaXQouErSnyhAvEpDjFJaTCZfbEzsxOgcyv3Q="}},"YO0aDs4XuqE8J4gcQ1ZstWQlnEJ3jZuQpm2xn1eR1B4=":{"valueMac":{"type":"Buffer","data":"FAT70f2U46RcNNIhxgecFFuxykhnLY+5mHWXb1V2SJM="}},"Yzlh44Q4hDrASqD9EoKlrcP0fQXnflemmfAJB38kilc=":{"valueMac":{"type":"Buffer","data":"scFLgjG0D+sg7F8Wr6g+pfA3rF/vUU5vE5gJbnDW6c0="}},"ZR1Uh8Wrb7huNJ8lkWAupZQpNaFd80tiGD3+maVGvWs=":{"valueMac":{"type":"Buffer","data":"7um/+yt+7klXLSJzsb99luRUiM9Ygymry1ETxv2z0Qk="}},"ZuTZEDO3cxyvIUk+M+9C+L7C124iv71qDpKJT0tskTo=":{"valueMac":{"type":"Buffer","data":"A5+sxHH2q9oTCL1eyvfb1crtoz8usC/00WRuq6DbH04="}},"ae2fb+wCkkBkrgZrJB7C5tK/AERQOCZmxpLFxyHzrbc=":{"valueMac":{"type":"Buffer","data":"MlCgPw/95bOZu3MZ+Sb6RNocnAYJ6AjNwpRA6CKrPoo="}},"auAevqiqE30ksyd+BYt0Om8YwvQObpVQAoGagobcvBw=":{"valueMac":{"type":"Buffer","data":"Nd1uhFhBNISpZStj3pcPSc13iUnSWaWwUXhysQgEGkM="}},"bAGJpubIzH9QTzpYtQ+kbIGFg/2F+IjEEGQwc3ahLdw=":{"valueMac":{"type":"Buffer","data":"PJcqJL2COzGCUrC98dYUsl4LlVe0TvIr0RTDLwpi9U8="}},"bG0E/+FT0Y4nxg+6ZrNVsB08bjdIc2z9PSeCNdi1Fl4=":{"valueMac":{"type":"Buffer","data":"Ds1eDJyeu5sdrbLJ493Vzn6Aoy5XmPurPOUExrhRJlI="}},"bmn1h6ul2EkqigPSzV1GEUH1IJai+pzmYRpDpEd4bnU=":{"valueMac":{"type":"Buffer","data":"vZwUqN3NzaEoC0GoRrJY2mJmkL+mPGj7IhxJr/ZTv2Y="}},"b0v9VqN5eibCugFganhaiqzrSQQUZPiNd24Y68XhmAY=":{"valueMac":{"type":"Buffer","data":"eGjDubBvlg7AeBeUXRa0ud/6H2nfedYznXW1pMjZlCs="}},"cP3eD6NPpx+vrpnEXAkXa07ygFDh+ORdVX4rAgal+gw=":{"valueMac":{"type":"Buffer","data":"1O5HoQlvP13dfjnNcsjd15u2gWsUnEOaNlBSfTQ/dcY="}},"ckviwn8iXYkrAn2HQ8HvhsL155DmjadZPmkPUQt52y8=":{"valueMac":{"type":"Buffer","data":"vdazL/ogHQSf1jNWYLIXFt10xC3aIWhr3DZaAOiU7P4="}},"didwAw9pb03t+z6qUJ6W768858m9Svry5yF2nUGB75o=":{"valueMac":{"type":"Buffer","data":"WlFQHWAdnmz4nIKwEecJzYSl/VZVrQV1Z1LIeIlXZeU="}},"duBZxGsy+nDX8/i1/FLqAySpgwUXLb79dDHXGfNr8G8=":{"valueMac":{"type":"Buffer","data":"M0XVW9tySoiAfLbrAfACFQMjnSkw0p1uvDOjZvB384k="}},"d4JAAIfz3PC1EieB5FBovsu3484PVdeoyFkQO5KkT5Q=":{"valueMac":{"type":"Buffer","data":"4HAsroAwk9ckbe+ljjeN3JGV/6/deymk/T4tEZOIi0A="}},"epKMuJ6Siu+qwD7E1uy3pG9nxi5ZKog0oD6PL/KZsHo=":{"valueMac":{"type":"Buffer","data":"vFx2s+ocVRFl6koRlytQ8pfjYFG4bDyjTGW9QwOsBSA="}},"e+eV+wx3bVztliuP2TwqDdtgq8B765XlIo2JUatDkBk=":{"valueMac":{"type":"Buffer","data":"g763e+EtSO+SQKybkzl3+IWott/x98vFP5z8YgAnKJc="}},"fWYHfF0tdp6XxKqp4Xp8Tea6C8hsX9N20dc3DWPNvng=":{"valueMac":{"type":"Buffer","data":"JO+T8NjAHsPUav0lvuZSQ4IqNVtUUWxUIp5XTY5G3RQ="}},"fbUbjJVfnhbVGTEUzqfVB9839J1rvYObdK83NbycK90=":{"valueMac":{"type":"Buffer","data":"iXbwnjAcIzPjm0CKCUDlbg4JzsX0Frfq08HhRPPCXpE="}},"fjFW7VCPIzdOKjnxxaEQCXEtde6QHYB8C3sj9SSUWPM=":{"valueMac":{"type":"Buffer","data":"r/ttCSTzCWN5oukKPFBYmgIVv6hKrFi67MDt14SXd8A="}},"f6mw5uIX8ssNhmgufKFiJf6QtFtTEv6YiieAk8ecb6M=":{"valueMac":{"type":"Buffer","data":"PY+Iuvq/tdXwwYzfGSN9kE0zoSzc4igCszRWEHaGpdU="}},"f+zrbI+cfQggI+SnKOMfRNyl9YSDK0IUySo70gmsUsw=":{"valueMac":{"type":"Buffer","data":"Q6x84N84FOSsaoIltfQP8WLWfyulW9uZHIBIMqJeef4="}},"gJPwUF1psdfEgDHV9gzLvxhwLddpS/Vb52d4Nqyn1TY=":{"valueMac":{"type":"Buffer","data":"aZ/Dg37L029QquJyUSjZ9V2LdXw6jRw6ZEIA7QZOKh8="}},"gfHqqX4gNwYF6W22rRxM19z0WZtxC2/2rPUKbkMe4k4=":{"valueMac":{"type":"Buffer","data":"bMEieiRdNZs65DuC2kMEjtxhmcBTlqAwEqWJcGT3jn8="}},"gr+G9dk8PCkcRKAaRRKfjhNNYhqXMKPciTMJIPYZfHk=":{"valueMac":{"type":"Buffer","data":"e4miZ4o2NsaB4TcmeVuXzMw7deRJ5hBCKgBaKqHvYoE="}},"gudzcLun4esreZVyJ8FyynY3RykmYpwBCNN88f6p3dI=":{"valueMac":{"type":"Buffer","data":"RqCvwxd1dU1IeL5mnRta6bJ5E0vbrlfD/pUfXjmzs64="}},"hHJm08vI4KgI3qiLeQXZuTb+jpgR17NmguxlCRfeQWA=":{"valueMac":{"type":"Buffer","data":"YLl4U8+XfvjV34Xf+YFBLTWq67+p9EKvZ2598mL6TpU="}},"hkoyLDIWagDg+uFpfNumiIMbyXf9vRvMr0r3B+FsNoE=":{"valueMac":{"type":"Buffer","data":"BYPvFwSyw3TMtw6PDfxg5GZ9TKFwVf9aPVkXuI3dtBs="}},"iTVQkaKm7As1mEecvZCzuCGxwkWRgNrWj0CS+6ue5L4=":{"valueMac":{"type":"Buffer","data":"p3LHYeRjrBjmoshaYcCokXyv3Jfcv6UeBikSpKllTrQ="}},"ikMSubR5L3WXygy05rG3wQlJ+Q2itVfGBaXO7ZMQacE=":{"valueMac":{"type":"Buffer","data":"TdCbWS40aD+3umzms5uIQTm+hycTlYDXI+aREmJmuIk="}},"i3koDAcyGW0L8qJjit3K8ZNMuDQwr9le4BmesCwsc4o=":{"valueMac":{"type":"Buffer","data":"HJoGqdn5LZfoj4FqY9WW2Z6TcFXHZJVbWFA+aRyvcYU="}},"jh2H0mm8WdagQk02blyj4OsvlDoZl2hYwjZneYG1i74=":{"valueMac":{"type":"Buffer","data":"LKvfQoJxAeP35QeTYTym2TxARB8cwjdQkmR0GFB4NzU="}},"j8Fvz2TOIItTb+qG2YndKLZBq6kTXPpIuCmUfSXRSks=":{"valueMac":{"type":"Buffer","data":"bY3MevWPC4eSvx62CPEHlAP5hjKx/8oMuC3guCRL9AI="}},"keg4vb+1eRgaJf/3CMeBQsVLfKVJDag6YXy2PtjuKSw=":{"valueMac":{"type":"Buffer","data":"feNO5mOgv0J5TnVj4ZDu4icCG5ORQyus9OesTeP0Fjo="}},"kjcmVRwaSu+PVO6CNS1RLyWdRrWvUI1xJJKCmBil6hM=":{"valueMac":{"type":"Buffer","data":"C7WeFNYu1bpzqcaPnjEMsi3STtMWMvldv0RIlQqVZrk="}},"l0kSSk7fXVCJEFXDsCvsVN8oVnDtxHIzDqCtW6yYAxc=":{"valueMac":{"type":"Buffer","data":"JmZSwYt5NtVba/epCBUKNNkDTQ40mRGxg40z9vyReGA="}},"mTbIVsl6IKRbTOnpJdGNpc77mKhT1cKu1TVKcv53/Kc=":{"valueMac":{"type":"Buffer","data":"Tle9h/f9c5qA7yF5IzumOj+mmj5cLwOn4ZO8uQWGwTU="}},"medCM44VXpqn3VvoUqcQRi3nlR7KbGS0W72ggp3yCI4=":{"valueMac":{"type":"Buffer","data":"tbFoQvb9ZmGR5lF5UUuONs5kFkT5fzzD+Ww4Bn9it2s="}},"mlr7fWunBzYB/6vs6bvCWXTr8rZfHp49ef0O4z7j9VY=":{"valueMac":{"type":"Buffer","data":"eAnGFcUxw6bOKvYBXagnRuDqxOSD3HRa8dRCTx+js7A="}},"mvmSGv0/J2tKEN0ne8IIroSHgtY2vEaukrRyGD/1ecA=":{"valueMac":{"type":"Buffer","data":"NJOZzIiE5s7YDL0KzMhYfjX3F0f0fzllHkPXUlXLea0="}},"mxQF6p+kqsgjPkXCm/wzGo8DYAJTuLufEldVGucGwuU=":{"valueMac":{"type":"Buffer","data":"XzBgsS0ZmdLpGm+Ryg255uJ5+givdUJ9AuSxPoLVwwU="}},"nA2GMdMNe9juxAP6M9DhMM1zJt1nnx3Fimz9XKApJAk=":{"valueMac":{"type":"Buffer","data":"692+SVtKJ0vQOfhnGsSs7mwwy5tA2ED7B1Aq5Bi4BD8="}},"nEsAyqhtkP02FMUF3WUj2oWeERlTETWGf7zdtz/Uvtg=":{"valueMac":{"type":"Buffer","data":"mOalyktPRvRWHutV1s6SiSV1i/GQ105qwpcMcukk4aw="}},"nTRQJWdPhMCV9d3s4/EemszRcapd2JjPdPnppXQCLCk=":{"valueMac":{"type":"Buffer","data":"sJ3BZ/MJ5PAlVAx12ePhkzjp9h+w2tKsGHjxysUUdAE="}},"oGT4ECKQyutl4R2rCTiP0w71S/9Kz90VToUOcz3Wpf0=":{"valueMac":{"type":"Buffer","data":"wXWaKBJ3DNYfQQGuMtuPP2ASYshLXY985RWU2kIlSKs="}},"onaRTrTxv1Gh650PIudzGB0AWCHcpOlE9z0RTgzSYek=":{"valueMac":{"type":"Buffer","data":"XJWDUf60ny9YEvSDrM/JXRh5vI91LohKSuKwFJCjRNE="}},"pq45c1S0HuTqECbqhNaR/rAi5HGQoHImi9hC/ZxH6Ks=":{"valueMac":{"type":"Buffer","data":"9kSUPFaW7sWbP6BvUZS6oQtDT21+j/uFAXEqrh4h2vE="}},"qDcjcUerw89raDQex9fq/IAVKENQRFv5AvMyUxIDOm0=":{"valueMac":{"type":"Buffer","data":"WsNxFpUln7maolz8C6fl1jEewmg2fO5tFi4zcfQdsew="}},"qkP1fzl6yRbA5kiUlJmrVsT7xpFfTh32CO4zQi34XgE=":{"valueMac":{"type":"Buffer","data":"po+xBi52XgpdyoLJ4zkFK+alFWCj68yJUXLTNXfZTz8="}},"qwHs2EmqJW6r98wyHgTUozBkZNpPSY6pUVlOIFqDbVc=":{"valueMac":{"type":"Buffer","data":"gKKvUn15CRpOJbS6Ld4MsnirtyvFzWT/HBdHP4TcUSA="}},"rH6w4A+b6lu2rFu9FJQokZLEi1oxoqStgVd/iM0PPY4=":{"valueMac":{"type":"Buffer","data":"vtAL4JOkcR8WVloZWYkZZO6/Dw1JXJRYi65YdplvYeg="}},"sjzON5BkWUah7bKt5SY5hJRkpmLXOtXx8Km7Ielqrb0=":{"valueMac":{"type":"Buffer","data":"4JAtCwqYL9T7j1zyddT9YorinC525NvOGEs07WHy3iE="}},"sjz26qvcLE7pvaN1VIHFAcF5uJ2MbMQI5lEFa5aH9qQ=":{"valueMac":{"type":"Buffer","data":"z1yTCNEsDhrqcUcA4Vg1bhWjMNQHeDpjznfrLiXkmVo="}},"s/i2h7yWtpP9XVnEmd6At944s1+Q0Dr9KPLgkYVBE+M=":{"valueMac":{"type":"Buffer","data":"HVRmZ3oArNeG5mlzmzOh8IthyBbrQE501jaGmz/bVHM="}},"tEU7JQQNrtLjZ1+yVk1VMAIxNXX90QON0vS17y83gTs=":{"valueMac":{"type":"Buffer","data":"D+4ijcc8b7zceWDoafXi+vPBSbhByx5aFgm0M7Q9XDY="}},"tfOiUO4Z1iKCh9+4NhWWBzRQrLm/RJtexSvGKeN/FTE=":{"valueMac":{"type":"Buffer","data":"H1Vhur1UIEvdqtxgllxJ3RVCDfRzBdPjSG8MR5KVTKU="}},"tpnQchUp84arVyAaZmjp5fhTc+s4z26R26FpYiIvus8=":{"valueMac":{"type":"Buffer","data":"3fLFAwQ7D9Xzxj1Z13mwbjTJpuUmMYLK/PRzpsKWzQ8="}},"unsXjkIP7TA2QnYmEXDkBmRNRpyOwStSWg8lY2LepuY=":{"valueMac":{"type":"Buffer","data":"PtKUdanoMUyV0SPykEVu65iSQTUwIWJ2zwooJAKY1qk="}},"u4LUYacHTfLxsqdYwUudDSVyQjuQmUnYIL2YsLvZx3Q=":{"valueMac":{"type":"Buffer","data":"cKezde+bt7AOAYCdcKlrNd7kdEsb9XrJ+5kq8ge06Yk="}},"vhj46lsY3R+OWipZ1thripCU30ZQcEQgBWbM/amM+aU=":{"valueMac":{"type":"Buffer","data":"r81gZqZHQxg1gdxbeET5CdagquQA3C5zXOininsR650="}},"wYLZ1PWw0w4vJmBWIRaAdP+dSLn9HKv/SbxPn7KRIi8=":{"valueMac":{"type":"Buffer","data":"FroyyISq76WLp17hYD2xwGCKLOL28sxuQGhNWuYndNY="}},"w6SgRMrZYPXjo7lglwRVof7g26KJxgqd74WrYHy+fM4=":{"valueMac":{"type":"Buffer","data":"Qbdrzhi0UiaKXetcICk4znrkpG3OqwjfnIUsA1uTRKk="}},"xy0sgi0lZ8MABss7oOo0TjDQK8d7qxOpSF85fetkhfA=":{"valueMac":{"type":"Buffer","data":"eal0QVzEzKq4HPX5Lo1E9GR9iYHOXabJhsJE23+Gkj0="}},"yPd7IlTDjMBDhTT3oMQfzkSDYRLXSyN9kBrdIN2eLLU=":{"valueMac":{"type":"Buffer","data":"R1O2QyN09qv+r6vWRGmqUH/qhyNc79hxUdPz1fxwXto="}},"zEGumU6CNSR3WQPIvWXkOAPMWO4Xlj3+0HIZ/OrpEm0=":{"valueMac":{"type":"Buffer","data":"Ev4l7SOVe/HV+hZegUuuK8mB5ozaQgnvU9f96Mb8i64="}},"zlh9+4bwg+zZOitYarmiDmyzEpwKzbqrRoQwX+hnfUs=":{"valueMac":{"type":"Buffer","data":"Lape3J2lTWUGctm6SykCh1gBkhqHAjh+LvXpu0Z/Rr0="}},"1VF5IstKwLMSKYaELf4n0F5j90bqrcGvg7Mm6HS7cEc=":{"valueMac":{"type":"Buffer","data":"2zwEcSe/EjA6HYurwQU8mHsQ87lawkwAH1y+9m4a+1Q="}},"2Jp0nZxC+gYgpSdtr9r9aMTkV7VO4fFZzI1KB7h8+zs=":{"valueMac":{"type":"Buffer","data":"MvuC3nXhFub5RggoWTsLSGb1CFWMEl5uDyLOdkokNSA="}},"2KuYU19qyuZzVKPB4mLgnOOtwa2rifx9AGGmetB/XPo=":{"valueMac":{"type":"Buffer","data":"qZPH5iHaDFq2GRgOBJ11cz1pt693OhcnAHf9pDYTy0I="}},"2M1N22SXeX3uQNq+a+Lb8mJ871gDW72Z2LqIDUa98gE=":{"valueMac":{"type":"Buffer","data":"LmTmGx1j8EgZs1pLuv4tlZYND9K0N5lkPMbJroZD2wg="}},"3GFp2TX+mW/RKSEGwWU6cpQQ99jgNK6T98uKNv8LqwE=":{"valueMac":{"type":"Buffer","data":"S2cB9RPb7oT82naEzAVekKqmwf0/Es0adfFYV+ZV8X4="}},"3d3HxIux0tLdpJu9zCCDG5JsOkmglD9SJLrjb2clVNA=":{"valueMac":{"type":"Buffer","data":"N8D3YcRFIhIsslGC384groGwZQmzNnhaYx0FcrHOWFY="}},"4ZxcTswRzo5LwweaZR+l3BgY7XfeoWyZOyQKqJxR9jE=":{"valueMac":{"type":"Buffer","data":"hWbkrhn9Vnz807zc49ftTx+hNVD7V7dD+UsRSuriiFE="}},"4r8fdgFXebKVyOCTfVhD5KxhHDiOSWLgPl/sZAiQ1Ds=":{"valueMac":{"type":"Buffer","data":"mkc/oIbp3+KfztMtHL4yKgI3KEu+3Pugd/7JpMLokBA="}},"4+XiTMEhxKNrFgp9Oa/JMPTvMbxyL+S5c3TYGxDPtP0=":{"valueMac":{"type":"Buffer","data":"Cf4gvCnjqflqEwQse73gorsFK/XPZyA+12lD0OyqeeE="}},"5n+BYj0DYKFxQBLRFRd7sX9+SG1INh4tDuBOmFhkhSI=":{"valueMac":{"type":"Buffer","data":"3Yi7yp/6E9ty8WlmxpVBlPSoAdBZ+RNb4Nsxr+gvciQ="}},"5ygtVWXHw2Wkw63YYeXWuJNrDxrsws/Py3NdGseOcN8=":{"valueMac":{"type":"Buffer","data":"5xNR2Tg1IisXwr1KmY0TFnQ3DxJJNNoAoZ8UyXB5ReY="}},"6+RdNVdaakJnKm8q3zTefoBGzQ/m3yzmjFqTHxS7GTI=":{"valueMac":{"type":"Buffer","data":"k1fdflh9pVhQDnQslK1++EtNTXdQJnOeW98RF/47O74="}},"7YXWeMPvkfbGbtx3cC34y0DUzsphO+ttPHURIuEXxrE=":{"valueMac":{"type":"Buffer","data":"l7fAKY+6Hn4mvUaVILrwOJ/figr+jroFoNEuzJy+JP4="}},"8kpO4/rzg29MCL14GzE+q5vx1+8YqzNj1IeA9zlkyPE=":{"valueMac":{"type":"Buffer","data":"JdMJJukwQKuBA3JVjymLyfT/68xqgBNE05EGj6Z70cI="}},"8q0tRupOmKAV1LPDwcs4K7LeJ9+J103uv1qON5d76EQ=":{"valueMac":{"type":"Buffer","data":"RWLWXC5JK9McFRoIDJS13qFr7stKCGT3MaUuQRnjA+k="}},"81ZG7+wSx6vvlw1TP2q7L6at7SUJvoe7hR1738EzZtw=":{"valueMac":{"type":"Buffer","data":"veZPLVo+qzHN04+4ZCcWzHFu8XPFvRrOxRwkT1K4Joc="}},"96bpMPnxEw9a51xC0kPkWBk7PwNjvJmz5ShuVWVOHvg=":{"valueMac":{"type":"Buffer","data":"F87Yzb6qv25okYvlVPaGgeSpwfDm0RR6CqPTku1T7xc="}},"+UQLsRipkZlJGpExdkDPLMnZPsnVA1ctfmpsJEv1QBU=":{"valueMac":{"type":"Buffer","data":"PjuYXDp0PzWodiu9RzWu3Ihu6iZZg7u4qY1iZnDBPyE="}},"+pgH0uEKmjmLB0qVqKHOevr0RdEAeylSIDJaf4s9JB8=":{"valueMac":{"type":"Buffer","data":"xlhnZ/EYVEYS1MPE/LDzmkW685G8TIAxFkWyTgaWcgU="}},"/oKszK5nL3jOWCUDTCB8IwUF0lFiEYxuQRph60SGLW0=":{"valueMac":{"type":"Buffer","data":"cm57HwULiLJaODJoam/dYv8jUrnq6/nb0z8sqxxoPgg="}},"/1ZNASVEc6GslYqP0pQR/pmm/5tFl/G6O6R4IoOmfIs=":{"valueMac":{"type":"Buffer","data":"NpjylC+d9Nm17YJuy96WYGSda85Adfg3ee6Poy7L9oE="}},"/8D2ERs92pldLQpIjRlLzTFlz+8eLX3JcmHFsv835yY=":{"valueMac":{"type":"Buffer","data":"1ISOmNS5xnpGVG381jN1T6FGl1w6MVxQ7EZq1CdmrRs="}},"GmD0GVh+zMxjnyfxvnRZxqqPF32xveC0j2J1gT+BUcM=":{"valueMac":{"type":"Buffer","data":"pEfT7QQ7x9FThJ5a5sXzY8Stf/1OiqSYDzWvSifQgaU="}},"3MvR+nnXaKQfJZzl4K8caRfmgCZqE9saiJ+/TDV8zgs=":{"valueMac":{"type":"Buffer","data":"9knQaVrv3kQ64afjunu8LuWTNImmWhYgBo4mhMi+PA4="}},"p9bU+O1R5QbqZ17gBj0QTDWKTPjNAir2A5GoJTjnpR0=":{"valueMac":{"type":"Buffer","data":"3zG30hseByhIKqDxPnk4AUFHj+beFy0nhcHd31JaFQA="}},"xnfJzdQzqLd2euvW+tXlO6FYP04CEvhmFdAmIYESHII=":{"valueMac":{"type":"Buffer","data":"PmozZzs6S6QWcBR9eS2IaOq86zHG/yRZ7LgrJKhbo4k="}},"SYBDd9qtmGgIrce/ZLS5McRRRzTdggEbR3zLeHb+404=":{"valueMac":{"type":"Buffer","data":"R9BkSgODvv0tAx63msh6tT7SLvT6IqO1f5KCNPYUtd0="}},"vVZ6cOhWPIKyfKpZiZTPIJ6e5Lk/0g8u7DlXfoJyomo=":{"valueMac":{"type":"Buffer","data":"p+Sf+UUVUa/r6JQoiab60n+q19nP02v3Z6HhroDFUkY="}},"rcmRHCWSA9u+rAaDFbnnM6mL1uqE3uhdVCCF/G6SC+Q=":{"valueMac":{"type":"Buffer","data":"R79bR1izSECDuXiEjftBoigchM1Y/IbYFhqy7DIIjaA="}},"yQwqV3+mCpekYhdSJOViqBqBiaA7qUSxMriWSzfJt88=":{"valueMac":{"type":"Buffer","data":"CY7HMt/tt6GasZie9xl8vLbDJqtiHDXW0JWw+59Q+iw="}},"AQuxvg4mfVhm79iamIpySYJN6X6MKYsJo/PlfrCSR+E=":{"valueMac":{"type":"Buffer","data":"73HXkIuTeEHZ8twhokgNKUFbqcxRLRe+hO/uxOxnGFA="}},"Fl2N0cfgPQvv3jc8kOBml5lxwow7bPmwRX4ZbRyzKbQ=":{"valueMac":{"type":"Buffer","data":"KCidgLt+20SR5aqu5OToT4ierHHAecJAY/RgbzicFEE="}},"s6dw39nj1tbze+kKLhVQ2JWMCn9JnKTkckU0H6hJaq4=":{"valueMac":{"type":"Buffer","data":"Qkx/bBaZUk95OohUtbT+gclhMq3VklXUBbPo6PmGFog="}},"CM33jKkFU+6M/ZB2XqqNvTXRkNBRZm1CgNqA95fBwFQ=":{"valueMac":{"type":"Buffer","data":"n69IxZ6+GlLBgMkgUkHgfqbzaq84vUGZlO74TweAa3s="}},"FQKF+iZ9FvSaCFcNbzyMORAsTT7mA30jH/vIFqL4sds=":{"valueMac":{"type":"Buffer","data":"PcE2SxlxyooljsC9Ord4uo9Eac6lREZiy6LKSP6ht7I="}},"bbLfHpkAjBfUs7tgu8XQkz3NJUpTtcRG9YhlY0hcP9A=":{"valueMac":{"type":"Buffer","data":"1Mx8FnZoDhVLMaBzS6buIm2GgA9TEIolzUshnhiDEP8="}},"iGahPaEZZE7FB+nS+Kp9F2bDdUTNlwWWT4HcrDImeGo=":{"valueMac":{"type":"Buffer","data":"aFqZqt9RdVM978aufOKQep4JeV3dTFrXOBNCRiMyfAw="}},"uwCkof989QVG+rpm84oVaqT008mbRc40NLysf1I1OGU=":{"valueMac":{"type":"Buffer","data":"NZ+0WOyj44Kc5idNL1jruYVk/R1i3mFKhVB60SKri54="}},"9K0NM2nr73uauxyHPn/lqUoMVrUKoBf8aNbwa/pyNBs=":{"valueMac":{"type":"Buffer","data":"BFz/cP5iqmywM39ot9D1U8GQx6s5ZiV+pQZH/ECGK7Y="}},"/B6cEH4sISdL8w/FcIWfvFWj62cWTyzVm29SU2zgV+s=":{"valueMac":{"type":"Buffer","data":"s4cEYawobK3Dy+vTlmjaKgsTC5X27eZf68Lx7tnHNrQ="}},"aaLOCW++pMzgfQLrt+RW6ZvH4PbNcroftXl4g/BDFT8=":{"valueMac":{"type":"Buffer","data":"ZZy4g3VU+n/mxVn71TY+pDozPwh8Vx87f3sgm8uCVLY="}},"1LLy94oTyffAXN0Xat62zEaFVHnPHw4ZIYiI+iGoAcs=":{"valueMac":{"type":"Buffer","data":"d8/IY5pb5Ohsr5mXtyaU+stocMXlxHe8cE7bUnQsDRM="}},"QtsnR02bndMAQDg4SDkGQDBzSv/6C8Sx1MClUBMqW2U=":{"valueMac":{"type":"Buffer","data":"nDhZJfcLqURvvYiPKCr4B43/qQ4dqp1iQ+Cx+sATYAU="}},"fjslS9RtFjJw7Sm+DBga812cp4MObjLygI95hzOkkNI=":{"valueMac":{"type":"Buffer","data":"SyWYAYf3FM2OIZL+h45mYThXxxJkDmIRCapUIQd6330="}},"YhQ/W5NHbhh6vgtdeDVZW9ADaFERHI7hXiKBxOtoVQg=":{"valueMac":{"type":"Buffer","data":"TKN4J7c7fkvsBYV5hV2OWfcNvnns5DmCGANZw91rHDI="}},"fUqjYXKeoIngz8G7SLNhyRf9NZNhEBIy1bkmR1JWZas=":{"valueMac":{"type":"Buffer","data":"U8msWwW+Q2qwv/3IV4Xlw2GQA1tquMZJ3RMjjNsIQEA="}},"44C1DPr+oBtZuetyCjj7PruyqoOPPKI1xUgh2691v0A=":{"valueMac":{"type":"Buffer","data":"sHChbQxCx3ohU0ePZxnRkwRo1DOgWtpqPBc60kBVss8="}},"VZKvo3Zy0TrEp4zOSW76Z/+EadR8iQQRh8itr2ikEd8=":{"valueMac":{"type":"Buffer","data":"5UUJpPGZcBkJEYbrdkkc8DRBZmP6ULL6lhkA9HvEDns="}},"uDi0+xSLmc1hytneWDStGPqjCGBZaot3ya3iakc9Ccs=":{"valueMac":{"type":"Buffer","data":"GEl6fhJugyge1gmB33/fluMGOZdLGps7mHVWrMBcEDg="}},"eca5hNi+Tylyt6HLnzV+AQwaiDUSyq5USHqkLEmtXpM=":{"valueMac":{"type":"Buffer","data":"KDEybU68KbsUrL93iEMRVHN3jbh5Cystb62Xgi1YKlk="}},"MfdAC0K+wM/y3r2/rKaS5sMhfoaVazLGZH8qoeutoMU=":{"valueMac":{"type":"Buffer","data":"HsBLNnu3nESU5huUig5jPaReQAe45HPGpb2MRkn8AJk="}},"0FtFwY2GfyUJ7qCsA4Tj/C2fgCm1sGmWgsGb9Pa1nXA=":{"valueMac":{"type":"Buffer","data":"16jiWhTLMDqkBq2MWNF2mvJ9He3jtAjUY5iejrml8jo="}},"0ydf5Lso5CEuFM1Tlc48r34w0wiWz7xEhJNVs60anpI=":{"valueMac":{"type":"Buffer","data":"PRG3XiSHHSeO+U7gYlu3DaUOosqRvCNuWECOF5+lllM="}},"F7dBqmZJcKDNSJ2u29dtgpEHx1KPn5/el/xfW52bBfU=":{"valueMac":{"type":"Buffer","data":"UzmUyuOULp6iZBgsA/5bF6VFb1VKGKAEKjoo18U6kJw="}},"74XmHCrCvxbwjuiKZLf9sUwvf6NaP1BFytw0VBevt4w=":{"valueMac":{"type":"Buffer","data":"4rJ+V812dB919JAiL/EK2hVsSE0BUopgbdScmMmW+C8="}},"drBHvphtSGi5uuGxRnNsXy893fcTnb18VEjveQ1PJuk=":{"valueMac":{"type":"Buffer","data":"/lw4pdEsk4TUdLTwA2PZfCo3pM9CCjv3Oi6PKSXKucg="}},"erjxVxqG0vpvZj+x7vIkDqBTX22gwmPCi7TrFh078Ms=":{"valueMac":{"type":"Buffer","data":"RnPUbAjeiE4SHTQrGowJQ1kFBXHqR5zt2OUV0rD3BH0="}},"xKA6Dq/+C6VK3/i7QfED6mHU7EL42BzZU+4CJKm1xyU=":{"valueMac":{"type":"Buffer","data":"bgswNCfYr9neeAqO5os7lnOK3RhNLM2Ovhwfbck00/g="}},"UB3T5txc2OoUeHE6PxU7Bb/mMqBWHSs24u5oy3FMcqc=":{"valueMac":{"type":"Buffer","data":"Ss5XVO6scPoHN0s9869kNsvXPkMYp7ras7y6XQwgpJg="}},"sUIKrnAYq93RQwX5OlHMinjqCO6sTyHqWIktJpAqMow=":{"valueMac":{"type":"Buffer","data":"CMIE4cg6ha4mKGBsrTpbMxtEreFUGPnG1M3PFXyNjJk="}},"TJM7KqF1GOUISNQAKZt6nz1tyef1i/6UYEFLBOvcnkw=":{"valueMac":{"type":"Buffer","data":"n6ZE4CSjRsyUV3rDgdern4ZUMtFHVjuqlWQPQTJ7xxY="}},"xg3xHXRfvz0bCBhZBOBz/gLSUc2nEL0t6HPavT5eOPw=":{"valueMac":{"type":"Buffer","data":"CqF+QVaS8Gb3yulbfOiuzscL5900FlqGJm21tA2ifAk="}},"0CqpftUlrp0aA7U8ivlsQaVZ5JYhvEyFu464JRgwZVU=":{"valueMac":{"type":"Buffer","data":"pYGu+VMBYaNMvnn1qTgvDOwykrztLlDwu5jGmaXdz+Y="}},"HGX2vqnYYcKuMTFrgrB9mNOU4N6TWku2VS5t6VMUamI=":{"valueMac":{"type":"Buffer","data":"XHv500iIIDeUtSFwYsm2PoFLfniwBPT8N2w/dA6MNjw="}},"zmGYPZcb0rlomQ6dORdK4Bg+vPiZmGB2266ZBs4yXLU=":{"valueMac":{"type":"Buffer","data":"jSTFyhROb7sTuieJzwMIkK3RZcW/eYn6kfpj6dTYGPw="}},"b7h8VVOr0lwRR2KliJnVykE9RP3inL7iVVMPOT26ajo=":{"valueMac":{"type":"Buffer","data":"K/YHtDW0yCSn7ipcyjvEUgfkLUD0M50rENU+Rkl5ZiI="}},"NNbXtQDZMwwODlJWLXG2XfpRZZF8UWCNaALGtWSbDYM=":{"valueMac":{"type":"Buffer","data":"fKatOVz1WJyFsksaKPILO38/44Xc1Dl8gTNd0sgZsYw="}},"uDoAEIMNdKJmtzDsHovKcdw1VjedzGvdi4RL4K9eTBo=":{"valueMac":{"type":"Buffer","data":"OlFdeArNB7fE3/L5zb4Pt5SOpDDiAexYcrwqPee3TS0="}}}}