{"version":114,"hash":{"type":"Buffer","data":"gZryy2Tg+DAiloBsSx59ResWirEUC29nd3yk94qsmF5AifEMNy9ffS1wULblZBMtOt0AyRNapxluko3H7B1HQeX3ztjVODwblL27dSUOVdJSGRC40ggjrSJ/ezl6IV0EHwg0Kvem26Ww1lLSsp2P0eJwZYFglvG1R2dtreI1qTQ="},"indexValueMap":{"Fw3dz+atnbrMrRxGAPeX6wqRbj0o/XM5NFULwP4To+E=":{"valueMac":{"type":"Buffer","data":"J5071n/TSjEnBZBv8kENHYScKOMCtLoqPcexStRdT0c="}},"GZytuc2zKW1wCMPGWO1dBL75sc+cSssLTjZTJIyuVS4=":{"valueMac":{"type":"Buffer","data":"xHdEL74JCZZvEMnHPXgvKqVnAUdMKRHzwRV3+LWKYdE="}},"HHYmeghLm1ggMs/iJubIJ1XoifuDatygKbkNIBcMF0Y=":{"valueMac":{"type":"Buffer","data":"ICicxz+iB5XftWxPQvr/cqs53bs7C0JkUHHlEL1ndMg="}},"NgoJZ9gV4jKfvmIPoHRFIq021ke+/2B/Wh1XZ0/uA3o=":{"valueMac":{"type":"Buffer","data":"s/AAeOP3YGscuVeO1pcPxiBfBK3NQSOu/j9c0aVQvlw="}},"PnfaNSMYGXRotNK9pPTUOjgDAZZSYLp5F1vbAxsaB48=":{"valueMac":{"type":"Buffer","data":"HG7vNlFyahM5WoZIGRdBdNeXSBlS5n+pZ/8rYnEdzdM="}},"P9KJvwVl864LaOtGZsCM+HpZ331zd36kqsbMowgjGIU=":{"valueMac":{"type":"Buffer","data":"QV5prIz/YDKnYs8VOwfBvrzfH9aa5yxmlRxe58bKSsM="}},"UNkYY/9iTXGqvMaiXcHdfFB9ZGWRfNu/IPhVqv5NvRw=":{"valueMac":{"type":"Buffer","data":"ncYGOxuWHq6l6pFZqb8lsYgZjmKBuLCbxePqlW8uysM="}},"UqbDy9PQ4028GuEVpWhMIMhtqCt74diYZXreRLUkils=":{"valueMac":{"type":"Buffer","data":"mIpiaoG/TmStD9W/lvJPWXKGZRiZaSUSRD4aZUNsZLw="}},"VrMUFJCQZJug7wldI1m8CVWl/CgxRt96o8Iam+XgojA=":{"valueMac":{"type":"Buffer","data":"O+/kCfSnHFNo3ymXt5Bicdz8Hxi5pYmGAu86Ze71s+w="}},"aPIyF3NMrvsCnkYfLAxy7KAWWy4Na6MeLYZU3vf0PEY=":{"valueMac":{"type":"Buffer","data":"wo8k9bixKFQZ+77d/Tag5DFZad0+q1NJOnVHl6RXQ4Q="}},"bfLX5Byaj/mRo3TBLXIFLtpTjWGDlaqaa7LMLyhAjgQ=":{"valueMac":{"type":"Buffer","data":"O6wXl/KnezuRlyLfPjf5QNW3BCnE6nL+t36T+N4Sgvs="}},"dTcCoAinF8WFTI9/5404rPj3SEBsiUpu1ZiI4CEqpZk=":{"valueMac":{"type":"Buffer","data":"ay5GdDWZyWQ4OFEHt1haEyeCyVodln5oNOgbAbJLLdc="}},"hBeOnaWW1hKa8ZWzPC8cmKnlAIJNheHVnD3PgL4NoL8=":{"valueMac":{"type":"Buffer","data":"5VTf+9L8+FF+RwDXxfmiwNoDqwnpOg99mw5Ucm+DZHU="}},"h4qBZUUoOQzPPooKuEYwblGKX9iE+c4/jb2RXsyGRas=":{"valueMac":{"type":"Buffer","data":"ssqqYFvd3TSFgrvyvZOjrXHeHRtDXc7avI/zsmmYIWc="}},"j6XlU5S7wVz5LvUn64UIDt2SLHd2Ps0+yMIWqTQvO8o=":{"valueMac":{"type":"Buffer","data":"yRhvOU9Nui/28dweQGFOVJhLvIMAFf74kODgEB8FFHw="}},"kx4+MlxpgnC4eYX79gA5TOrjkV2hz/wIyoEpJI/IICA=":{"valueMac":{"type":"Buffer","data":"BEzmNQg+M4QgnpTOyfo+hp8yTJn7jr0Ci50aYQCL6TI="}},"mRgqewWq8V+xLHjKafrg6THOL2BGVVeRIUbosryFArk=":{"valueMac":{"type":"Buffer","data":"2D7swNGu/j2XiJw1mn6GcG2GLzZhcxZa+7P6r6XTVWc="}},"oHYCTNXeakoIOkVsrJyJl8i+pl9qolhS9c3Q+n2CwSc=":{"valueMac":{"type":"Buffer","data":"ihP1gKZ1dOjzR2oenY/xCDjAVCx5xZyedGia10/3yWI="}},"o9b9qmTeF4z2iSlZgPID6FRtwHNOpdMBJTk/TMHHi00=":{"valueMac":{"type":"Buffer","data":"N5y5ewr+XyBr02b829OBUwaZx5VGj3ER22nYDIOwVVw="}},"qkYcXu3Jcua4SxNb1TTiW7nRMOysY50qS1dEax1Mjno=":{"valueMac":{"type":"Buffer","data":"UHNdN7ZicKkk7bcQ3s4thBL3pzUV0+3XgQff78nO6tk="}},"sItziS2v229dcdC2KFFjPCfLhb/czZgrJFTC0V0x7wE=":{"valueMac":{"type":"Buffer","data":"4PaADEH7YjbdnVNA+WlKSqSafFAECNZ6ZSxTm2dBwjk="}},"tCt+T8wi7BrI40w9COchduJHZl2yYWYwlfYMPqm3YwI=":{"valueMac":{"type":"Buffer","data":"9585hfw6HbFGkDDBpXbgNGPz3Md29NEVEIX9v91r/tM="}},"tFILscTu9/eOwMaZivMc2G1KXHhNEf2uDfspkCtsdRk=":{"valueMac":{"type":"Buffer","data":"4V3U3lMm31suQuJG/cN5nXtPhM7Ua3HpUwH1tZ8SN+4="}},"tFokmyT27v4zMuvWUH+TVwIHEEOa3iAgZeVOXiUwVbo=":{"valueMac":{"type":"Buffer","data":"iz85RcEw3D3eEHi1kId4nUIi/1eNPYMsJYvCeaqP9Ew="}},"vR2SIU85b17u+qOnkETxZpSknNP519tdRNfXGn+Vpsg=":{"valueMac":{"type":"Buffer","data":"UbOcG3HMl3WPdjWfYwA6XlyobCld9VdwkTjNNDlD0es="}},"yEHL+YDIZMLRz+Wy/XglavZFGVeHrOiIhT4COK5tmmY=":{"valueMac":{"type":"Buffer","data":"s9yek79tGy+F/MV7jlwAYPlHb4PB1jKhfYHl4keyHJI="}},"ygJ3UgGvKMtzbkOcvMSoQP7EW5B2GHBwtxe2C8RWbak=":{"valueMac":{"type":"Buffer","data":"E6MLCG7ATtqlss7ZTdnhPEnZNAHr2Qysl2L39WPnqQU="}},"zCWl97qzBGH69MFNe5y+zP8nCHjeWtW8k2I/98T4HcE=":{"valueMac":{"type":"Buffer","data":"FFZnurxkx8rAsHCaLZwcVZlB7+PHAzSE6kCTwq2mLjc="}},"4T9+x2GNhG5d73daioi9AR825BZfAj0LTktZm68CxBo=":{"valueMac":{"type":"Buffer","data":"zU+We9qBOGub+Tv6pAl1V+XuFFBGUMeRR3L57eSygjQ="}},"9XCZ672DGpN+Xc41Uh8ji/bIZgzpi+tGX/Lbqv3yA34=":{"valueMac":{"type":"Buffer","data":"x8ztGv2SGXzPBejgvTu7E7SkRr4nVAcGS0DhRL5wMj0="}},"+fhbIq3quEt//fMJE3Xkyzqv+S7q0OSF0QVB4cYdLGc=":{"valueMac":{"type":"Buffer","data":"pxfYfigbaW1t7cZzJu3UhWe0CRqatLwlMNxpxYMniVk="}},"KxkvxAXVaPl5Nt3CVWnGWPnrkvbTv8UFO7s5ZFBUXYY=":{"valueMac":{"type":"Buffer","data":"kWo2euSEx6pwTVtzX+WaFrOK9npNHVFyovW74cre2KQ="}},"WNfPXox0JfhEM810pqacoUaD3fAzsoD2FAF5pwq1+T0=":{"valueMac":{"type":"Buffer","data":"1D/aFwdaOVyMDzHYy4GsC862egi8xaGs9axhR07jH5Q="}},"cM/iRGkTvixq4pmt/mU3JLW+bYI6B+BaQLmxRaOVCMQ=":{"valueMac":{"type":"Buffer","data":"k+F0B+iWFXD3S4E05P/bvTDBLclG1lE/xjicDH999wc="}},"wIUWbGusssjufc+EWXCVC6S1Sx+2MCEq6LZfxr+q0Qw=":{"valueMac":{"type":"Buffer","data":"BGIy1ug+ulOQpKlHsvs2F8npgBcVs9ATGn1Mi52AIAE="}},"7F9KEjtUTrEkgX3PO6Fjsj4qVJLc7DqW20FBsYL6N1s=":{"valueMac":{"type":"Buffer","data":"ev8GvgiDeJ3ERVEXCrumpb11kxaCV3WmGn6HYGFL7yU="}},"rj6fzB7KpGeHi2vqIY/pmCOsYw6e+tpndSZX/+q5UaU=":{"valueMac":{"type":"Buffer","data":"RlN/29FX98fZ5cT5Rv6tOVVbb+FxEshyt5op+fr5GeA="}},"BU/Fxz56MSJaH57paMVz0+LOaudiCVihGgQJP7hZSfI=":{"valueMac":{"type":"Buffer","data":"HRFLFaWoebVbA6F0OhH6nnIF0G1MjFi1zWdZEEEKxqY="}},"s4ZiUr1pR80BxJuggF4ZH3XU/vd0ccWqdXMgJss6lOI=":{"valueMac":{"type":"Buffer","data":"7TTMUDvkjyTBhu+OagizP9syk0xBTrQWN3qM4+EsEtI="}},"wXby1eJytw2RbTJARIjox+iwmNZE2inKc8oXf+9sapI=":{"valueMac":{"type":"Buffer","data":"hPu9dr+9gD2IzaNdj8S5eQ7BlfOXXLRhsxt70AFQ+MU="}}}}