{"version":64,"hash":{"type":"Buffer","data":"XK0YHUJmJ8I7taVbwG/ui8Um9W1YecWxZFovZk1gp+rs+B83j3pryIHpOaDC9fpe9ar4PcZsZtJZR4EHk7zcRVSqy/CmZiVcGavqHggvR2KW+DT7JswGAGOhsmyDuzfY/RqlZi+nJTFAW9Om5eLdv/HqZEq093x1HtOeBgN/IRQ="},"indexValueMap":{"AM7xO5tHtnkKYfUpkDuBUL4GEdjdIlz1+uLV2jQJzDc=":{"valueMac":{"type":"Buffer","data":"GA6hDtifPLBccikkX4sTE0+GZiBhK4vSm5XKO0zYV2s="}},"Fog5jRRPWWeS6l8nHYCAnq0jC7JAHMNtP0RjXM7ylf4=":{"valueMac":{"type":"Buffer","data":"jYUya05XFlmitBwJK9ISfoxaMWtS1HdnVYLq4NqKXrM="}},"Ix0U/PyAhlHMVn/KqubdeDRBRPdGLD5l9iscIkYt41Q=":{"valueMac":{"type":"Buffer","data":"mm8Zy13S7pIjFn04OZeB6hGn8GTluqzd0g/6gDY25ps="}},"cn9bW0snWI0xACq7VL3KKryIA4X+JRlmgQNAc3WZJu8=":{"valueMac":{"type":"Buffer","data":"dowm9CV3pc2+aREYorlM2M1dFZateo+RvX4fh+hbR1o="}},"xV24i7ofmRa6eF8QUnrcDmPJAUMbOcH2JgFa40vrk2w=":{"valueMac":{"type":"Buffer","data":"p1wutd5T5CS0oDTBmWoRfiLxgCw+YIwONQinFj/P8lU="}},"zk6LCBmq56pWQbpR6yokOhMcDyT6b8fvV/pM5jBloy8=":{"valueMac":{"type":"Buffer","data":"0w/DIL4gH0AFOA2Ecqf8+niBxn6jDYdyZJ90KGp3/LA="}},"83PN+79qD8N4L3IxSTwmyKyKmIg+UF4nZWg1XQ78qOk=":{"valueMac":{"type":"Buffer","data":"OAaVrMYY552+yLyq9GQRxhHh6ExI/z/DiHKEGL3wdgk="}},"99kEQUJzvyLfl9XxsGushZCecxM1rGNUNVtaJK1A1BM=":{"valueMac":{"type":"Buffer","data":"bWHZuuNJEy8+E3hUOaTHDMQd9cKmRJ6dhdyqX5CbK2I="}},"+JCsF1JBfLnimQD44rG6Ba4RusM0BCIemGWxLzN0Ivk=":{"valueMac":{"type":"Buffer","data":"d11Vkcv+mXPzZUhhujcBFn2/WWFVSs6TAqY+0em5pto="}},"UAQ9+sHgZ0Rfu0z1C9qBxHXYcyJVS8lCc0qyKMPqKbw=":{"valueMac":{"type":"Buffer","data":"XIUEanaBJ3qSymye6SzKWHTGz0Puq5WqFuUkKWw13RQ="}},"sbrk79RBVgUMnXVVvvueNy+0kvqfFUEEQgwp0idX+w4=":{"valueMac":{"type":"Buffer","data":"cGgUPJXkJ6hOAkXzMO5ArI/PI9FogxOAurrQMzoD5JE="}},"tuBBWIz5OWK8rN2i2AzNf82lGv53vvxkwJHZl1ChhCw=":{"valueMac":{"type":"Buffer","data":"66CiK8DQecEcCHwqT8TX2FzNQJuz2aS7sGtwhWFr39M="}},"lhQBT5ux0RJcokcZkT4OwCGOLH3yTZQ069vunk4QGkg=":{"valueMac":{"type":"Buffer","data":"CEQeNG2xT/a/lF7UXQdRT7t30xPIUvefobTcF2VkDSg="}},"Tr2vDfrBNUV+/gS5J7amTliyBWKHFDR61VQYeH6N/cg=":{"valueMac":{"type":"Buffer","data":"KkDHDNQUF/VAQy/F/BwEgq8XW3xQkYS8pSRfjCFp8UE="}},"kkiFJyRzcXNFSm+CUmCt7OSpXtpeCd5j6IQnfdAewkY=":{"valueMac":{"type":"Buffer","data":"z6RoGoXu2EtfeWkdU3TXtWd9DM6UB5aVSO1A4qEDeps="}},"GTSACY5jHWSJ9cohCITBAR7YAbTvMXcaPufHpx2uEqY=":{"valueMac":{"type":"Buffer","data":"p+8Q1fOAibuHjuvYWO6GpJL7st9InvYLekFBzotjv4o="}},"13Hp0xs+7i/7KjY52T2yYd5VV6ZRytZUJ1bGjyFKCzM=":{"valueMac":{"type":"Buffer","data":"fleL51NPDgzoSMEb+vReRofaObN/DX36qvviEFihH5Y="}},"GGlQOhKx1jMDLFjmIdQyHzZjPHvBp42K9JRQJ+oRkwU=":{"valueMac":{"type":"Buffer","data":"nthhDj1uRde1Mlajc63z8Okyjch9stVH70qCrm8IcC0="}},"jMuQKzedqU/dmlKBfnV81UyL68of3Je7CfJphITxoD4=":{"valueMac":{"type":"Buffer","data":"kQsALOQ1Jzp81LEuzSCLjB3unDaYOXh9XkflznrSz3U="}},"qWGw6VuJWLpO2GVsC/H9De0QAY4CiLbXP1Ch4MYViIE=":{"valueMac":{"type":"Buffer","data":"vYlBXo3hEYSeVF6Iyag0ZhEuMDN+PCa9zgnvBghi0yM="}},"t1XFhlE5NUU6RZjvsxP+sh90NsgWmWKGw15RMGjclk0=":{"valueMac":{"type":"Buffer","data":"HM7qOxryScn3/YmpbKTCplhDfBw5snoJbYu230KNb5Q="}},"FB0JnV/xh1FYy8EOCv8HtiMQLvzC68N1jjU+M6ptHCM=":{"valueMac":{"type":"Buffer","data":"k94ryE+i7DfiMaJjJ7zGJUaDX4+HGhmZ0XXH9YCa2Ew="}},"EXILp0H/8C4ojeJCxHGjwTW/EeRvorQ/WXJDh7TFLlc=":{"valueMac":{"type":"Buffer","data":"9AXD4NNf0QfTcXI7iqIaIt5pmkMWGDtanjG26FaHWp0="}},"uwsp9xX1b0HIB1QRp3lC+sionqeCoskm3qiNBFYSlkE=":{"valueMac":{"type":"Buffer","data":"M0nq6NJDK/7RhDPJUkQSmj4Maz2qSMGyjdyVuLF7JUg="}},"PGzGbVApqNu/8+1coRef1cgGtL5gbDsJ9tMvmQ3O9Ww=":{"valueMac":{"type":"Buffer","data":"ssZCUXZonpziLgtTt+mhyHoWPUsJkRm9w24XNOd5P/o="}},"XMbhRBnJVkeFKWzit77+v4/5SeywGULYv4chnwNpQ2Y=":{"valueMac":{"type":"Buffer","data":"iQ1hZbKZcm/7ctLO31yYYsl8xEGRJeg6Y42G0DsTPKQ="}},"dRSbQq3g3CCzmeFeI/Kbvq5ib7hshPwfQKRvNd5VN3k=":{"valueMac":{"type":"Buffer","data":"O3DfUNbKbOT0EqjYxAN8qhWKKHq/gr32jdOC2IwsGy8="}},"wLVUTvy/UvC7+0MGYesK5aoM9vgQkr7gmnA8VR0TbM0=":{"valueMac":{"type":"Buffer","data":"ld5/qJP61Ed5uFasTkr7lIeoWpbo+8UhfD4omPffsB8="}},"xrMLzpAWt/IW7fb10GJicLBubVGozQGvAaszRT/MVko=":{"valueMac":{"type":"Buffer","data":"L1K2cqXnwSWJ6Y8m1wFRzw+stFTKOmmZfqoTWNtxZbg="}},"ppopitNuvHBqZhovKCfhVhlGCwvc0HG1cHPva/qrX1Q=":{"valueMac":{"type":"Buffer","data":"ZDXVGQw3jVusyI9gWV/pF4SeFrsFTSSOryf5yQP3gbM="}},"0HYbQy+RuhOFxbKCI6cuhIGWu8uvTmbcpY0qNzFmcLs=":{"valueMac":{"type":"Buffer","data":"EL4b4vx8GYPMxLY3Vrj1Mrzoq857c/yx0DUX8CEOTWU="}},"5mBOimeFpmDRS1PJfXVLrxZYwvyh3hidcvBahHj5Amg=":{"valueMac":{"type":"Buffer","data":"Rnw93ImS8KWRZRraocp193pPfRffdNc16JUYKGHBcs0="}},"5e+EyeaOFdj423uG7/Ocbcg8z6ZDVvcMuv5XhN8bHVM=":{"valueMac":{"type":"Buffer","data":"hOI/S4D+LjlqOAmUN1oZpKqTo+7P+gUH/LOWGchDwI0="}},"1dQyC+QBtGRGmtxCuBPgNCMF6NV+ElPkFFEyrLYx84g=":{"valueMac":{"type":"Buffer","data":"M4Xmz+Xni9NinZmPLohkW/7LHieg7mW0g8rpbzbTeQ0="}},"BLFzSVpJcaXa2CikaN3Kldl8a7BhKBMZMH04VP+F6wk=":{"valueMac":{"type":"Buffer","data":"n891lIEtaABGwUAZ8q1ck4z8eqcNo/FRYrpG5y0oz0o="}},"cjkc/bQ2z4uTnFBOjmtUQnMfUNQqVbGWzYwQ2Bq4hSM=":{"valueMac":{"type":"Buffer","data":"kmsgUmgQ7CCksygcx4rjo55xvTjd1mgAgx419JMO57I="}},"+CcXLbyjHwkthv2W9f4WgxzPlhZo4pRRzUOtCzLWsFE=":{"valueMac":{"type":"Buffer","data":"73ynvVL8Y38DXCxzdbqxjnXTsNAC5IxX8pDl98huAhM="}},"2CnuVxHoiPlDDk8c6FAbFuIOQ9aHnCL+FuUQoJsLEOw=":{"valueMac":{"type":"Buffer","data":"n4COuSbH+lSF4X39jxkCUev7RzoTzBwRywdGpe1ktBg="}},"mp8JvDcymXI1h+cwgq6RdLtMGE+RLWyEJ9LxEcr+OgM=":{"valueMac":{"type":"Buffer","data":"bUFKsN4i8s0xSfZ4Qv78zq0Fj5aNQcN8QMnoaj62DZM="}},"ExF807p4KifBfT4rxxPgqIBmEEVb4TRds1I22WVD9UE=":{"valueMac":{"type":"Buffer","data":"sITRk74yXfQlGzM4FmrIlpG4mwVJMx8oTYGB9gFih8M="}},"hSNps5FyCfRTn3CHhq0t2LTXpqFPPj66a1pEnyPzVNU=":{"valueMac":{"type":"Buffer","data":"LWbfnaAgSdZyn1Ek0NQR1J9T/UOIBEZwUE6pHYYerWg="}},"itAVIIWZaNogaxXokmM2rEjCcwEpjViz/gBH9VUTtvY=":{"valueMac":{"type":"Buffer","data":"OYRfTGO9MN7hFgojUn2WGAzn9YyniSziDvqtt/vk/do="}},"eA6MaYylTYEA36iN9Juj2fbwXNwqmGofCSvUePkEpD4=":{"valueMac":{"type":"Buffer","data":"hDrusjiw5bOJ7sxP1wnqE6lfvqkXIVuttixKZ6Zx8zU="}},"j6YVjF9NjrNOPbQav1pvGACcL26MMhxNUMpPnAvzc5M=":{"valueMac":{"type":"Buffer","data":"k9U2c5CgasZvbB2GPA3huuWvh0/fd9RYuPiB64DA7Ks="}},"QzckzYHPD8dGcsV1wbs9Nwu47N8mMrz96SjOPqCUCLM=":{"valueMac":{"type":"Buffer","data":"z2x8aJzYL6pKFl7d8ogU/weuNCmbItk6bZ6ayoy3oEY="}},"/p2sCvaWlXi7LTc6iKrBPR4hyyznekzhTgueKn31LEM=":{"valueMac":{"type":"Buffer","data":"3rs8CAUCd+pb5GkZn+XRDZtwxo/6UqXOVNai0kBx19M="}},"PaOAg87O+R2q29f4qwMQaGq276pvS9BfLSf9h1jhTSc=":{"valueMac":{"type":"Buffer","data":"nPHdKMn9vet9ad6yr8w/TOLUZYQiuLf3+aCwXMWM8CE="}},"gS4AdlP/OG9b2dolAftO7qrJwTgKvDH6pdfQoQVb/NE=":{"valueMac":{"type":"Buffer","data":"g/9+DKxme8/5kMQxaHSJtmLgp1wbslI6wdltSvh6hx4="}},"IyjXDokMX6MP4KJhuprFE8t91DvWdXn5iuXi4q4ihIc=":{"valueMac":{"type":"Buffer","data":"28Bn3oyofsQFCHDkvGi6dlsBVdn/cUCVitWl8yGeGRU="}},"1zH+KiTVRxWUpFDfy4UZJP/5mHR48QvwwxAsx95IAjU=":{"valueMac":{"type":"Buffer","data":"lzuLMPRb/PZHuD/Q6AtAgVPOPWxaYluZ3J/2ulAlycs="}},"mG1zePBHUL0w2iBRPBRITXi3w2q5C+QQyCNoJ9WZNAo=":{"valueMac":{"type":"Buffer","data":"91eTO3h+g90TE3w8oOrLwfR4YGpNyEm8HYVIyXDIo+c="}},"uRviKt6Zd1ngtYeSBc8kXGYJzw+Kxd4inHueXjnX7pc=":{"valueMac":{"type":"Buffer","data":"VPeWrnAVcURZ/eHTIgJAOiaV7sIWG5CsycnVC1TTLHo="}},"8UxKX/emkZg5vkSO/N2EpoG19ygFtxs7PZKDLBf0uN8=":{"valueMac":{"type":"Buffer","data":"Z3w1/JyWtxakWluzRHg+bN98MK03bqYmVcoUZzoN788="}},"J5SEYLRvoSgEA1tA0nKRq8KpEujapQShxexsnLQ6vC0=":{"valueMac":{"type":"Buffer","data":"KekleSEOjpN1YzOlZmLHAoHhiyOwqRGYwUWyE99+7F8="}},"iaG34fKHhNuDJMF8tf9bkFWEIv6fIA7ZuAe2TPGJJ6A=":{"valueMac":{"type":"Buffer","data":"UMGMyp/lGIV5pLKC1xugaGAE8i5x5r+suQZWWVE3mtY="}},"0Zin2mEs+TCaUARcM8WVZWYNgSsAuj9uabH/IGntf2Q=":{"valueMac":{"type":"Buffer","data":"o00bWdjYU3aRbJmJh8MfaL1UjF12fBb6UQf/rbsaIuE="}},"sCEQ0BJppsNoNCosb71lBJeRdo2i9z3wj46SfVL06ls=":{"valueMac":{"type":"Buffer","data":"t3KaXURdpU7tHnK5NdqLaUgwl1bFvNymWyRKECbim8w="}},"Ujw2tIPsxNtihJQGoI/bHi2Krpn/nabShpWKS5uM488=":{"valueMac":{"type":"Buffer","data":"B4G8VsX75/iwMqO3KUAcTfRouLtlVBUoiKZdVLm8j6Y="}},"aiTW86qglVwmT/K/sDl05xYJ7JaWXeYD40ek+3mGMW0=":{"valueMac":{"type":"Buffer","data":"dPJGZzecLpXQ/alT8IxXJN6huyv0HFbUSiGZ6SfDbtU="}},"9EoDH2QU7wIGfDtyUBqNAm2NuMHLGPKNW1t9YrXlsSw=":{"valueMac":{"type":"Buffer","data":"nFrnAVjrPbc1T9XigoqGNtnUHMb6Z5LsnpuiVG4kPTI="}},"Pswug39nnudxwfa/e1V0AODe8D4DqwDTKILFTitgK8Y=":{"valueMac":{"type":"Buffer","data":"9zjGW5mVYF+A68NlriRP6JoXDDqabxfzLq+C4+ani7c="}},"L6qCA2zpKv6NqrMhDYOZjy6ntG7Us0pnNqksOcloirU=":{"valueMac":{"type":"Buffer","data":"8WwMZyt5ombZ5im86Qrz1xgTKEi5CjZBFF47eUzpYF4="}},"ix9ULIg405KD01fGuZzU4aIsa8vWl6NT8v4rO/9Eg/c=":{"valueMac":{"type":"Buffer","data":"o9R2Qu0scUTpyGJ6XoBXfpSKiS96Z0yqyMsPi/dtYqo="}},"sUmIrs4D8tnq2YpWv7Z3tkIKJlucSeeyldPJoaCgxr4=":{"valueMac":{"type":"Buffer","data":"lGo2+IU/AWRZX58vjGm7CsqH5+9Wj4Rczkh5pbCeEfo="}},"PoJpRVYCOrq5svYixMffO1cHCeC61BIvp6Bq+11XDg0=":{"valueMac":{"type":"Buffer","data":"FcZ/LYwmWkT/LUQrnsk+fi8boGrE0zhamkzJSLabhF8="}},"k4YSfwHHkUTTp27vNs8Varvm0hPJL523es6ZMA9miyg=":{"valueMac":{"type":"Buffer","data":"Q5t7q73g73HHB8a8H9kklAt+Ch/D6FxnOv1vr2cwL/g="}},"SGVut8XlVan8I8MZAK484gwNjuKr94Sq7ANp51vmLVc=":{"valueMac":{"type":"Buffer","data":"tQf27n6T2XW2Jchw7LX2omWljKR8ARY0lvZkgOr31JU="}},"c4c2GEQJbaQ6DjNZDbimzIAgrS2PHRIZgRRC/WKYSEI=":{"valueMac":{"type":"Buffer","data":"WRjj8n+SPPiEoILrJ+bPnRhbJss7PkM9VAHCBXSijmg="}},"QAYyVrJIyVHZTE8KW6Vv6dH4B72zMUjdPIalxrcSdCw=":{"valueMac":{"type":"Buffer","data":"my9+vQyDU5+P9/mlbbEYxql5fbixi7Je+Opu91y23HA="}},"mqR5xdSpL2xbT+OobgqrYi2W19QAlEE3+REldFqaSJ8=":{"valueMac":{"type":"Buffer","data":"U0qnJd5r0KCuyVa99kMTX6BDHXCQsZtWPKOgxhdiKKk="}},"kLxIK0bCL3aLiU6/J3PuEesvMQDHKxGzuiw1UnzJBqw=":{"valueMac":{"type":"Buffer","data":"xGZIM1LTcuSY1k1DRcUDKDN/kW4zBnu5dWqqOLjLPz0="}},"7JKnzzyfEPEV8BvDGcJUFOx6wSsHJ2MXdp3u0p9yPKI=":{"valueMac":{"type":"Buffer","data":"jqq/bD4S+Q2ZxuC/ARNyVitve8LBLublRDlY2nemv8Y="}},"jyRmjLrNyvsEblxbeT/X2vmo9zIaSM44cn8yAI8fxOk=":{"valueMac":{"type":"Buffer","data":"oRv/4EndV27yre0dH9iKAfwahpjvGKel2cAhMUjujEA="}},"N0GjpWhJkTOu8AFr9Nw/G4+HVme949c/6bBEm7KrAKw=":{"valueMac":{"type":"Buffer","data":"8MuwZ4PqXz9XRD83V3dnzB7s3IxpfZQye+AwZ6M4Bv0="}},"BQmROrrQpanUX0q4Wr4OHnzz7V75CmL2maScCi2Tazw=":{"valueMac":{"type":"Buffer","data":"svt+o6ipCujk6IWLantXTQphIATbr96q/yUF747ZMoA="}},"qmVDv2VYTTMY10fGEVX41xlV9QEFB12qahMafBDEw0g=":{"valueMac":{"type":"Buffer","data":"yqex2wSOB6dOqB0TwzcdQm5sT1dlr8x+QM7byswmzEs="}},"mn0y49RUeQ88rknanAAcKqU+TNdwR8Wd7theDUQ8dyo=":{"valueMac":{"type":"Buffer","data":"ncUvMVG95JwCrlguFu4IUqzywtGXUI/q17mNbbGE2Ok="}},"rgysr1zm+bel6ofRFnsCeWrQnQc7Q4M+ANUP//nkS08=":{"valueMac":{"type":"Buffer","data":"dqEMEwWXiAmguYjF2B2I+yUYLmX5YqZx2z8acHCBTTw="}},"UtLAVFiwUwInxUMTbuJ/Imq7+C8kFXCK0YV1y+hdOYc=":{"valueMac":{"type":"Buffer","data":"5xtherDWIRMgjtCUNWYjoYIRoKTho1HrJUqQKvC78nk="}},"iWI363eQ5NARGtUDNI+NvhWTz8rAawrprdT0ykKXRg4=":{"valueMac":{"type":"Buffer","data":"as0fn+fdby10vv4SctC6Qm/1ogy+LFudAZu4s3O/zco="}},"YPTwrlbPrWqq8M4KPGFXv+GUtCh/qJ/mYz8EKzG0cTo=":{"valueMac":{"type":"Buffer","data":"/MCv+mk43HTXCRSVjrGyPhZgBgoKR+T4rjJ8GP8LHwE="}},"Q4hmJBID4M+aJ69Fwzf1Fqz/9cj4ktwOKbl2EZqvIcs=":{"valueMac":{"type":"Buffer","data":"QgDZ8BmGU6lI+OTto6RPCRADFKY5OAOviavF67lvfTA="}},"MSnt1efwRXbXPnYb5ZiWQikiDaDzzqw6CV2ruVTa60w=":{"valueMac":{"type":"Buffer","data":"bFLBSTCqP5ncKeWkBhJHNfs5cX8RndK3cjhcl/sFFs0="}},"gwOutLflfMZjLJuMcQNONZgIzrQxaT5t901dreEflv8=":{"valueMac":{"type":"Buffer","data":"kcAL2M5az/wBafWjMcdAzdM4uTt4MFMaOYrVgAqlpk4="}},"hlNtPt3eTGzHZCjuPOs9T/qtiiehaIwNSg7AINH9HbU=":{"valueMac":{"type":"Buffer","data":"+NImZ5veGm9KcN6DJJqM3RrQYJQGBKYOgd1E6Nozdn0="}},"nSycu1VE0XzzSGXRuqEiig+9IfLOYN9UnmFr6dBwqv8=":{"valueMac":{"type":"Buffer","data":"ZqnlQjUgIiLaY8aih9SytzV8m5vqacP7tCkg7BXHB3E="}},"sAM3EKRHh7SpPCMVY7++YNXy/mN1vZvFV5PmVBBBvUM=":{"valueMac":{"type":"Buffer","data":"eTOniGOaMtVzxWQ+lvPvUujRYkwHhvArNzjdmNYAFsw="}},"0cXcqcC2ktxjfJ6NXwQK3DTkaQ5YexsILO13WQ4+03M=":{"valueMac":{"type":"Buffer","data":"7TU1YuMe//P/yQply2OeguFYQaeG7ABwKYsvBEkh9Zc="}},"8z85GSnm3oYuchVpclappEMRcWP+ry7zyLg4Hl8Y6mg=":{"valueMac":{"type":"Buffer","data":"+82M3cImMaXd0xfzidqu9jyTOiwl4/aQ9Jm7TG9JIkU="}},"9tmvGUQLitKjKwtlilseMXwEZZW0o1YM2mOfKWJ3uyk=":{"valueMac":{"type":"Buffer","data":"e7orx1qAkQmBKhr5MVLPA1r3pe1BdWPsodu0zJtzbEM="}},"L/G6KX0iTUmzbcFi/AdILVBZ7lRTrQ9FHOkrMLMzPPU=":{"valueMac":{"type":"Buffer","data":"mxL7kqk0dZNPt9Mgjq9AySYDhKKHyd+FeZPo0Vrmr3Y="}},"k9vbvBy4CzDz5ei3bod+V4bvXiIaA5vckuG1Ixyt+F4=":{"valueMac":{"type":"Buffer","data":"Cgn8ZuflzT/koOccSMwxxSV7A/PX7/YiPWWvpPrdzQ4="}},"LPUkTRftKC1+F9/jiTmoVCML/AmBrB/vJT2nKlylTyI=":{"valueMac":{"type":"Buffer","data":"javWuXnnF8ocbRGJa/++VbHQOyw5X3lvmV3Ac/tnFoM="}},"Y3OyMqmAU7Stry4CdzPlY8gqSLB3MaG2uJ63EdmvCzY=":{"valueMac":{"type":"Buffer","data":"eO1cgcmfyPFkLjU4etzIJIgzlJ2Pk9klavSuhSCZnrM="}},"KOW1vDSGr0RKUh2aAM696mUKei+7EZyqKXpMK6Kfn6M=":{"valueMac":{"type":"Buffer","data":"zb3mFbHT+c7cRVkJP/mbCdD/7bJTxyHgzPzrsqClsH4="}},"HBaXA0OuzCkxvlf62csia7biEccD0JUglzpvJ6A+zD8=":{"valueMac":{"type":"Buffer","data":"cZC/8yt75PBMBlJ6kqfxgs9p40QpEfwe7OALAYRnB0k="}},"HFnwxtdkJq8JWaSGwIDgPclS9I0ksPsCTS8ig2XFS5U=":{"valueMac":{"type":"Buffer","data":"aiTV3QwAybInValtPh53UGKre6HLRa2fcLvAJH6unAE="}},"tvfC/Dq9lQ04d9uII8ZuwzLIjvwaTgF2FjRGVbhaua0=":{"valueMac":{"type":"Buffer","data":"5Gf6hJ/Vt4UZdYbWJiF3OW3/ZVrKLPC27ocj+LCSMt0="}},"tEBOLUhb6jm61XJFl9j39b1oCBA7TAu9YuFHe3JzADE=":{"valueMac":{"type":"Buffer","data":"T7bxiXMEKpa1JTadAG/FU8cl36V5IKlVaTDAuId3dsc="}},"IrNFjnfbmNvW1/FMUpIW1qMDlPm9IalWW9DNPf+0D84=":{"valueMac":{"type":"Buffer","data":"RkBWQqnohqiGVG3rfr5jDPDGsVOAGtSbnL78UfNOWaU="}},"5KXAy7XZ7P5O/NXIuICITbpN7jgI7aVv0n5JKlOiPDI=":{"valueMac":{"type":"Buffer","data":"aiiTw6c1pSJnQFbyFDNlug90RUoyKoAg/RtmrcR70f4="}},"Y7/IK0dFH+UKjLjxEPltT2Z9l8RWMRFnMzk16ayDzgc=":{"valueMac":{"type":"Buffer","data":"BaPyKyDQydH3Oj0Ztq1kMog3WkR06mG94bBYuN1xkpc="}},"ZeOisH9jcWo08edhSxhYj0/KU+P3P5ip/WuLpEngbZs=":{"valueMac":{"type":"Buffer","data":"7NZodroilqu2CM0QJwAEuf+nGLU5LFRx9r6Z0I2nYcU="}},"qZJk2o4mYREuqWUzAN/5eCsf8CIdxxmstAEplcwf/a0=":{"valueMac":{"type":"Buffer","data":"GuzUC7/R1C/3fhajHa7vm9XEJ6RLIJ+HXjFQ/GJ7oqA="}},"+yBce0cY6wviMOrwmx+hAqPrp9GVracupD+qcOp0vIw=":{"valueMac":{"type":"Buffer","data":"348SEvX+gbjqS/zEp7xD5ooonkow2qYLglb+3S+EI4s="}},"18+Fq8x08qiNm2wuvTAOGBLsPUCP80/rI+ZZjBF5Yj8=":{"valueMac":{"type":"Buffer","data":"7CvhBlclE7CosmAAsqaDes2OHbpHqHhl90GLTVf9TwE="}},"AVgGR1p4R+hob9ck9Io6lkLejga0EfKnR1WhnmSZ5bg=":{"valueMac":{"type":"Buffer","data":"1gDqmJXlhBNmmJdppVhcTReywVOTBsXv+LW10GYMw8I="}},"CFZim+FydfaCgCsdiKvMHvCVuJb9bbCrDkU4EuVjR3I=":{"valueMac":{"type":"Buffer","data":"xDangsx/V5+jvYGxtZoSGDfYY1i9PffZ+CEIWPImOjE="}},"ABRPczxpdKyO9FgI7NbgFp8D8DCNKlmQMRn5MTGIMCE=":{"valueMac":{"type":"Buffer","data":"TbOtXJPJcS57gJhy3UwUS3H92X9Y/hifX5/2n8L0cIo="}},"4emKA8HZOgSJ4uk/rE+mW24Hoyi8kkfdqGd8tO2cRCs=":{"valueMac":{"type":"Buffer","data":"2tu49rtvd+WdJreL/QWXx7cm+hqDbjLsXW+R6a1ldbU="}},"XHUOgQcs6HshZstgz4AykfABhfjOFrFtM/9N8t12QHo=":{"valueMac":{"type":"Buffer","data":"g1slLlKLFEOZZ/GUUZRvNFTK2XOms4PjQfK2fjMjxGM="}},"5V95S5Fc1mwfCH3RyIDZruILwvwBGlmXL9zJQjIW19g=":{"valueMac":{"type":"Buffer","data":"znT6BMm3UOX+fmnlNshrp4l7ifMqaAhfHDeFJLCh0f0="}},"2T8yX/vzDnGJixgYWy+zl0VcCLsAxoWHdgtdA7DH8Jc=":{"valueMac":{"type":"Buffer","data":"YwyM6Tro2tLDqfA+DlnJkQneS1ruMkXzJprHojFUvSs="}},"+v1cDGtoaAsFFS8zyVq50rQ6unYoujTVsvanfPWAknQ=":{"valueMac":{"type":"Buffer","data":"KbJUejdoUpJrYbh8JQD/NkmAhNqpjvRdQ3m6uOdbLl8="}},"Zi0OuM7TJoYiepA/bm1/KT9uK9DMblj4k1wl+TBaIp0=":{"valueMac":{"type":"Buffer","data":"ZxC4074QZocdogiHcRVtWOQBqBsNHW/uju9G3I6d8Io="}},"1ZS1gG9DEDwvGTooWsPBn70Cc7mX7jinaRQJVm0ojnc=":{"valueMac":{"type":"Buffer","data":"rhPJla1h/x+qhzqCvCFWCo7QIPqlBEd2fVNczxEezo0="}},"RMXRBI5Frxom963RADIXkOtB5hZ4OnZ26cGvu7enRmE=":{"valueMac":{"type":"Buffer","data":"py5Zcrug5lqQzl1BgaMhi5GMyMVXdjiK5q7w4KOmu1k="}},"L99RO5hIGXpR4oN11YNkxo4HSfanvACsrITzaHrl8Ns=":{"valueMac":{"type":"Buffer","data":"juJCjobYHMAw/J8SbFaXNPTiJK4rl9oEdrnPpj1DNCQ="}},"xtv3uU8Ie8VzfVqy7iPnE7rfGSPOp/jd/mYG89U0qMo=":{"valueMac":{"type":"Buffer","data":"ToGTL+WIbxKUKjQr2+nH/l+SY0ScQ+ZU0cPsCs9FgMo="}},"8C3akjc2bX36kbUjFPlm4rCBUDj6wijvs09iSxpWzzU=":{"valueMac":{"type":"Buffer","data":"uhJZqb9DntK++snLYD8xnaQTdTKLZXwTcBbOBE84IeQ="}},"HTQ8CDMsoLX+wDUjacztFYxaoq7uRkMtiqlS9lumGwI=":{"valueMac":{"type":"Buffer","data":"AFYH024DMy5Ax4E7oU+Ffpjhe+teYEXzGBf4MAcLhN4="}},"N/bwG3Q6rFKWhpyTFVA6RCAFUalTa297DdW8tNdiPGc=":{"valueMac":{"type":"Buffer","data":"6e2AB8+AUmwpSujfIdHliGMNyvWPveSYw8Ovl+1MVW8="}},"aHHZDjVor1/RkdGSeU8KUZXZKIgJBCZekQjKcuui6cY=":{"valueMac":{"type":"Buffer","data":"M/YKNe16InH+q7odDqLUksLImRU5D6aokvOzUR3GwsY="}},"+Ykj55r+bJhQmUKBmA3WMUoLWfx7eQymmz9bm0xOkkM=":{"valueMac":{"type":"Buffer","data":"lODwRBj3BPd6SHaZBcPqw242ayr8oHhsWaHGg57E204="}},"z7EecTCtOoQAZVGZLiU7sO3lmaftzfze6LSf0vtnF1s=":{"valueMac":{"type":"Buffer","data":"/kvWpAIyInwX0cDWFX9nS3whbR4hcyNmgfsExlqfBhc="}},"TNWbceZfqfkxgfGz8TzHHiX0EeJYj6p8tS0JSNj8BhE=":{"valueMac":{"type":"Buffer","data":"DXKz6+4Er5c3SkY+Bya4MA+B3LAhCgiaP6vez5oq4/8="}},"MUx/gMeiLfI1qJo6UGH9D28Co4Noq7HPwv8ahHqDmII=":{"valueMac":{"type":"Buffer","data":"oRKfBihL28243zS11qQP3UTHsRp7wCXUlDThKLI0u/I="}}}}