{"version":150,"hash":{"type":"Buffer","data":"7FDsfHl2rGXwqt25oaEtkF3bIZfy/6Fz8dvyvGQVNdhdZOgeofjx/SDFPKRfJnRFujQgg/TDItSZu9wXFJIS5VJbWB6PBrznUqTK1l65ftZnTmV9hRTeTguGutaTosO63ZoJ7a9F3p4NH25JVOIcZ9p8kQI8ucs/4B6ZuLFGPuk="},"indexValueMap":{"ABRPczxpdKyO9FgI7NbgFp8D8DCNKlmQMRn5MTGIMCE=":{"valueMac":{"type":"Buffer","data":"wL0K756P3vLFcjmq5cXA8dG4YG5l+o7IGoA0l9rcRaE="}},"APsc4n59yqGiozQVQZTbtOV+g9XUgctosWrLW5RcpUk=":{"valueMac":{"type":"Buffer","data":"SYDA7LpkbH3/SZqilYuND5ZS1Svh3vf5GLiJnDT+b/g="}},"AVgGR1p4R+hob9ck9Io6lkLejga0EfKnR1WhnmSZ5bg=":{"valueMac":{"type":"Buffer","data":"1gDqmJXlhBNmmJdppVhcTReywVOTBsXv+LW10GYMw8I="}},"A/cZF3CbQQ2pXNTPBF1mkpUXYUqOUlQVh9A1OtHYWI4=":{"valueMac":{"type":"Buffer","data":"lD3amRXmQcUN3YakncVv0jt0jTqGMrifLLDBkmK9his="}},"BQmROrrQpanUX0q4Wr4OHnzz7V75CmL2maScCi2Tazw=":{"valueMac":{"type":"Buffer","data":"svt+o6ipCujk6IWLantXTQphIATbr96q/yUF747ZMoA="}},"Bgaow5EDg6PBkKIWR9+itkJSf1z+rhu3697IUYVt6dY=":{"valueMac":{"type":"Buffer","data":"8K/XM9PbMftKW7w7DcGl5PRSHLX8uZf355QCvpv8VaM="}},"BjhvVaJumeD4CZPLAEIPXvOk1YfqLgRaJjOyFQQ8Erw=":{"valueMac":{"type":"Buffer","data":"QHIIurrH9fCrEOqL6BMgB6nRURQ8gTZiOJS6TxR3u6c="}},"BtUFDGH57i+Nmev5MAT+SnBpnFh5aZ0qX4YCdQdUsUw=":{"valueMac":{"type":"Buffer","data":"EkwBrjT5235uPNDvRatK/lD35cJiyi11RO8v1UXIA7M="}},"CBXNWImkG7Q78BzbwkqdHtmt5qufn6VjlmD1+GpKLd8=":{"valueMac":{"type":"Buffer","data":"XWGQZF3vlppwozXulj7/s3Z7J/ePtktuMiZTOGE6FC0="}},"Dz4Sq5vFVW/K/axaGSanhNhnaJKkzTxFYvvb2YDqTn0=":{"valueMac":{"type":"Buffer","data":"qItrMYkr3uZhLK3itOAnzzyjOmZiJnyXKPL5sOyFetI="}},"D6ep6M/lEzSkpEenaNJ1ldmP9oOJn6m2VrHYtz8K+Ag=":{"valueMac":{"type":"Buffer","data":"Y6J/As15SeQJoKPz9fgkWjyjzXCfqayK3tLYQWPRPrE="}},"EXNa1dJTWW0MgVMmLEgS3t66uslvr6quoAGjmiD4FLc=":{"valueMac":{"type":"Buffer","data":"VOpusaE9h+6bi8Leg0cZb+g0WWXOItCr/ba418WceGo="}},"ExF807p4KifBfT4rxxPgqIBmEEVb4TRds1I22WVD9UE=":{"valueMac":{"type":"Buffer","data":"sITRk74yXfQlGzM4FmrIlpG4mwVJMx8oTYGB9gFih8M="}},"FT68xRJGXJr0TTraxfonVLGjoTcb7bUna/csTKNB+dA=":{"valueMac":{"type":"Buffer","data":"q/ugvPBGa8HpuHRLrsDbC8PZgkPuL6gdmEOTA/o+3PE="}},"FnVCSzwX+REkpQdN1q7dhe8NSTnSzVHA0t8uDEbd9q4=":{"valueMac":{"type":"Buffer","data":"IjhPqzCs7A2O5ICU3fcQgIgHKMkKe1H0oGJkr0zw+ek="}},"FuHVJkxXXKhKMImvxTDhQHuGfA9dxNMyQ0Z0UFIcdUg=":{"valueMac":{"type":"Buffer","data":"ybjHlE2AKrqMUwdDxMyK6QmnWtd397L6VqBGOPHgREo="}},"FuNTAQBrCH8vzPkQ8UjYVYeBMbmjClB5IM6GrOZB78U=":{"valueMac":{"type":"Buffer","data":"9xIAKC+1KYOwl+1Bhlkz142UiqRTZF8AyTAWflyZ8xY="}},"HBaXA0OuzCkxvlf62csia7biEccD0JUglzpvJ6A+zD8=":{"valueMac":{"type":"Buffer","data":"cZC/8yt75PBMBlJ6kqfxgs9p40QpEfwe7OALAYRnB0k="}},"HFnwxtdkJq8JWaSGwIDgPclS9I0ksPsCTS8ig2XFS5U=":{"valueMac":{"type":"Buffer","data":"aiTV3QwAybInValtPh53UGKre6HLRa2fcLvAJH6unAE="}},"HTQ8CDMsoLX+wDUjacztFYxaoq7uRkMtiqlS9lumGwI=":{"valueMac":{"type":"Buffer","data":"AFYH024DMy5Ax4E7oU+Ffpjhe+teYEXzGBf4MAcLhN4="}},"IrNFjnfbmNvW1/FMUpIW1qMDlPm9IalWW9DNPf+0D84=":{"valueMac":{"type":"Buffer","data":"RkBWQqnohqiGVG3rfr5jDPDGsVOAGtSbnL78UfNOWaU="}},"IyjXDokMX6MP4KJhuprFE8t91DvWdXn5iuXi4q4ihIc=":{"valueMac":{"type":"Buffer","data":"28Bn3oyofsQFCHDkvGi6dlsBVdn/cUCVitWl8yGeGRU="}},"I4h3z+cfeSw1tsYfaBhAoa6AoxeD0DMy0M5ouy7Rze4=":{"valueMac":{"type":"Buffer","data":"rhGxYpKP7VUAZflBHAJ/l2FQRKW6XIvaWsfd+5QpJhY="}},"JW014LmXQnT7CbFtTY+/K2w4TcMHKxD3ml2qxhWg6mQ=":{"valueMac":{"type":"Buffer","data":"tXn36drJhy+BKMIbx/rRcBvKfssYP7Df9yE5Nqbv2uU="}},"J2nKnP9imWYV0Sb2T59tXHrJHBFbVoa1/8lypl4DT9M=":{"valueMac":{"type":"Buffer","data":"sA7EgYBBT/HV7riRxf4e4wbXCax9WRJIt/ZorWA1Kzs="}},"J5SEYLRvoSgEA1tA0nKRq8KpEujapQShxexsnLQ6vC0=":{"valueMac":{"type":"Buffer","data":"KekleSEOjpN1YzOlZmLHAoHhiyOwqRGYwUWyE99+7F8="}},"KOW1vDSGr0RKUh2aAM696mUKei+7EZyqKXpMK6Kfn6M=":{"valueMac":{"type":"Buffer","data":"zb3mFbHT+c7cRVkJP/mbCdD/7bJTxyHgzPzrsqClsH4="}},"LPUkTRftKC1+F9/jiTmoVCML/AmBrB/vJT2nKlylTyI=":{"valueMac":{"type":"Buffer","data":"javWuXnnF8ocbRGJa/++VbHQOyw5X3lvmV3Ac/tnFoM="}},"LzSZCdOctcZffJml20w4lkWxoAjULbnlA8pq9qGKYl4=":{"valueMac":{"type":"Buffer","data":"xhEEBllTAxhmerefN+ubXOE182nodbbrEhc5inAX2U0="}},"L6qCA2zpKv6NqrMhDYOZjy6ntG7Us0pnNqksOcloirU=":{"valueMac":{"type":"Buffer","data":"8WwMZyt5ombZ5im86Qrz1xgTKEi5CjZBFF47eUzpYF4="}},"L99RO5hIGXpR4oN11YNkxo4HSfanvACsrITzaHrl8Ns=":{"valueMac":{"type":"Buffer","data":"juJCjobYHMAw/J8SbFaXNPTiJK4rl9oEdrnPpj1DNCQ="}},"L/G6KX0iTUmzbcFi/AdILVBZ7lRTrQ9FHOkrMLMzPPU=":{"valueMac":{"type":"Buffer","data":"NkZ6nukbNTSK7Ki6NCeDJmTS066iQRnV39/kyezT97M="}},"MAbAvOdcnFKPu0moDsMGU5153Ts75SBokNbR/Ir0J98=":{"valueMac":{"type":"Buffer","data":"chMG6hf87WROHGEoONvUBWrh6m6p7I/6axu6SWCzmM4="}},"MSnt1efwRXbXPnYb5ZiWQikiDaDzzqw6CV2ruVTa60w=":{"valueMac":{"type":"Buffer","data":"bFLBSTCqP5ncKeWkBhJHNfs5cX8RndK3cjhcl/sFFs0="}},"MUx/gMeiLfI1qJo6UGH9D28Co4Noq7HPwv8ahHqDmII=":{"valueMac":{"type":"Buffer","data":"oRKfBihL28243zS11qQP3UTHsRp7wCXUlDThKLI0u/I="}},"Mxz80JlveY7+mNnbQD9fBg0ZcS38nX2q8y4UVRFaQG4=":{"valueMac":{"type":"Buffer","data":"8nC5ftzuz6coKE4DEfjpSq508opZwGv9jRSL66vYXWo="}},"N0GjpWhJkTOu8AFr9Nw/G4+HVme949c/6bBEm7KrAKw=":{"valueMac":{"type":"Buffer","data":"8MuwZ4PqXz9XRD83V3dnzB7s3IxpfZQye+AwZ6M4Bv0="}},"N6nXGEDteMxSxwg5nUxLOaLtcyElog6kDfuIeB9yz2M=":{"valueMac":{"type":"Buffer","data":"Sw4aMYaUQgAeVBHGdm2hBF2fvqLFPZKQfPwP8ZtCZGI="}},"N/bwG3Q6rFKWhpyTFVA6RCAFUalTa297DdW8tNdiPGc=":{"valueMac":{"type":"Buffer","data":"qsxnek9sWrQ0f5Cao4fntMQfc/SKVsg46U71UI6XaLc="}},"OSmbmPU5fqP00QPpWFgtIVhHRHyCYX/ONTvvf+dgnLA=":{"valueMac":{"type":"Buffer","data":"O3ZzLbkf2XinLAHw0h4RMTPs6FSQWN7pEc4KxMb8980="}},"O8yEQMeFnlNFchuxkovTQiD4A7E7t0oTGyblCqdpXc0=":{"valueMac":{"type":"Buffer","data":"wBaysivRIYTa5b90WKLLEw97e90KMEPSCT/bXpOxlq0="}},"PCmualhiHuGLDQn+y0FPp/hKp67oalElrObDij3GYRk=":{"valueMac":{"type":"Buffer","data":"rkZU74qoMk8xmsPX1JxdBQoMG80Wl2PLrZqW982FJYg="}},"PGzGbVApqNu/8+1coRef1cgGtL5gbDsJ9tMvmQ3O9Ww=":{"valueMac":{"type":"Buffer","data":"ya2muST4pGq+FgOPKPcJHdjRjYXlpcEd6q4LncwArSI="}},"PaOAg87O+R2q29f4qwMQaGq276pvS9BfLSf9h1jhTSc=":{"valueMac":{"type":"Buffer","data":"nPHdKMn9vet9ad6yr8w/TOLUZYQiuLf3+aCwXMWM8CE="}},"PoJpRVYCOrq5svYixMffO1cHCeC61BIvp6Bq+11XDg0=":{"valueMac":{"type":"Buffer","data":"FcZ/LYwmWkT/LUQrnsk+fi8boGrE0zhamkzJSLabhF8="}},"Pswug39nnudxwfa/e1V0AODe8D4DqwDTKILFTitgK8Y=":{"valueMac":{"type":"Buffer","data":"aKRZRjJ9IMHIRT1VQZeVyuhZu7nWx9vV3ngzY3tLRyU="}},"QAYyVrJIyVHZTE8KW6Vv6dH4B72zMUjdPIalxrcSdCw=":{"valueMac":{"type":"Buffer","data":"/UGCF1xE6YALrZShAswWhEejZJuYjFW1DZSph/pv4ys="}},"Qn237sgJ7Ztl+70Od93cHse+PAfjCfUFMT7nAAY7XHU=":{"valueMac":{"type":"Buffer","data":"MAnUtSIyvXfjKwJrnJ1fS2sXBP6inJWTHz67BIsbQ48="}},"Q4hmJBID4M+aJ69Fwzf1Fqz/9cj4ktwOKbl2EZqvIcs=":{"valueMac":{"type":"Buffer","data":"QgDZ8BmGU6lI+OTto6RPCRADFKY5OAOviavF67lvfTA="}},"RMXRBI5Frxom963RADIXkOtB5hZ4OnZ26cGvu7enRmE=":{"valueMac":{"type":"Buffer","data":"py5Zcrug5lqQzl1BgaMhi5GMyMVXdjiK5q7w4KOmu1k="}},"RNtBlCcp8hcwSstztG43svTIIvPhvNBU8cSQrccEdT8=":{"valueMac":{"type":"Buffer","data":"1ekPRIwlc9kjAF0cgexcHwmfntrEGULXVoF1ES2MMKM="}},"RyGeJ/8+dlGZ4wmPJz29fo9878gC4wmZWAkUi7Hkvlc=":{"valueMac":{"type":"Buffer","data":"2JfywzuRU4O5Jw6EVJj+TRa7uGCefV0FN5N/HAf3Dmg="}},"R+8bIZuBh2f6yaiadhYOtMWadrTViJZzMppejnIBnq8=":{"valueMac":{"type":"Buffer","data":"dQ4IAwPRJIBxJ+f/P5s0qtUIn5bKvlTOT+xwEFQ2Quk="}},"SGVut8XlVan8I8MZAK484gwNjuKr94Sq7ANp51vmLVc=":{"valueMac":{"type":"Buffer","data":"CNNj+sIhy9eeC5HzjqbTJ6C0XtyyeszkvraR/cLjAds="}},"SK2IIvM7pq6wEYn50TlAXr1cebCerL0J5w4oVwrjpQU=":{"valueMac":{"type":"Buffer","data":"/Lm4x1oJxEsOaqgb/afRXf4mzAUFsPwr3Z35xzlhaWE="}},"SvW7aqfu+1O6q4/55TLC5OPJNa7fbsc3T422ezgVcCc=":{"valueMac":{"type":"Buffer","data":"iJFyQL3KL4K9xOgFqT5MA1M6GIl513txNp7ryVWdh4k="}},"TErwOetuiflebetlVxoPd++BrpOA6Oxio9CSeauvAbY=":{"valueMac":{"type":"Buffer","data":"lu3rAaTH1ffj1YkeihmhJrVanLN6da//QJXFsPVGKpw="}},"TNWbceZfqfkxgfGz8TzHHiX0EeJYj6p8tS0JSNj8BhE=":{"valueMac":{"type":"Buffer","data":"I7XvcynaQMBBS9DIcmumFTzBHRFzMpBuyqZ3cwM59Kc="}},"UPPUzRqpev0FPlR6mS9bsYQG0/lq91Tmsc/xjDet2fk=":{"valueMac":{"type":"Buffer","data":"7UBxG9LGHmUxtjmmIB7SQit5kMH3G1fgONML1AoBM8w="}},"Ujw2tIPsxNtihJQGoI/bHi2Krpn/nabShpWKS5uM488=":{"valueMac":{"type":"Buffer","data":"B4G8VsX75/iwMqO3KUAcTfRouLtlVBUoiKZdVLm8j6Y="}},"UtLAVFiwUwInxUMTbuJ/Imq7+C8kFXCK0YV1y+hdOYc=":{"valueMac":{"type":"Buffer","data":"5xtherDWIRMgjtCUNWYjoYIRoKTho1HrJUqQKvC78nk="}},"VSRL0sRIwTaneWVrO6y6oLtJAY4PlYwnZ6Gt3xjeSpU=":{"valueMac":{"type":"Buffer","data":"o1KkvPkykvYbeDUlJQk5mHLKEHcdqTy7HlxIt8nUX/E="}},"Vo/JCJZyRrrfNvK9CZaKVzD+SCFwe/cY/4Wwoqr+GRQ=":{"valueMac":{"type":"Buffer","data":"wF94fjh0Z8DvSh0Nl6Sk6NQjlduLout3Kps9CMU6wvU="}},"VqyOn82d07IN8xeRnL4kujyW/sr99ISsUc64Ri3zaA8=":{"valueMac":{"type":"Buffer","data":"TSf3+JsKn8bBO4FmArqQfGp2gJp/SldqyEltLXFxJP8="}},"V85oZ5ZSSHtf2Pqz+TdbGP4RZP63cRLcapMbFdiBRw8=":{"valueMac":{"type":"Buffer","data":"Uobb8mLILKp0QGBztMqmoh2UJVupln1X2KCG7vJetTQ="}},"WbHcstyd33qAz7F7cl01+Y56CvVehV3+WGvB+ak8nhg=":{"valueMac":{"type":"Buffer","data":"lmafVDERDxIkT6RjJ/zSA1Ebx+GCZNCGjs+NWQRyds4="}},"WxumDkU5bocySmBgciN87eccr0+AYzQA6z0BVDOS30M=":{"valueMac":{"type":"Buffer","data":"Dqm9CoDPwVxpYXfiFOV7UMhYTTguhiV+U6cPG08Jk90="}},"XHUOgQcs6HshZstgz4AykfABhfjOFrFtM/9N8t12QHo=":{"valueMac":{"type":"Buffer","data":"FTR83ta9To+fNZOcDkxuQ9h69AxAISiRlUHXFM+RCXs="}},"XMbhRBnJVkeFKWzit77+v4/5SeywGULYv4chnwNpQ2Y=":{"valueMac":{"type":"Buffer","data":"caVL9GDJFol9t4ouEf9Zlhz9tN5M2cw9J6wGSR8LVkY="}},"XW9ZSPKVnN7KL87xaODvitPvhFfxBKxZQLRJ82CNP38=":{"valueMac":{"type":"Buffer","data":"IcOTf/sBme7X7WcGvrG523m+hGTF1BhKq6GLFSnlfGU="}},"XinTXlWOK6aDDWF3PB6XAqV6/GKUJQJ4AyGr+QtVbCo=":{"valueMac":{"type":"Buffer","data":"GsY4isWyJB0IZur9EI/0h06MP7I3PCL0rJzxKI2OaU4="}},"YPTwrlbPrWqq8M4KPGFXv+GUtCh/qJ/mYz8EKzG0cTo=":{"valueMac":{"type":"Buffer","data":"zWe0WkOLXP5PshaX5Y4+luOu+HthpztnYRwOiCl8LQg="}},"Y3OyMqmAU7Stry4CdzPlY8gqSLB3MaG2uJ63EdmvCzY=":{"valueMac":{"type":"Buffer","data":"eO1cgcmfyPFkLjU4etzIJIgzlJ2Pk9klavSuhSCZnrM="}},"Y7/IK0dFH+UKjLjxEPltT2Z9l8RWMRFnMzk16ayDzgc=":{"valueMac":{"type":"Buffer","data":"BaPyKyDQydH3Oj0Ztq1kMog3WkR06mG94bBYuN1xkpc="}},"ZLcurAjhVp4ueXNlu5jEAZWLJfR0B3AjFaiBVNR/1mE=":{"valueMac":{"type":"Buffer","data":"HcAO1OoihwLy1pQugHgsagb2CpIKS9MplGRvk7SkweM="}},"ZZC8IOZl4Y2DQBxJt9tOfrdemsxUl0YJuuNJGtoAB4o=":{"valueMac":{"type":"Buffer","data":"WkxCn9E2dO95akxArmoVPdI2PQrfezyhd48gCldizNI="}},"ZeOisH9jcWo08edhSxhYj0/KU+P3P5ip/WuLpEngbZs=":{"valueMac":{"type":"Buffer","data":"7NZodroilqu2CM0QJwAEuf+nGLU5LFRx9r6Z0I2nYcU="}},"Zi0OuM7TJoYiepA/bm1/KT9uK9DMblj4k1wl+TBaIp0=":{"valueMac":{"type":"Buffer","data":"ZxC4074QZocdogiHcRVtWOQBqBsNHW/uju9G3I6d8Io="}},"aHHZDjVor1/RkdGSeU8KUZXZKIgJBCZekQjKcuui6cY=":{"valueMac":{"type":"Buffer","data":"Wfoe2qLoM4l2QUhhAr06336InlVy1VHnYj70jOdNZ0w="}},"aR0A5fdOvJX8xCj85v8v6F0XElA7uugdNR0cBwUsqjw=":{"valueMac":{"type":"Buffer","data":"lSzHqPj7hSnJykkooNepIOLo35KybF3sFe451R7JuRU="}},"aiTW86qglVwmT/K/sDl05xYJ7JaWXeYD40ek+3mGMW0=":{"valueMac":{"type":"Buffer","data":"6OQrjBaGkvstHGk48S2U3LfhDMUGRyz0kqazMgYlaB8="}},"bRB+Yc3CxK7J8aB8UPSMG0V0s2kyZzGUlF1foeTRk9M=":{"valueMac":{"type":"Buffer","data":"qlyqnqQcg7lymhcOyBwvB1b6IZf/4pxtLeFacSNGu9A="}},"bgbWtEkm8bHTPcFZFMKzUwZRUSYafvqMU4PdgInR/U0=":{"valueMac":{"type":"Buffer","data":"JeowoftPlLTmkCTD51yRu4cG9hQxBqNd3v96Omugx7g="}},"cl/Ulecx2tbjV6kXGbxeP7tDcylUGAHDHN3XZ/Cu3l0=":{"valueMac":{"type":"Buffer","data":"A9gwoprpdp7zd4JKWb3vOWSSDB2asLhCL9SMOdtxaBI="}},"c4c2GEQJbaQ6DjNZDbimzIAgrS2PHRIZgRRC/WKYSEI=":{"valueMac":{"type":"Buffer","data":"WRjj8n+SPPiEoILrJ+bPnRhbJss7PkM9VAHCBXSijmg="}},"dgqugux9iJNZfh2yZciDPhA9Zn233R8rVihdePJ9PA4=":{"valueMac":{"type":"Buffer","data":"oGT3fN9B6YGrxvcE0HRuBk+BZ1KzxkJvvVz23dBKqFE="}},"fl7kj5ODS0ZlenLVhQocKNxpGjqUTGgdczaa1B0vQN8=":{"valueMac":{"type":"Buffer","data":"R2PWH+f23wtmos1ACu19U64YMyev5A4bKakahPEUA00="}},"gS4AdlP/OG9b2dolAftO7qrJwTgKvDH6pdfQoQVb/NE=":{"valueMac":{"type":"Buffer","data":"sUfCwxO5+vJtiXsOtozu1zgPkxsVd/p1xI99UC7h3VE="}},"gwOutLflfMZjLJuMcQNONZgIzrQxaT5t901dreEflv8=":{"valueMac":{"type":"Buffer","data":"kcAL2M5az/wBafWjMcdAzdM4uTt4MFMaOYrVgAqlpk4="}},"hkwuT/qF1s4fYrd1rdwqs0ubxFUaiN7y4Me1T5rF7JQ=":{"valueMac":{"type":"Buffer","data":"3zCaJITUy4ZmWjNqZdE4qPxxG8hj07vVLuFEYkH2Grg="}},"hlNtPt3eTGzHZCjuPOs9T/qtiiehaIwNSg7AINH9HbU=":{"valueMac":{"type":"Buffer","data":"+NImZ5veGm9KcN6DJJqM3RrQYJQGBKYOgd1E6Nozdn0="}},"h3HhyJB/7YzlEwUBl9ZlIw6Fi26J6tVEHive1x7I9B8=":{"valueMac":{"type":"Buffer","data":"xGofHxIVytdH/RRKiXEFJR1OSK7QmBgR+IHs16O6xFE="}},"iDVlJbCjWOeKKiz3xrbn5yvdYcLBZ7zsvuS9hHPGkZs=":{"valueMac":{"type":"Buffer","data":"Bq8A11w1yP2rIWGEMqHNx8oAu26RSLxapkYkKYN+Kuw="}},"iWI363eQ5NARGtUDNI+NvhWTz8rAawrprdT0ykKXRg4=":{"valueMac":{"type":"Buffer","data":"as0fn+fdby10vv4SctC6Qm/1ogy+LFudAZu4s3O/zco="}},"iY24rY3L1nTMJosV2dU2lnlRmNiVz4Dc4tLs25KSWSs=":{"valueMac":{"type":"Buffer","data":"Ox4rzxXrzBgg+v+s1tPLye+mzXkppzSg8Ty/sUbtsDQ="}},"iaG34fKHhNuDJMF8tf9bkFWEIv6fIA7ZuAe2TPGJJ6A=":{"valueMac":{"type":"Buffer","data":"GaF3fxheqBRD0EUx2Gf2++e/BDi6WF+qnoq1UGzIsQ0="}},"itAVIIWZaNogaxXokmM2rEjCcwEpjViz/gBH9VUTtvY=":{"valueMac":{"type":"Buffer","data":"iJj1wALBq4V2+d+qdAmjKTYhHwlPQZe5JWWhX3JAf5E="}},"ix9ULIg405KD01fGuZzU4aIsa8vWl6NT8v4rO/9Eg/c=":{"valueMac":{"type":"Buffer","data":"JNpZlNOdUYEyk0pDbNBGpAsNdNWPsf8GzcPvnwRPNc4="}},"jyRmjLrNyvsEblxbeT/X2vmo9zIaSM44cn8yAI8fxOk=":{"valueMac":{"type":"Buffer","data":"oRv/4EndV27yre0dH9iKAfwahpjvGKel2cAhMUjujEA="}},"kLxIK0bCL3aLiU6/J3PuEesvMQDHKxGzuiw1UnzJBqw=":{"valueMac":{"type":"Buffer","data":"xGZIM1LTcuSY1k1DRcUDKDN/kW4zBnu5dWqqOLjLPz0="}},"kxmAbOEArlc/AivYhretWeMQq5y220aMbHzhqveQCNQ=":{"valueMac":{"type":"Buffer","data":"UIyKIMh/FjcUvlswngCHGta5mpWwRDn7xeD47O3kk4w="}},"k4YSfwHHkUTTp27vNs8Varvm0hPJL523es6ZMA9miyg=":{"valueMac":{"type":"Buffer","data":"Q5t7q73g73HHB8a8H9kklAt+Ch/D6FxnOv1vr2cwL/g="}},"k9vbvBy4CzDz5ei3bod+V4bvXiIaA5vckuG1Ixyt+F4=":{"valueMac":{"type":"Buffer","data":"Cgn8ZuflzT/koOccSMwxxSV7A/PX7/YiPWWvpPrdzQ4="}},"mA2s+8KRs2fOQ+UMX17NRU4HdUvbGk3GLQaAgEN7R1M=":{"valueMac":{"type":"Buffer","data":"HPaKg/WoI9+ALZAVDNTh5mMa+QViN/DnoWa4EwEA4cU="}},"mG1zePBHUL0w2iBRPBRITXi3w2q5C+QQyCNoJ9WZNAo=":{"valueMac":{"type":"Buffer","data":"91eTO3h+g90TE3w8oOrLwfR4YGpNyEm8HYVIyXDIo+c="}},"mfFvCH5zhLSH6Y1uUq1pjOjXsitbEhFZCEkpEePAlTk=":{"valueMac":{"type":"Buffer","data":"KXJ9r+lNWB0dpeqKXUOjIytijHAlLuw49yflu2W27pw="}},"mn0y49RUeQ88rknanAAcKqU+TNdwR8Wd7theDUQ8dyo=":{"valueMac":{"type":"Buffer","data":"ncUvMVG95JwCrlguFu4IUqzywtGXUI/q17mNbbGE2Ok="}},"mqR5xdSpL2xbT+OobgqrYi2W19QAlEE3+REldFqaSJ8=":{"valueMac":{"type":"Buffer","data":"U0qnJd5r0KCuyVa99kMTX6BDHXCQsZtWPKOgxhdiKKk="}},"mvYGBlS+kG+KZZoASghwq1u0mz4ykKV0F7N1Ix6pMP4=":{"valueMac":{"type":"Buffer","data":"utxHlTuNSq06pcAxWyJpeYrgAX3GtnVRRwGHvHICUvc="}},"nSycu1VE0XzzSGXRuqEiig+9IfLOYN9UnmFr6dBwqv8=":{"valueMac":{"type":"Buffer","data":"ZqnlQjUgIiLaY8aih9SytzV8m5vqacP7tCkg7BXHB3E="}},"pP8VjxbXF/v7xMpnHUkLteNmnFk3LSgeL9oQPBuBxqU=":{"valueMac":{"type":"Buffer","data":"FOBXe83X/0+l/rAqlRLRZLwod/+H2vKM09UasaGbUFI="}},"qAE7YTzb15SsUw/SDmnSUjtUsnf9BdgYhoPvnE71nIA=":{"valueMac":{"type":"Buffer","data":"LR2ipcyMLEJQCUOvKisKUxDRqabO2bfBm8O5rR6YPkA="}},"qFbSlE1INUyvbmayZcigK8WqswmzcLpXMchulTAsJV0=":{"valueMac":{"type":"Buffer","data":"nbPyPmhZeBkeaogaurTbuuOs3s5eojc11WveNgcrrJI="}},"qZJk2o4mYREuqWUzAN/5eCsf8CIdxxmstAEplcwf/a0=":{"valueMac":{"type":"Buffer","data":"GuzUC7/R1C/3fhajHa7vm9XEJ6RLIJ+HXjFQ/GJ7oqA="}},"qgw600OSoVkbteRMwuPGq2XJ2ZH7o3SmxFinMxwykb4=":{"valueMac":{"type":"Buffer","data":"gH9xCKvT8JR82+p9xyjLluq/DPk+D44X+gBY0qiDrpE="}},"qmVDv2VYTTMY10fGEVX41xlV9QEFB12qahMafBDEw0g=":{"valueMac":{"type":"Buffer","data":"yqex2wSOB6dOqB0TwzcdQm5sT1dlr8x+QM7byswmzEs="}},"rgysr1zm+bel6ofRFnsCeWrQnQc7Q4M+ANUP//nkS08=":{"valueMac":{"type":"Buffer","data":"dqEMEwWXiAmguYjF2B2I+yUYLmX5YqZx2z8acHCBTTw="}},"rjxMR4MKcXEtk8ESxQ3/gcBjdnOwcr5KE3W3pbuTIEU=":{"valueMac":{"type":"Buffer","data":"1TcEg8wl86x07SMLKhDCxd1aWHJN0txVBCaWYa0euYk="}},"rnkKTCAm43psaA1wIe4Rkr5opA78vgV/zf3SyPRTJh8=":{"valueMac":{"type":"Buffer","data":"zD+eeVELKIaOyNV0VzzDSuBiZd0a/y5XpB/t5pJZs4k="}},"rnkf30DUJK+vcvdbj7is0dtg4pqj0oh/d6o5crrkQSU=":{"valueMac":{"type":"Buffer","data":"gVZy9n7yRiM2JbL36ZjmihYlH/5pnOwoiaqu9MH76rI="}},"r8YFC/Uk7oKe2IQQkIrVvPW+/E9kgN/56R78opsF7/8=":{"valueMac":{"type":"Buffer","data":"7lcMsWoHhthfmvWCX5LmHaRiz3CfswuOmM7FPscsmGY="}},"sAM3EKRHh7SpPCMVY7++YNXy/mN1vZvFV5PmVBBBvUM=":{"valueMac":{"type":"Buffer","data":"eTOniGOaMtVzxWQ+lvPvUujRYkwHhvArNzjdmNYAFsw="}},"sCEQ0BJppsNoNCosb71lBJeRdo2i9z3wj46SfVL06ls=":{"valueMac":{"type":"Buffer","data":"t3KaXURdpU7tHnK5NdqLaUgwl1bFvNymWyRKECbim8w="}},"sUmIrs4D8tnq2YpWv7Z3tkIKJlucSeeyldPJoaCgxr4=":{"valueMac":{"type":"Buffer","data":"lGo2+IU/AWRZX58vjGm7CsqH5+9Wj4Rczkh5pbCeEfo="}},"sjHCnFd32zQPTQ3I/ZtyJEil6yxUBivmanLoYtvoif4=":{"valueMac":{"type":"Buffer","data":"uuxP7gTUvIBvY7EN7hCQffukn/BSrhQ4b7YSCijqVlc="}},"slkEAAbhJGa83F2bEJYwmK70sIcwCc/GFfPxwutafZk=":{"valueMac":{"type":"Buffer","data":"FmXJOvo4pT2cHOvrHNdDS5ZAq138X4zbrfb/95ExG3Y="}},"spw0uCzhZ9dtfMpqUsnP8XKAjvy2jN8vu1NVat7AlvU=":{"valueMac":{"type":"Buffer","data":"S4JYzBNNX8KeUtgGLZvJ6/mRTKbarAS/NidydyhbQXc="}},"s9/9gDEw0b2gTXtgVtHRyZc4KNrFnDiZpGy+Kbf88ZU=":{"valueMac":{"type":"Buffer","data":"tBXKE0/Afr8+izLFGa0FmEXnZpdy28P1VwYVTRg08c8="}},"tEBOLUhb6jm61XJFl9j39b1oCBA7TAu9YuFHe3JzADE=":{"valueMac":{"type":"Buffer","data":"T7bxiXMEKpa1JTadAG/FU8cl36V5IKlVaTDAuId3dsc="}},"tYzxgs17Kft9P2gx5Gt4Omx+TfTHefmoGS/G/kSucoM=":{"valueMac":{"type":"Buffer","data":"/fPCgX3CtYJZAb34X0E8lMYgXKM5wwhXD6HYYcIrA/g="}},"tvfC/Dq9lQ04d9uII8ZuwzLIjvwaTgF2FjRGVbhaua0=":{"valueMac":{"type":"Buffer","data":"5Gf6hJ/Vt4UZdYbWJiF3OW3/ZVrKLPC27ocj+LCSMt0="}},"uN/9XNd035RdZiNIqKbzMrKGYyxTFeusjPnbUilzC74=":{"valueMac":{"type":"Buffer","data":"nqSa4YXWLaoS8JzzrhATs4IDC9qY5a0C6t0jIp8EnWw="}},"uROsTc6qFDBozVLc4th6N1HYFvzyczzz6ab6xXC/KsE=":{"valueMac":{"type":"Buffer","data":"ql0Qz9gsIMH8UouISHgLSNqSzEpuawSodIuJZOBuqv4="}},"uRviKt6Zd1ngtYeSBc8kXGYJzw+Kxd4inHueXjnX7pc=":{"valueMac":{"type":"Buffer","data":"VPeWrnAVcURZ/eHTIgJAOiaV7sIWG5CsycnVC1TTLHo="}},"ucZ/o9ZISQEvjnrkt0I8R2NlCTopKb4loCeKrLiWpsg=":{"valueMac":{"type":"Buffer","data":"RnJJBt+JAZt+gCU585Zp12O9WJ6diM0fJrVF2c4wLP4="}},"u91RKYV+gyZaeNU4CNC8DYBEfuUI50P5XTSvTV9p+wA=":{"valueMac":{"type":"Buffer","data":"+KP3hspbVwwn9irqfZA96z+kFlTp7ooOngKJT4Ydj1o="}},"vvIAPOS81zxe2n2N826rUdywrgGLdqar89qIjfzOCS4=":{"valueMac":{"type":"Buffer","data":"9nd6t90hGpLh9enzqrlXXx0xOlqgxUoqMmri2jXUuCM="}},"wUJ3uZe8TgWSD4NndiLYpzeY+0ISZGrOmXNzxBXKAZI=":{"valueMac":{"type":"Buffer","data":"wrzpjFbkNsZ1twXVmVa2f8AxHLiuTNc3oN6KpM++otY="}},"xtv3uU8Ie8VzfVqy7iPnE7rfGSPOp/jd/mYG89U0qMo=":{"valueMac":{"type":"Buffer","data":"ToGTL+WIbxKUKjQr2+nH/l+SY0ScQ+ZU0cPsCs9FgMo="}},"yB/8lEJ7F3F8xcVMHqWuHr8/rfgob946ApzVa7qRVQs=":{"valueMac":{"type":"Buffer","data":"aYerPXCm/vc7nAP5NkKRa+6SZO2RVlUt3omAygFkXc8="}},"zLRsr6k7UNMyJ9NBmdkK3rAhtWjejrdCfaAAfHUVMfw=":{"valueMac":{"type":"Buffer","data":"+pKrC6JSR6nL/7s6tS1rULaZiJZCZbR2+O7T+JLZ9S4="}},"zVITcYtBV53JRb0a5WUvT9uDM7gg3sHD592ztB2jh8U=":{"valueMac":{"type":"Buffer","data":"xXnTtGKiBywASsW6DxRSp9M63aH+oshkKKuuuwmkuSI="}},"zXMcVqvK6iAb+wPMHfGogFrTnSV62Syh5l6G1jATVtg=":{"valueMac":{"type":"Buffer","data":"jqkmUkle5aAYAR3r3Kf9fJBwoBufP7vq9P9i/2ElbIU="}},"z7EecTCtOoQAZVGZLiU7sO3lmaftzfze6LSf0vtnF1s=":{"valueMac":{"type":"Buffer","data":"/kvWpAIyInwX0cDWFX9nS3whbR4hcyNmgfsExlqfBhc="}},"0DxJ8vJR/NyKHJnEnBwUsekc/HTWyBM89Se2COcFJj8=":{"valueMac":{"type":"Buffer","data":"FXeqvvP+cyhqa9KTeeCok2mVbAi68DXkbcnZFfOQL+I="}},"0HYbQy+RuhOFxbKCI6cuhIGWu8uvTmbcpY0qNzFmcLs=":{"valueMac":{"type":"Buffer","data":"EExUeL4KPajKfb8e1BJECyw+++5IOFZESe4s16N9kvg="}},"0Zin2mEs+TCaUARcM8WVZWYNgSsAuj9uabH/IGntf2Q=":{"valueMac":{"type":"Buffer","data":"o00bWdjYU3aRbJmJh8MfaL1UjF12fBb6UQf/rbsaIuE="}},"0cXcqcC2ktxjfJ6NXwQK3DTkaQ5YexsILO13WQ4+03M=":{"valueMac":{"type":"Buffer","data":"7TU1YuMe//P/yQply2OeguFYQaeG7ABwKYsvBEkh9Zc="}},"1ZS1gG9DEDwvGTooWsPBn70Cc7mX7jinaRQJVm0ojnc=":{"valueMac":{"type":"Buffer","data":"rhPJla1h/x+qhzqCvCFWCo7QIPqlBEd2fVNczxEezo0="}},"1aHBwgV9t7bySUF4XXw8KUyRP0WJvQUpPpZSvvXTEes=":{"valueMac":{"type":"Buffer","data":"mvRj8eqPROcfQ6dBqagHpHequQ0YsN/qF3O4+WtHKLQ="}},"1dQyC+QBtGRGmtxCuBPgNCMF6NV+ElPkFFEyrLYx84g=":{"valueMac":{"type":"Buffer","data":"S7gToEbp7+d6jrog5QIHcFh6vLFY9hXDHQJ06+pa7QI="}},"1zH+KiTVRxWUpFDfy4UZJP/5mHR48QvwwxAsx95IAjU=":{"valueMac":{"type":"Buffer","data":"ABiHoA7lcFXUF0ipwK1xSXh1W8/KoYgr5vz8tOHCzJc="}},"18+Fq8x08qiNm2wuvTAOGBLsPUCP80/rI+ZZjBF5Yj8=":{"valueMac":{"type":"Buffer","data":"7CvhBlclE7CosmAAsqaDes2OHbpHqHhl90GLTVf9TwE="}},"2CnuVxHoiPlDDk8c6FAbFuIOQ9aHnCL+FuUQoJsLEOw=":{"valueMac":{"type":"Buffer","data":"n4COuSbH+lSF4X39jxkCUev7RzoTzBwRywdGpe1ktBg="}},"2L8qmYlS9bBXpeuVFUo492+1mopUdgeDDF3/ZyRhvtU=":{"valueMac":{"type":"Buffer","data":"zhYVfZOpZJjsU+m0Su4nVBxbZfy/geFGlVbJqCSzA+0="}},"2T8yX/vzDnGJixgYWy+zl0VcCLsAxoWHdgtdA7DH8Jc=":{"valueMac":{"type":"Buffer","data":"YwyM6Tro2tLDqfA+DlnJkQneS1ruMkXzJprHojFUvSs="}},"2ny1vyIlpEER4gY9OCA6X3++z3FcGrmWQ/J3AufFfMo=":{"valueMac":{"type":"Buffer","data":"+OmOyPuB3oWJs46xADpjV73WVntEcVLGqvONll2Puu8="}},"3EwMTTkX4sSBaGwYr9AVd7m6V+2nE/RpKncMWwg0PkY=":{"valueMac":{"type":"Buffer","data":"mIrd+8vIzZW9P4v68bceXtm+HbmxbI5k5Fr1+3o5ORA="}},"4emKA8HZOgSJ4uk/rE+mW24Hoyi8kkfdqGd8tO2cRCs=":{"valueMac":{"type":"Buffer","data":"2tu49rtvd+WdJreL/QWXx7cm+hqDbjLsXW+R6a1ldbU="}},"46awVRFsxM07RuRLw+TDEp5WRqezp+5eyZ8O51ezUQY=":{"valueMac":{"type":"Buffer","data":"bI6yn2X6wAmbP/iBhPxw4bMUfVpU+ZLfO3WNl/GzaaY="}},"5KXAy7XZ7P5O/NXIuICITbpN7jgI7aVv0n5JKlOiPDI=":{"valueMac":{"type":"Buffer","data":"Vq8vWpBexADstTaxR4V4SyqnqRxxoCc4hRdy82yHZJ4="}},"5RrRVozRpS11F9euf1lU/jOXheZ+751OWB7mg+AKlDY=":{"valueMac":{"type":"Buffer","data":"ovZQIgaJfrDrMfwBJHSkWoUGd/1J+3GZXDVFWk6yAYk="}},"5V95S5Fc1mwfCH3RyIDZruILwvwBGlmXL9zJQjIW19g=":{"valueMac":{"type":"Buffer","data":"znT6BMm3UOX+fmnlNshrp4l7ifMqaAhfHDeFJLCh0f0="}},"5e+EyeaOFdj423uG7/Ocbcg8z6ZDVvcMuv5XhN8bHVM=":{"valueMac":{"type":"Buffer","data":"hOI/S4D+LjlqOAmUN1oZpKqTo+7P+gUH/LOWGchDwI0="}},"5mBOimeFpmDRS1PJfXVLrxZYwvyh3hidcvBahHj5Amg=":{"valueMac":{"type":"Buffer","data":"OZpK3wRVOw4f3mv2QmYNrL+8FwPOqQ0RZpMv1uvJlVg="}},"7JKnzzyfEPEV8BvDGcJUFOx6wSsHJ2MXdp3u0p9yPKI=":{"valueMac":{"type":"Buffer","data":"jqq/bD4S+Q2ZxuC/ARNyVitve8LBLublRDlY2nemv8Y="}},"7iNCFwiMK0CbRPwXar8ogydOyBhDla0B1Rs2fKn/JDE=":{"valueMac":{"type":"Buffer","data":"CcpgK2yr++j4MTHw4DRFr9Lg/g2gyiTiWJVQP+JEvnk="}},"7jA9IfrgJNVgkDktfkvITs8npwYPw0B/FXOhV9tVEGc=":{"valueMac":{"type":"Buffer","data":"hJiFd3q04eLSICtvm9RWmJjoEIOfuV7N5zIf39SpGy8="}},"7zeYhtEnOcB867/UFKzSJPpkzK9mHDXes5/qz/GFnto=":{"valueMac":{"type":"Buffer","data":"ECetLkFwhaOXoxSl7oFCrXx3053tBOj1r//rgHxec3o="}},"8UxKX/emkZg5vkSO/N2EpoG19ygFtxs7PZKDLBf0uN8=":{"valueMac":{"type":"Buffer","data":"N7wpNEpBah9rAoZtRQlFBBBOc0ZYkavLBeqxSB8m8x0="}},"86cIBuf6FRWS3EtctzkKjqlSv0o3jKrLOVaVfaKWyHM=":{"valueMac":{"type":"Buffer","data":"9WfhlyQMNewr3MLHQ0l5J3i9Ef+grPOdkDzH0oCl24Y="}},"89OQFMEcnT1uoWeW7ZzO3S/PhjrlhJT5cbXROd38W40=":{"valueMac":{"type":"Buffer","data":"crmKkF8Sa/wTE/cjhvSHOQMtRlp5QIl3MeveHdqMRgg="}},"9EoDH2QU7wIGfDtyUBqNAm2NuMHLGPKNW1t9YrXlsSw=":{"valueMac":{"type":"Buffer","data":"BJ1BZEOSh/7RpI/UQKBqeAgjUw0RLAhxM6ncgq7YFwU="}},"9tmvGUQLitKjKwtlilseMXwEZZW0o1YM2mOfKWJ3uyk=":{"valueMac":{"type":"Buffer","data":"e7orx1qAkQmBKhr5MVLPA1r3pe1BdWPsodu0zJtzbEM="}},"+Ykj55r+bJhQmUKBmA3WMUoLWfx7eQymmz9bm0xOkkM=":{"valueMac":{"type":"Buffer","data":"HilhX0ujIVSqfOw3RM3MbZM1b0kEoFxpdEoauEFi+CE="}},"+v1cDGtoaAsFFS8zyVq50rQ6unYoujTVsvanfPWAknQ=":{"valueMac":{"type":"Buffer","data":"FhgMkdUMttfmuWEQo0eGuTukcVHbVSEcRtd0BSLaJzo="}},"+yBce0cY6wviMOrwmx+hAqPrp9GVracupD+qcOp0vIw=":{"valueMac":{"type":"Buffer","data":"348SEvX+gbjqS/zEp7xD5ooonkow2qYLglb+3S+EI4s="}},"+0XvY0zo3/DZ/WRxt1vJ4dygEi3ErWeCF3P5TJXHlXw=":{"valueMac":{"type":"Buffer","data":"UiemKpVFGq1BAR+6cbKBuKJy4hDNuF+PdRFIm4ZL+sg="}},"/EkL1wKUHLEAz6nuss2aN59ik5jDFyv112MTvJdTLKY=":{"valueMac":{"type":"Buffer","data":"MEB2I7oHJxurPhXj7Cr1tXzjd7k+i4Dm4rijRZaK68g="}},"/p2sCvaWlXi7LTc6iKrBPR4hyyznekzhTgueKn31LEM=":{"valueMac":{"type":"Buffer","data":"d0kxPSj7ScVrrz2uH4h29tEImB8Mg9XFQNoPj/u2i8c="}},"QRTevb9REALKhgyxtIBAx1B2LZCSmER5yU0+PwfDC5Y=":{"valueMac":{"type":"Buffer","data":"06c2rYEnB4axm8GjCoOulwNEbo3EWin4kJDh/bLQfOA="}},"YUCm+/Bjl3cjOvYsAhk7LtZrTLKF3ZLi3i0oY3XXttw=":{"valueMac":{"type":"Buffer","data":"FDFmgjFDVt0pMpYYiDbI3q4l2B6KpaDMKdRYny+9hL8="}},"N4aaSMnebzSDdDURtXfaiBNA3JOr1OgiNVlgJ9PihLU=":{"valueMac":{"type":"Buffer","data":"uE9AICUbQop58TN0XeH5A/TTVO8oY7a5BXUOr+opDDY="}},"OFx0pqMbu51SdqM2AccefB8ga2GglYt2PmmnfTtr408=":{"valueMac":{"type":"Buffer","data":"VbJmoTn2yY4eM7nZ8+56IhDoVW9Y2oqBgUYXctcgguo="}},"PNXYZpCQp8EZxTzvef3BHYzp0c3ms3WrMdrnRQ9IkPQ=":{"valueMac":{"type":"Buffer","data":"/1bmInZpRTTk1fZbatMuQVYbIFne2X86YBd4WkQbRY4="}},"rfPII2zJXRYqgazP6bgugcTQXeDRostq33WYfvWuaKg=":{"valueMac":{"type":"Buffer","data":"sUIQdewHwtawZ1+wPW0K3H9/z9T2+/U+M51qGxiGKf8="}},"dg+hPXQTtlIdQ9XDHWn4s8USv6qBxTi8jiW+ZvSX2Rg=":{"valueMac":{"type":"Buffer","data":"jgsvicqHJFASGdx/6LMsb3fUhvYQSmQMYhOq8wGeBO8="}},"We3KTNwY1+7I6+X9TPTHbJHoOwfaAcgc5HWAIDdsV6E=":{"valueMac":{"type":"Buffer","data":"jg+CVXI6BV0AkvuVGzOZrhqPNONx6ybc5OvUD4itloQ="}},"GPFHS/Lw2wIIiloUzjtAdzAOkg73gjHfvO3gbB6YGQk=":{"valueMac":{"type":"Buffer","data":"vVgSVu95VKmXuWHEOHholnroLTRnoNDHF++S2ZRh8nU="}},"0cGPZuk5BsK1cAap77NQMq879ELZjPHUIoSP1H0qqnQ=":{"valueMac":{"type":"Buffer","data":"qV+9a9vKSzuC32vVtAKvd0uBOvFzyI4BtZ02uAmGzNc="}},"NQiFp1qg0PS6T5jr4y2+7fBBYEcPjheiCf9QySrO9jk=":{"valueMac":{"type":"Buffer","data":"CcWsMdGla05oZOXjJtHWyDkYt0XQqt4nsjbrLrtfwak="}},"0veOZI4KsO25ewphyNhZOeT+aG+hhM+r5ZR37R8d2cQ=":{"valueMac":{"type":"Buffer","data":"exb8D3ken7So98M9em1g38rwjlxBPMKb34uYd+sNDnE="}},"PWVGVHEkQXNVAv9EbpP0w2wmVNr1w1tiUifQGEAwlgY=":{"valueMac":{"type":"Buffer","data":"xXuL231mog4eyTvifexGZQsmosoFKoQ2BhPgm2aP0Tc="}},"sdHtwiErGtpDJCzwOboBXIuv1UuyFb7vOBsu7ftGjfA=":{"valueMac":{"type":"Buffer","data":"19hnxswlWgSjs2vDZaJy7vSs3An7bxxSOmsKWE1pf3Q="}},"NX1y/qTBnkh7+3MArTutk/4by+649R8GOFlrAmidOfc=":{"valueMac":{"type":"Buffer","data":"5hnChN0pMaUbTzVIRbvJwxRwdaGS6cwTaHYGmVQWsPY="}},"Itw3madedU1qvs8lI/NKtrkwEP3zed12tCjPtNm0xlg=":{"valueMac":{"type":"Buffer","data":"MMaiVrkkM9XBb9jI7Ch6L9H32t93h2+aIsBninx44dA="}},"kWv3nrHZEtmYvXqaok8mbRiRzm9YzE7ol5kMwC3jqnY=":{"valueMac":{"type":"Buffer","data":"JZkx0VarnwLT9fU5w0dV04Qu3sPIXzWGHvUiUoQTA0I="}},"2+sver+vpledVfBMKyr0T6nWQZ8LYlS/g6mTkSgbhSM=":{"valueMac":{"type":"Buffer","data":"JnqoVNHb/Tv4JW/ThdKdp3G1qFfxjOo+Msp5LRDnick="}},"xLkU58IVZCQftvPHO6JyxSBeEcKb9xlJWFXEnevNtsI=":{"valueMac":{"type":"Buffer","data":"4J7pyxfsV+i2StDAQtOQq+rU0JLUfuQmxa3I2PhX8Tg="}},"XUJkobEHIFL80Vr81xGwCLbLviigqufh4Bw7gebtnRA=":{"valueMac":{"type":"Buffer","data":"S6NGCtX5/4IYhpfNkC62V0mdmSf/a/jYvMajeEKbkeI="}},"aK3qVXVtVVeBxM1Wu741FqRq5pRKJVyGa9CQv8lZTTU=":{"valueMac":{"type":"Buffer","data":"R9pktGQh5JZ6zvm/EHKCB8Ym2lbMzdn9sKExx/Fvfcs="}},"/FLz1rLayKfaFpfykKlT/IVlpy7J8HkyAXJSGolgtgk=":{"valueMac":{"type":"Buffer","data":"uXzLPHPbslLkQ9Jhyi/npNFR509KyIUU3+hyfJfqSH0="}},"1aw7RvlPjtoF9SrXo6wurEg91bXs1Jv1hZKczjLech4=":{"valueMac":{"type":"Buffer","data":"F5tgLWaWWsSLzpzbPOPjmNuE8rGAIV4TprM38dfA0GM="}},"j6vLoVfTz+0l8/Eitswgn6ojKRIgiwLRdXm0rDmTpVg=":{"valueMac":{"type":"Buffer","data":"VNCvzo14Ur7gHvgcgxcadbWVYlkCnoSsyJeVLr4dUR4="}},"VZyOU2hD7p4VxvSp5Tc2Qw6m26tRtFb+k4Mt1hTqxbk=":{"valueMac":{"type":"Buffer","data":"jLkviaNpjTG+Fnqt+tSIVrcDXWvi8jfBzU7sgRZwIeY="}},"8QIjo1eYWRcR/U/DYqXvUna5DiERIBCpLneWIhFuM/g=":{"valueMac":{"type":"Buffer","data":"+d4tvQd46sPO+z23cO116SBkDZs1ibqcYtYCUA/lmeE="}},"iG9wWt8njO7fB+en/Zdp/OfqIjLNm3rDBHmxnUMRdaI=":{"valueMac":{"type":"Buffer","data":"XcpDfTUKY5n8UVmXZJA+sP/aoBfgt9tZR+XnJUZePdo="}},"CwlmhbnTERhAr8/RLZrxA/mRUob1FU2KY0IBy0J1Uy8=":{"valueMac":{"type":"Buffer","data":"MStyFIXfjDtksA7N3atUiwJxoPTi3Wyu34od2lDoano="}},"HFpn/5TCWgHPhhojgoDev0Rr4CGVwudp/15i/4UVSLs=":{"valueMac":{"type":"Buffer","data":"DheVmniSUzmKg66hXGUwMVYOq0ucRa0mP3DcWaDtsLc="}},"f4RDORRabspqBCotrkFBbnT2F+th5apGPn/GH/HDHjU=":{"valueMac":{"type":"Buffer","data":"JE5lKGvYh0lM1u1bcBWqkFxn2E/w+Zf6tRdOhbngh1Y="}},"hJ9tRylv/Km54Gkd5ajfSH7ODWOWgFJ8TPfQ9tnev4Y=":{"valueMac":{"type":"Buffer","data":"xM2kKjO76PVcdOdxyQ9lWao/gOqiSgF5SnaQ75dExOw="}},"2XB/inATtTAFk0qMBkpqW5kqNP1cAJqxnhfmx/33lhM=":{"valueMac":{"type":"Buffer","data":"OnKYNwgB7JwONTwEb9Jv9eAvZA9J3882fT+tQ2G/MDE="}},"5fr5EJrlYJYIJu0iFrSW8lvHGCwgKDDD2D4q8FRSADc=":{"valueMac":{"type":"Buffer","data":"1+gKhnpCofYnnhQ1qp4TKOKPoaTmB/M1XO0JHxzflWQ="}},"T7AUvOn0nrPznvplvNVcoCOnVoOmtannmAk6wnWQ8GM=":{"valueMac":{"type":"Buffer","data":"rrmGhRycAaxG6SsRJT49uxGlSUC13JjTyNAj81/bs+s="}},"rTNwjAioc0jYBANyhIpzAeKs6mEf5od+H2e2Ni2MUxs=":{"valueMac":{"type":"Buffer","data":"yCfHp8aIx80SjLeGrr77yk6AD+ihXsi293hSZE736Eo="}},"NUGIetpcRjrUvpMYOJhMvBGaRp2fAlZcfM2XTrDgozg=":{"valueMac":{"type":"Buffer","data":"/dJFsLlrDBcJ1UaAFjmdxMtKouO6ep3o9CQFg+DHc2o="}},"xFsrziyxZPQay9jgOfU/cgJ8JAMxP3huLnx9wS2Kf5E=":{"valueMac":{"type":"Buffer","data":"dUqbjAuI5nVDPdnLcKgK+ms6t0fpQDVA51SGtRq0b2w="}},"mMWmhqq7UxOOP/btCZhaJsLOD/Xktl+rrPzsv4IxsGs=":{"valueMac":{"type":"Buffer","data":"4PDfR4EhvootZKnXAiEnl9ai4/mRddMRmmZD35iFmmw="}},"23MXuoxfIq1GQYVqg5E4keHx9KwFp4Nj//H8zY4CTlU=":{"valueMac":{"type":"Buffer","data":"ihwqNoWxafz2x/AL35Uw0nC6CW82XTYl75UFhETZ+M4="}},"YalWWvzRlZIq5LAUIdtoVZxMOezzngLzbycaXRAxg1k=":{"valueMac":{"type":"Buffer","data":"4/oK6G2Tp0jwMV9aaRF9nrGVIXrTuXk0zCXn/xYCeEc="}},"Gb0RmiLN89NvzTmuMSn5Ob85hE5BYZR7V/+mCdpRWvI=":{"valueMac":{"type":"Buffer","data":"/U2maqS0FK6QrMUK0IfakzbxSmYdEORIE8TzIXHE3lw="}},"eoYrrroCuj7YQh08/AQ22amRGtYAYPjG5DPJ/JIQgO0=":{"valueMac":{"type":"Buffer","data":"xcC3MHJF1jM84OuTwDIPOdsfcBi+1W5dyP8279Rl9Dg="}},"QKOh3OErkLAbSXT9KIfo+X/V5xbn6Lyu6gJ+Jczfd6E=":{"valueMac":{"type":"Buffer","data":"I1ksMkdp2vaFyf+dqcsPmWwc4QiEfkJnQNqwtoGBobk="}},"6tlag66PCFIbhDFBIFEGJxdBadxLqDzBmTM9+0+UgE0=":{"valueMac":{"type":"Buffer","data":"RtZPjcDten1UzGyGVVqnEUn6MCd7tAoNrTfj4/Q3ma4="}},"7kWCAof08sG4ChfMA2Ycbm5ziXFXeBQyi1uKdKP88oA=":{"valueMac":{"type":"Buffer","data":"bK2RwFfbwSvkEaTn+skvKa4K0fxowi+kPBq8cMupgCY="}},"hhdWDmV8/zzJMZApXtqdpQouHzqO6I8LCnHsqpLmdYM=":{"valueMac":{"type":"Buffer","data":"XB0xQwY9uRdgODFvEkHoBouSBjWD1qNhlda5U9ux00E="}},"Q95F0Cx8fugBIlTVJEcJ7+Uc24bBNgSlN/S6RBF1ddw=":{"valueMac":{"type":"Buffer","data":"seAlI5boIqXA9idJoBf5YZshhXPz76A633y3uBlbQA4="}},"8e4yWaxGFNz9Bs4UjYLBTv4oBQ+TJINxS/B/kfTsLXk=":{"valueMac":{"type":"Buffer","data":"8PQG88OdiSLbLJmB5jFsHLdfZW6Agl8jTpR7TmCkmAA="}},"rwhtBh2ZGx3H39uP7/EkULJXCFXjvEToAb+TsHUo9T0=":{"valueMac":{"type":"Buffer","data":"pAoyS7GvDcwSoCXhc0AQFmGWZH8pEe2JUZ2NPZBb/Io="}},"OACNZ0yFLZN4VV25L7QBB0BySBdsd7j2Ti19wZlRs5g=":{"valueMac":{"type":"Buffer","data":"DdSU7PUxZuym+BX/rGxciRtaSeNwLVSZqVZgHSuqeIY="}},"v6heim34JOy+v0SW2aCLNhbj2eZtoiEhx9Z+e2y/AZU=":{"valueMac":{"type":"Buffer","data":"NhpbiOWvLOwn0YGUaTH6j+wK/TFxfPzHuJVI6Ln11aA="}},"3+ngouz17TGQjpKq1LQYNF+ttQQatTwHfsBaJiHnkko=":{"valueMac":{"type":"Buffer","data":"KIP57g6E/BeXm5liyIcn63lk+54y/S6iHqaMcnWhzTg="}},"8d0Li746XS3TQwhR/8qctkatCVxTWijdgpXsIJXphFM=":{"valueMac":{"type":"Buffer","data":"nbkkZYK1LNXWGI3sDr6VpKWl/WBBx0hZQVoxZPrnjWg="}},"d1tbxMJsszYa5p6s/c+8NmC2nE848B2YWJLHYZQGiLk=":{"valueMac":{"type":"Buffer","data":"v6N+0VlfvVbL3psiy+dDtt+3mw4OVu+1j0rM92u/SuE="}},"6Get5+cD5goE8nwAtRY4eGXdekAwqCTuqdM7flUInXw=":{"valueMac":{"type":"Buffer","data":"GzrTKjabxwV27Bo/+yDoaU/iYfIbrsKj52c4B1XMasc="}}}}