{"version":17,"hash":{"type":"Buffer","data":"vg2I1Y89rbPjBm2lwG0FyBRrOUhygv6RN3R7jH6Ma6rWA2Y9CelT+DN7FpT7z3yVKnmML7RBML2fMwVrt/sOsUFhgm1UMcEelJr+YlzcYavsV2Iv9HW5vYDlnnEn6qq3RW5R2U/oe4ZO8oJKAGzoOfSo7dFfIkyPZBjA8Q48vD4="},"indexValueMap":{"BCxM6m9tvVTQN2Ve5K9AazAupBrA5yY6J921cvPcHaM=":{"valueMac":{"type":"Buffer","data":"CyM6VcVck0VIy6zVqqG+lwqaSGCLrxXDPlMjw7teJHA="}},"JGl6qDmoTIFE6xnM7O8crNjftIlq+zh5YBBMotaknnE=":{"valueMac":{"type":"Buffer","data":"F3iuMbiCfRG2vzUaREIs68KLUfymybYTrItBh8wsPIQ="}},"MrFKVmgTCY4o8VsVXPbCPgv+rqhwieqHD3Q1H7v3HFQ=":{"valueMac":{"type":"Buffer","data":"OY1aG1yyeh3JxGrKyLJuB9uapONZgO8WiomuXKfcr0Y="}},"P2dLMyE91/l7gTQhRpb5VsF9NKL92izBD3xrwrjmYzc=":{"valueMac":{"type":"Buffer","data":"r5OAKSQBEa083QCuVnMA8qoZcgirLH5mWL3g9r0Xj6A="}},"m3/1oybWSM3GOrJjDStrOs+fE2hfpiwm7E7Hdhckp0E=":{"valueMac":{"type":"Buffer","data":"qf9cSKl+1wfhAFb50vbn3HRBt9BLTuN+kiQakFTAMqI="}},"o10K4yKKkYcfH4885FviANAEnRJ6DecDYZgkkOwAnx8=":{"valueMac":{"type":"Buffer","data":"b2bZrSGWiILxJn66yhxuBPzeFafzmFg6wAA12VFM4Sg="}},"sAXiqibYB+LOZCI54nuVTYABYNQq5lfXWYe04EC62K4=":{"valueMac":{"type":"Buffer","data":"uBcpph1vzms/SJgtCqMV39xj7P47w9hSHxt65cddCUI="}},"sxmcQWqUwoG+xWXrf0EgYY8ceO/SI0LCZdwrulGOct0=":{"valueMac":{"type":"Buffer","data":"k9qRC0yPfU8ekYG3zgPSHsMcPqcI7DCUGGPkNaBlN7k="}},"tSoeQbC45f6Wh9X3yqny2Q6E4RzxvgrUmmUIG71f6C4=":{"valueMac":{"type":"Buffer","data":"G+HhzNfZkhPmNUq5w7/VYm/SECHqw4bcg00xd8R4lIU="}},"x+AsLtvRRGgyDZ9gcyW5GwP7heZ0GEW/Z+4kgh7Q62U=":{"valueMac":{"type":"Buffer","data":"L06vZJLzBvAALvc28pep7OY8WB7q+ZpcRbIRb1XKA0k="}},"yyl/P9NeRBLlqD0nRl6BORKWYNkyx6t5wl5H0X0ze9I=":{"valueMac":{"type":"Buffer","data":"YOA4tEimPj6zeztf41drJfFZ932SS4HzQQddgFce+xU="}},"zi/qd7FPrdwfC60RdIpHuoGvZLpFQShDgDQYQ5C8UvI=":{"valueMac":{"type":"Buffer","data":"5nrjc/SMrqTC85CCKl82Xjcxu2EGJgfh3S1bh3pFp70="}},"3Cw2Je/m/twGoGmrmmmhAx6jovnzsW4ovAsvHAj5RZg=":{"valueMac":{"type":"Buffer","data":"NuhGl/mjUIi/pR5o8NLpNWIh9kx/BvU9/KeVh8PoR+U="}},"8XQDBl6wsZWSw1f1PInxJlbcnEvV2wYJ/JWxdsSYiJo=":{"valueMac":{"type":"Buffer","data":"1InAxqmGP+tuhmr1S9fB3T41lhso5fAdhO/kM1q7z30="}},"+RhZ4gerCt/BT1ocMkdsOVxqHMz72Cs5kFF4aIpr4aY=":{"valueMac":{"type":"Buffer","data":"xfSQg9HHBeiC8hM5DE+MNfJU9IrmuTJhDY3E7TPEuao="}},"+x3mle/oqfZILwnT51qwrECQextPo+2sgz6L14gZHm0=":{"valueMac":{"type":"Buffer","data":"51RvnOzldXYUjYrjakARmemOXDxiSK7sRJlvkvxfUds="}},"6vjBNPRPPJ97xqbTiSKfF8JeT1qh5bPgX2tDWfj5cz0=":{"valueMac":{"type":"Buffer","data":"Vg6vxqfREl5H6FEARMEdbeAj7xEga9dUju7LFC92aJk="}},"x7K78M7EjtmUfF66Ew7jDEW/CTNA1SoeHeTU6d4JFBk=":{"valueMac":{"type":"Buffer","data":"DCzbekd+h9LhV3YpHdlHTscGq6Dfbh83gBLj3pA9sdE="}},"GtHBIiNHG8Q5h1u3LZ+6lnhY8cn4ksSXnYPlofukMRo=":{"valueMac":{"type":"Buffer","data":"+M3ib78ToCE1+7LJisuUUra8gwXe3S0xjcfs2Kdfk2c="}},"u/otthHM1Baw23bKqovcirLn5Gs603xhlSrhvCOjC5w=":{"valueMac":{"type":"Buffer","data":"9YOrU7ylPOD/1RxE/eXCTlDKbE83IWwfs9VGWH9Rg7E="}},"0E1KdIfyr4Ew5JErs0fjenDPJUrsWOVyXzHC5W/UpH8=":{"valueMac":{"type":"Buffer","data":"gpbL4IFQO4y3Aww8MD1vcoyirWxDKhTyd4G/ir96VZw="}},"Nv0muti3zxyktGN3av5hcXESIk5hTBmcSAgae4EI0+I=":{"valueMac":{"type":"Buffer","data":"pv8fhyPbQCELCyR7ploBza3q7EMYO25dkfmjeNyupMk="}},"JesVYYbC7CZfB61N5vtW6QG5/uQfO0YHrG0MoHIzJOM=":{"valueMac":{"type":"Buffer","data":"t/ATMOu1svr6QSKLxRTcL1hspXU59N0TDjRZj9fBgsg="}},"9XCZ672DGpN+Xc41Uh8ji/bIZgzpi+tGX/Lbqv3yA34=":{"valueMac":{"type":"Buffer","data":"IyQ6YtpAmzeOcnMLJcBhjlZ62IF3b8aTnMSbuTwxE8Q="}},"n2va5kJddxQE7PGbaqOqaIa56qsGAR5C3j9M92YZ/SU=":{"valueMac":{"type":"Buffer","data":"PTTc/r2eFvAlowkQZKXTthapK4CwgngSbdqygYGqykA="}},"AjSfi82tC+4sfX34N25PjBSXIywVBaBqgnAFgM1nsOk=":{"valueMac":{"type":"Buffer","data":"ypnhsSmyKm0cwB1V6MzVehViXLdADfd4C/fA/wTPS/U="}},"HUY5ABb+quUBP1VJh02E1IriBmCcTxKubmr4/UKB8kU=":{"valueMac":{"type":"Buffer","data":"zKR231woJQ+CUmrfBxMOtx5Wl8JbJYo0weBOHUD5ntM="}},"ThDOBsjSsbUt3YarlUnwSE5P0xpnxY2DS+qh0I793xc=":{"valueMac":{"type":"Buffer","data":"/9JkCuQqtqyZNJRjvxOpAeEaa7cYYRvFy77sRBuYc2o="}},"bhShTkWkferKLDtvUOhYYvVPjIqYaWoLp1paVQh8QNI=":{"valueMac":{"type":"Buffer","data":"VQ93dfv92/tSH8bs41uJgW4E2MHAJqyFlMJpiibBOf0="}},"mRgqewWq8V+xLHjKafrg6THOL2BGVVeRIUbosryFArk=":{"valueMac":{"type":"Buffer","data":"KEp5iyNUKTQSBnfkwxuuBmiqgaLn+BFgcCWBILoC6lU="}},"MXIuSAa3xKJR4lN31ZMYdkKYgZ/yO6QM/aX7DV0z/so=":{"valueMac":{"type":"Buffer","data":"fHz7PlHE7VtkxcoNlcpFJa6V+tmTmn5TfFhHZ3mvAeo="}},"SEDuI2XrADEPLnrVS25rDQwoOs59ohp/btxsvgxZi90=":{"valueMac":{"type":"Buffer","data":"Ye9uQWokAjIL6gjo9aiUTSFuHm7d7iJY0w8ODqvDKQ0="}},"zCWl97qzBGH69MFNe5y+zP8nCHjeWtW8k2I/98T4HcE=":{"valueMac":{"type":"Buffer","data":"yXBlb8wHqO4sxB1r9qpb1rn6atu0usU1f77KurcTRQ4="}}}}