{"version":131,"hash":{"type":"Buffer","data":"n68KB8IiJ3N+n4IZ02ZVEKvjEVFXSuNC59CZjQxTUllDjIGpO5+kxrBJ6pY4NiwOgxkkJHBEVyKenadFJIJO5AN5ZQkMiCCh+iF+iJbQy1TOlrsAAsMKM3Q7zfWsuACCauXJM4TIQROaPN7Wdtd6lwE4cpxfMGg/+XrbCjNtjxk="},"indexValueMap":{"ABRPczxpdKyO9FgI7NbgFp8D8DCNKlmQMRn5MTGIMCE=":{"valueMac":{"type":"Buffer","data":"wL0K756P3vLFcjmq5cXA8dG4YG5l+o7IGoA0l9rcRaE="}},"AVgGR1p4R+hob9ck9Io6lkLejga0EfKnR1WhnmSZ5bg=":{"valueMac":{"type":"Buffer","data":"1gDqmJXlhBNmmJdppVhcTReywVOTBsXv+LW10GYMw8I="}},"A/cZF3CbQQ2pXNTPBF1mkpUXYUqOUlQVh9A1OtHYWI4=":{"valueMac":{"type":"Buffer","data":"lD3amRXmQcUN3YakncVv0jt0jTqGMrifLLDBkmK9his="}},"BLFzSVpJcaXa2CikaN3Kldl8a7BhKBMZMH04VP+F6wk=":{"valueMac":{"type":"Buffer","data":"n891lIEtaABGwUAZ8q1ck4z8eqcNo/FRYrpG5y0oz0o="}},"BQmROrrQpanUX0q4Wr4OHnzz7V75CmL2maScCi2Tazw=":{"valueMac":{"type":"Buffer","data":"svt+o6ipCujk6IWLantXTQphIATbr96q/yUF747ZMoA="}},"CFZim+FydfaCgCsdiKvMHvCVuJb9bbCrDkU4EuVjR3I=":{"valueMac":{"type":"Buffer","data":"xDangsx/V5+jvYGxtZoSGDfYY1i9PffZ+CEIWPImOjE="}},"EXILp0H/8C4ojeJCxHGjwTW/EeRvorQ/WXJDh7TFLlc=":{"valueMac":{"type":"Buffer","data":"9AXD4NNf0QfTcXI7iqIaIt5pmkMWGDtanjG26FaHWp0="}},"EXNa1dJTWW0MgVMmLEgS3t66uslvr6quoAGjmiD4FLc=":{"valueMac":{"type":"Buffer","data":"VOpusaE9h+6bi8Leg0cZb+g0WWXOItCr/ba418WceGo="}},"ExF807p4KifBfT4rxxPgqIBmEEVb4TRds1I22WVD9UE=":{"valueMac":{"type":"Buffer","data":"sITRk74yXfQlGzM4FmrIlpG4mwVJMx8oTYGB9gFih8M="}},"FB0JnV/xh1FYy8EOCv8HtiMQLvzC68N1jjU+M6ptHCM=":{"valueMac":{"type":"Buffer","data":"yfmhCW0T8tfXNiuJjD6J0WgKa9jVADGBKZfrxC4DJ1Y="}},"FuHVJkxXXKhKMImvxTDhQHuGfA9dxNMyQ0Z0UFIcdUg=":{"valueMac":{"type":"Buffer","data":"ybjHlE2AKrqMUwdDxMyK6QmnWtd397L6VqBGOPHgREo="}},"GGlQOhKx1jMDLFjmIdQyHzZjPHvBp42K9JRQJ+oRkwU=":{"valueMac":{"type":"Buffer","data":"nthhDj1uRde1Mlajc63z8Okyjch9stVH70qCrm8IcC0="}},"GTSACY5jHWSJ9cohCITBAR7YAbTvMXcaPufHpx2uEqY=":{"valueMac":{"type":"Buffer","data":"p+8Q1fOAibuHjuvYWO6GpJL7st9InvYLekFBzotjv4o="}},"HBaXA0OuzCkxvlf62csia7biEccD0JUglzpvJ6A+zD8=":{"valueMac":{"type":"Buffer","data":"cZC/8yt75PBMBlJ6kqfxgs9p40QpEfwe7OALAYRnB0k="}},"HFnwxtdkJq8JWaSGwIDgPclS9I0ksPsCTS8ig2XFS5U=":{"valueMac":{"type":"Buffer","data":"aiTV3QwAybInValtPh53UGKre6HLRa2fcLvAJH6unAE="}},"HTQ8CDMsoLX+wDUjacztFYxaoq7uRkMtiqlS9lumGwI=":{"valueMac":{"type":"Buffer","data":"AFYH024DMy5Ax4E7oU+Ffpjhe+teYEXzGBf4MAcLhN4="}},"IrNFjnfbmNvW1/FMUpIW1qMDlPm9IalWW9DNPf+0D84=":{"valueMac":{"type":"Buffer","data":"RkBWQqnohqiGVG3rfr5jDPDGsVOAGtSbnL78UfNOWaU="}},"IyjXDokMX6MP4KJhuprFE8t91DvWdXn5iuXi4q4ihIc=":{"valueMac":{"type":"Buffer","data":"28Bn3oyofsQFCHDkvGi6dlsBVdn/cUCVitWl8yGeGRU="}},"I4h3z+cfeSw1tsYfaBhAoa6AoxeD0DMy0M5ouy7Rze4=":{"valueMac":{"type":"Buffer","data":"rhGxYpKP7VUAZflBHAJ/l2FQRKW6XIvaWsfd+5QpJhY="}},"JW014LmXQnT7CbFtTY+/K2w4TcMHKxD3ml2qxhWg6mQ=":{"valueMac":{"type":"Buffer","data":"tXn36drJhy+BKMIbx/rRcBvKfssYP7Df9yE5Nqbv2uU="}},"J5SEYLRvoSgEA1tA0nKRq8KpEujapQShxexsnLQ6vC0=":{"valueMac":{"type":"Buffer","data":"KekleSEOjpN1YzOlZmLHAoHhiyOwqRGYwUWyE99+7F8="}},"KOW1vDSGr0RKUh2aAM696mUKei+7EZyqKXpMK6Kfn6M=":{"valueMac":{"type":"Buffer","data":"zb3mFbHT+c7cRVkJP/mbCdD/7bJTxyHgzPzrsqClsH4="}},"LPUkTRftKC1+F9/jiTmoVCML/AmBrB/vJT2nKlylTyI=":{"valueMac":{"type":"Buffer","data":"javWuXnnF8ocbRGJa/++VbHQOyw5X3lvmV3Ac/tnFoM="}},"L6qCA2zpKv6NqrMhDYOZjy6ntG7Us0pnNqksOcloirU=":{"valueMac":{"type":"Buffer","data":"8WwMZyt5ombZ5im86Qrz1xgTKEi5CjZBFF47eUzpYF4="}},"L99RO5hIGXpR4oN11YNkxo4HSfanvACsrITzaHrl8Ns=":{"valueMac":{"type":"Buffer","data":"juJCjobYHMAw/J8SbFaXNPTiJK4rl9oEdrnPpj1DNCQ="}},"L/G6KX0iTUmzbcFi/AdILVBZ7lRTrQ9FHOkrMLMzPPU=":{"valueMac":{"type":"Buffer","data":"NkZ6nukbNTSK7Ki6NCeDJmTS066iQRnV39/kyezT97M="}},"MSnt1efwRXbXPnYb5ZiWQikiDaDzzqw6CV2ruVTa60w=":{"valueMac":{"type":"Buffer","data":"bFLBSTCqP5ncKeWkBhJHNfs5cX8RndK3cjhcl/sFFs0="}},"MUx/gMeiLfI1qJo6UGH9D28Co4Noq7HPwv8ahHqDmII=":{"valueMac":{"type":"Buffer","data":"oRKfBihL28243zS11qQP3UTHsRp7wCXUlDThKLI0u/I="}},"Mxz80JlveY7+mNnbQD9fBg0ZcS38nX2q8y4UVRFaQG4=":{"valueMac":{"type":"Buffer","data":"8nC5ftzuz6coKE4DEfjpSq508opZwGv9jRSL66vYXWo="}},"N0GjpWhJkTOu8AFr9Nw/G4+HVme949c/6bBEm7KrAKw=":{"valueMac":{"type":"Buffer","data":"8MuwZ4PqXz9XRD83V3dnzB7s3IxpfZQye+AwZ6M4Bv0="}},"N/bwG3Q6rFKWhpyTFVA6RCAFUalTa297DdW8tNdiPGc=":{"valueMac":{"type":"Buffer","data":"qsxnek9sWrQ0f5Cao4fntMQfc/SKVsg46U71UI6XaLc="}},"PGzGbVApqNu/8+1coRef1cgGtL5gbDsJ9tMvmQ3O9Ww=":{"valueMac":{"type":"Buffer","data":"ya2muST4pGq+FgOPKPcJHdjRjYXlpcEd6q4LncwArSI="}},"PaOAg87O+R2q29f4qwMQaGq276pvS9BfLSf9h1jhTSc=":{"valueMac":{"type":"Buffer","data":"nPHdKMn9vet9ad6yr8w/TOLUZYQiuLf3+aCwXMWM8CE="}},"PoJpRVYCOrq5svYixMffO1cHCeC61BIvp6Bq+11XDg0=":{"valueMac":{"type":"Buffer","data":"FcZ/LYwmWkT/LUQrnsk+fi8boGrE0zhamkzJSLabhF8="}},"Pswug39nnudxwfa/e1V0AODe8D4DqwDTKILFTitgK8Y=":{"valueMac":{"type":"Buffer","data":"aKRZRjJ9IMHIRT1VQZeVyuhZu7nWx9vV3ngzY3tLRyU="}},"QAYyVrJIyVHZTE8KW6Vv6dH4B72zMUjdPIalxrcSdCw=":{"valueMac":{"type":"Buffer","data":"/UGCF1xE6YALrZShAswWhEejZJuYjFW1DZSph/pv4ys="}},"QzckzYHPD8dGcsV1wbs9Nwu47N8mMrz96SjOPqCUCLM=":{"valueMac":{"type":"Buffer","data":"z2x8aJzYL6pKFl7d8ogU/weuNCmbItk6bZ6ayoy3oEY="}},"Q4hmJBID4M+aJ69Fwzf1Fqz/9cj4ktwOKbl2EZqvIcs=":{"valueMac":{"type":"Buffer","data":"QgDZ8BmGU6lI+OTto6RPCRADFKY5OAOviavF67lvfTA="}},"RMXRBI5Frxom963RADIXkOtB5hZ4OnZ26cGvu7enRmE=":{"valueMac":{"type":"Buffer","data":"py5Zcrug5lqQzl1BgaMhi5GMyMVXdjiK5q7w4KOmu1k="}},"R+8bIZuBh2f6yaiadhYOtMWadrTViJZzMppejnIBnq8=":{"valueMac":{"type":"Buffer","data":"dQ4IAwPRJIBxJ+f/P5s0qtUIn5bKvlTOT+xwEFQ2Quk="}},"SGVut8XlVan8I8MZAK484gwNjuKr94Sq7ANp51vmLVc=":{"valueMac":{"type":"Buffer","data":"CNNj+sIhy9eeC5HzjqbTJ6C0XtyyeszkvraR/cLjAds="}},"TNWbceZfqfkxgfGz8TzHHiX0EeJYj6p8tS0JSNj8BhE=":{"valueMac":{"type":"Buffer","data":"I7XvcynaQMBBS9DIcmumFTzBHRFzMpBuyqZ3cwM59Kc="}},"Ujw2tIPsxNtihJQGoI/bHi2Krpn/nabShpWKS5uM488=":{"valueMac":{"type":"Buffer","data":"B4G8VsX75/iwMqO3KUAcTfRouLtlVBUoiKZdVLm8j6Y="}},"UtLAVFiwUwInxUMTbuJ/Imq7+C8kFXCK0YV1y+hdOYc=":{"valueMac":{"type":"Buffer","data":"5xtherDWIRMgjtCUNWYjoYIRoKTho1HrJUqQKvC78nk="}},"XHUOgQcs6HshZstgz4AykfABhfjOFrFtM/9N8t12QHo=":{"valueMac":{"type":"Buffer","data":"FTR83ta9To+fNZOcDkxuQ9h69AxAISiRlUHXFM+RCXs="}},"XMbhRBnJVkeFKWzit77+v4/5SeywGULYv4chnwNpQ2Y=":{"valueMac":{"type":"Buffer","data":"caVL9GDJFol9t4ouEf9Zlhz9tN5M2cw9J6wGSR8LVkY="}},"XW9ZSPKVnN7KL87xaODvitPvhFfxBKxZQLRJ82CNP38=":{"valueMac":{"type":"Buffer","data":"IcOTf/sBme7X7WcGvrG523m+hGTF1BhKq6GLFSnlfGU="}},"YPTwrlbPrWqq8M4KPGFXv+GUtCh/qJ/mYz8EKzG0cTo=":{"valueMac":{"type":"Buffer","data":"zWe0WkOLXP5PshaX5Y4+luOu+HthpztnYRwOiCl8LQg="}},"Y3OyMqmAU7Stry4CdzPlY8gqSLB3MaG2uJ63EdmvCzY=":{"valueMac":{"type":"Buffer","data":"eO1cgcmfyPFkLjU4etzIJIgzlJ2Pk9klavSuhSCZnrM="}},"Y7/IK0dFH+UKjLjxEPltT2Z9l8RWMRFnMzk16ayDzgc=":{"valueMac":{"type":"Buffer","data":"BaPyKyDQydH3Oj0Ztq1kMog3WkR06mG94bBYuN1xkpc="}},"ZeOisH9jcWo08edhSxhYj0/KU+P3P5ip/WuLpEngbZs=":{"valueMac":{"type":"Buffer","data":"7NZodroilqu2CM0QJwAEuf+nGLU5LFRx9r6Z0I2nYcU="}},"Zi0OuM7TJoYiepA/bm1/KT9uK9DMblj4k1wl+TBaIp0=":{"valueMac":{"type":"Buffer","data":"ZxC4074QZocdogiHcRVtWOQBqBsNHW/uju9G3I6d8Io="}},"aHHZDjVor1/RkdGSeU8KUZXZKIgJBCZekQjKcuui6cY=":{"valueMac":{"type":"Buffer","data":"Wfoe2qLoM4l2QUhhAr06336InlVy1VHnYj70jOdNZ0w="}},"aiTW86qglVwmT/K/sDl05xYJ7JaWXeYD40ek+3mGMW0=":{"valueMac":{"type":"Buffer","data":"6OQrjBaGkvstHGk48S2U3LfhDMUGRyz0kqazMgYlaB8="}},"cjkc/bQ2z4uTnFBOjmtUQnMfUNQqVbGWzYwQ2Bq4hSM=":{"valueMac":{"type":"Buffer","data":"kmsgUmgQ7CCksygcx4rjo55xvTjd1mgAgx419JMO57I="}},"c4c2GEQJbaQ6DjNZDbimzIAgrS2PHRIZgRRC/WKYSEI=":{"valueMac":{"type":"Buffer","data":"WRjj8n+SPPiEoILrJ+bPnRhbJss7PkM9VAHCBXSijmg="}},"dRSbQq3g3CCzmeFeI/Kbvq5ib7hshPwfQKRvNd5VN3k=":{"valueMac":{"type":"Buffer","data":"bl+4AMzxWCshvWa74DIwaQnlNfrcFGDsdrw04xLeIJw="}},"eA6MaYylTYEA36iN9Juj2fbwXNwqmGofCSvUePkEpD4=":{"valueMac":{"type":"Buffer","data":"hDrusjiw5bOJ7sxP1wnqE6lfvqkXIVuttixKZ6Zx8zU="}},"gS4AdlP/OG9b2dolAftO7qrJwTgKvDH6pdfQoQVb/NE=":{"valueMac":{"type":"Buffer","data":"sUfCwxO5+vJtiXsOtozu1zgPkxsVd/p1xI99UC7h3VE="}},"gwOutLflfMZjLJuMcQNONZgIzrQxaT5t901dreEflv8=":{"valueMac":{"type":"Buffer","data":"kcAL2M5az/wBafWjMcdAzdM4uTt4MFMaOYrVgAqlpk4="}},"hSNps5FyCfRTn3CHhq0t2LTXpqFPPj66a1pEnyPzVNU=":{"valueMac":{"type":"Buffer","data":"LWbfnaAgSdZyn1Ek0NQR1J9T/UOIBEZwUE6pHYYerWg="}},"hlNtPt3eTGzHZCjuPOs9T/qtiiehaIwNSg7AINH9HbU=":{"valueMac":{"type":"Buffer","data":"+NImZ5veGm9KcN6DJJqM3RrQYJQGBKYOgd1E6Nozdn0="}},"iWI363eQ5NARGtUDNI+NvhWTz8rAawrprdT0ykKXRg4=":{"valueMac":{"type":"Buffer","data":"as0fn+fdby10vv4SctC6Qm/1ogy+LFudAZu4s3O/zco="}},"iaG34fKHhNuDJMF8tf9bkFWEIv6fIA7ZuAe2TPGJJ6A=":{"valueMac":{"type":"Buffer","data":"GaF3fxheqBRD0EUx2Gf2++e/BDi6WF+qnoq1UGzIsQ0="}},"itAVIIWZaNogaxXokmM2rEjCcwEpjViz/gBH9VUTtvY=":{"valueMac":{"type":"Buffer","data":"iJj1wALBq4V2+d+qdAmjKTYhHwlPQZe5JWWhX3JAf5E="}},"ix9ULIg405KD01fGuZzU4aIsa8vWl6NT8v4rO/9Eg/c=":{"valueMac":{"type":"Buffer","data":"JNpZlNOdUYEyk0pDbNBGpAsNdNWPsf8GzcPvnwRPNc4="}},"jMuQKzedqU/dmlKBfnV81UyL68of3Je7CfJphITxoD4=":{"valueMac":{"type":"Buffer","data":"kQsALOQ1Jzp81LEuzSCLjB3unDaYOXh9XkflznrSz3U="}},"jyRmjLrNyvsEblxbeT/X2vmo9zIaSM44cn8yAI8fxOk=":{"valueMac":{"type":"Buffer","data":"oRv/4EndV27yre0dH9iKAfwahpjvGKel2cAhMUjujEA="}},"j6YVjF9NjrNOPbQav1pvGACcL26MMhxNUMpPnAvzc5M=":{"valueMac":{"type":"Buffer","data":"k9U2c5CgasZvbB2GPA3huuWvh0/fd9RYuPiB64DA7Ks="}},"kLxIK0bCL3aLiU6/J3PuEesvMQDHKxGzuiw1UnzJBqw=":{"valueMac":{"type":"Buffer","data":"xGZIM1LTcuSY1k1DRcUDKDN/kW4zBnu5dWqqOLjLPz0="}},"kkiFJyRzcXNFSm+CUmCt7OSpXtpeCd5j6IQnfdAewkY=":{"valueMac":{"type":"Buffer","data":"z6RoGoXu2EtfeWkdU3TXtWd9DM6UB5aVSO1A4qEDeps="}},"k4YSfwHHkUTTp27vNs8Varvm0hPJL523es6ZMA9miyg=":{"valueMac":{"type":"Buffer","data":"Q5t7q73g73HHB8a8H9kklAt+Ch/D6FxnOv1vr2cwL/g="}},"k9vbvBy4CzDz5ei3bod+V4bvXiIaA5vckuG1Ixyt+F4=":{"valueMac":{"type":"Buffer","data":"Cgn8ZuflzT/koOccSMwxxSV7A/PX7/YiPWWvpPrdzQ4="}},"mG1zePBHUL0w2iBRPBRITXi3w2q5C+QQyCNoJ9WZNAo=":{"valueMac":{"type":"Buffer","data":"91eTO3h+g90TE3w8oOrLwfR4YGpNyEm8HYVIyXDIo+c="}},"mn0y49RUeQ88rknanAAcKqU+TNdwR8Wd7theDUQ8dyo=":{"valueMac":{"type":"Buffer","data":"ncUvMVG95JwCrlguFu4IUqzywtGXUI/q17mNbbGE2Ok="}},"mp8JvDcymXI1h+cwgq6RdLtMGE+RLWyEJ9LxEcr+OgM=":{"valueMac":{"type":"Buffer","data":"bUFKsN4i8s0xSfZ4Qv78zq0Fj5aNQcN8QMnoaj62DZM="}},"mqR5xdSpL2xbT+OobgqrYi2W19QAlEE3+REldFqaSJ8=":{"valueMac":{"type":"Buffer","data":"U0qnJd5r0KCuyVa99kMTX6BDHXCQsZtWPKOgxhdiKKk="}},"mvYGBlS+kG+KZZoASghwq1u0mz4ykKV0F7N1Ix6pMP4=":{"valueMac":{"type":"Buffer","data":"utxHlTuNSq06pcAxWyJpeYrgAX3GtnVRRwGHvHICUvc="}},"nSycu1VE0XzzSGXRuqEiig+9IfLOYN9UnmFr6dBwqv8=":{"valueMac":{"type":"Buffer","data":"ZqnlQjUgIiLaY8aih9SytzV8m5vqacP7tCkg7BXHB3E="}},"pP8VjxbXF/v7xMpnHUkLteNmnFk3LSgeL9oQPBuBxqU=":{"valueMac":{"type":"Buffer","data":"FOBXe83X/0+l/rAqlRLRZLwod/+H2vKM09UasaGbUFI="}},"ppopitNuvHBqZhovKCfhVhlGCwvc0HG1cHPva/qrX1Q=":{"valueMac":{"type":"Buffer","data":"ZDXVGQw3jVusyI9gWV/pF4SeFrsFTSSOryf5yQP3gbM="}},"qWGw6VuJWLpO2GVsC/H9De0QAY4CiLbXP1Ch4MYViIE=":{"valueMac":{"type":"Buffer","data":"vYlBXo3hEYSeVF6Iyag0ZhEuMDN+PCa9zgnvBghi0yM="}},"qZJk2o4mYREuqWUzAN/5eCsf8CIdxxmstAEplcwf/a0=":{"valueMac":{"type":"Buffer","data":"GuzUC7/R1C/3fhajHa7vm9XEJ6RLIJ+HXjFQ/GJ7oqA="}},"qmVDv2VYTTMY10fGEVX41xlV9QEFB12qahMafBDEw0g=":{"valueMac":{"type":"Buffer","data":"yqex2wSOB6dOqB0TwzcdQm5sT1dlr8x+QM7byswmzEs="}},"rgysr1zm+bel6ofRFnsCeWrQnQc7Q4M+ANUP//nkS08=":{"valueMac":{"type":"Buffer","data":"dqEMEwWXiAmguYjF2B2I+yUYLmX5YqZx2z8acHCBTTw="}},"r8YFC/Uk7oKe2IQQkIrVvPW+/E9kgN/56R78opsF7/8=":{"valueMac":{"type":"Buffer","data":"7lcMsWoHhthfmvWCX5LmHaRiz3CfswuOmM7FPscsmGY="}},"sAM3EKRHh7SpPCMVY7++YNXy/mN1vZvFV5PmVBBBvUM=":{"valueMac":{"type":"Buffer","data":"eTOniGOaMtVzxWQ+lvPvUujRYkwHhvArNzjdmNYAFsw="}},"sCEQ0BJppsNoNCosb71lBJeRdo2i9z3wj46SfVL06ls=":{"valueMac":{"type":"Buffer","data":"t3KaXURdpU7tHnK5NdqLaUgwl1bFvNymWyRKECbim8w="}},"sUmIrs4D8tnq2YpWv7Z3tkIKJlucSeeyldPJoaCgxr4=":{"valueMac":{"type":"Buffer","data":"lGo2+IU/AWRZX58vjGm7CsqH5+9Wj4Rczkh5pbCeEfo="}},"tEBOLUhb6jm61XJFl9j39b1oCBA7TAu9YuFHe3JzADE=":{"valueMac":{"type":"Buffer","data":"T7bxiXMEKpa1JTadAG/FU8cl36V5IKlVaTDAuId3dsc="}},"tvfC/Dq9lQ04d9uII8ZuwzLIjvwaTgF2FjRGVbhaua0=":{"valueMac":{"type":"Buffer","data":"5Gf6hJ/Vt4UZdYbWJiF3OW3/ZVrKLPC27ocj+LCSMt0="}},"t1XFhlE5NUU6RZjvsxP+sh90NsgWmWKGw15RMGjclk0=":{"valueMac":{"type":"Buffer","data":"HM7qOxryScn3/YmpbKTCplhDfBw5snoJbYu230KNb5Q="}},"uRviKt6Zd1ngtYeSBc8kXGYJzw+Kxd4inHueXjnX7pc=":{"valueMac":{"type":"Buffer","data":"VPeWrnAVcURZ/eHTIgJAOiaV7sIWG5CsycnVC1TTLHo="}},"uwsp9xX1b0HIB1QRp3lC+sionqeCoskm3qiNBFYSlkE=":{"valueMac":{"type":"Buffer","data":"LDUACmMJHxrcXYuNlpGz2ZjOzePUEg5judp3U8PprW4="}},"wLVUTvy/UvC7+0MGYesK5aoM9vgQkr7gmnA8VR0TbM0=":{"valueMac":{"type":"Buffer","data":"ld5/qJP61Ed5uFasTkr7lIeoWpbo+8UhfD4omPffsB8="}},"xrMLzpAWt/IW7fb10GJicLBubVGozQGvAaszRT/MVko=":{"valueMac":{"type":"Buffer","data":"L1K2cqXnwSWJ6Y8m1wFRzw+stFTKOmmZfqoTWNtxZbg="}},"xtv3uU8Ie8VzfVqy7iPnE7rfGSPOp/jd/mYG89U0qMo=":{"valueMac":{"type":"Buffer","data":"ToGTL+WIbxKUKjQr2+nH/l+SY0ScQ+ZU0cPsCs9FgMo="}},"z7EecTCtOoQAZVGZLiU7sO3lmaftzfze6LSf0vtnF1s=":{"valueMac":{"type":"Buffer","data":"/kvWpAIyInwX0cDWFX9nS3whbR4hcyNmgfsExlqfBhc="}},"0HYbQy+RuhOFxbKCI6cuhIGWu8uvTmbcpY0qNzFmcLs=":{"valueMac":{"type":"Buffer","data":"EExUeL4KPajKfb8e1BJECyw+++5IOFZESe4s16N9kvg="}},"0Zin2mEs+TCaUARcM8WVZWYNgSsAuj9uabH/IGntf2Q=":{"valueMac":{"type":"Buffer","data":"o00bWdjYU3aRbJmJh8MfaL1UjF12fBb6UQf/rbsaIuE="}},"0cXcqcC2ktxjfJ6NXwQK3DTkaQ5YexsILO13WQ4+03M=":{"valueMac":{"type":"Buffer","data":"7TU1YuMe//P/yQply2OeguFYQaeG7ABwKYsvBEkh9Zc="}},"1ZS1gG9DEDwvGTooWsPBn70Cc7mX7jinaRQJVm0ojnc=":{"valueMac":{"type":"Buffer","data":"rhPJla1h/x+qhzqCvCFWCo7QIPqlBEd2fVNczxEezo0="}},"1dQyC+QBtGRGmtxCuBPgNCMF6NV+ElPkFFEyrLYx84g=":{"valueMac":{"type":"Buffer","data":"S7gToEbp7+d6jrog5QIHcFh6vLFY9hXDHQJ06+pa7QI="}},"1zH+KiTVRxWUpFDfy4UZJP/5mHR48QvwwxAsx95IAjU=":{"valueMac":{"type":"Buffer","data":"ABiHoA7lcFXUF0ipwK1xSXh1W8/KoYgr5vz8tOHCzJc="}},"13Hp0xs+7i/7KjY52T2yYd5VV6ZRytZUJ1bGjyFKCzM=":{"valueMac":{"type":"Buffer","data":"fleL51NPDgzoSMEb+vReRofaObN/DX36qvviEFihH5Y="}},"18+Fq8x08qiNm2wuvTAOGBLsPUCP80/rI+ZZjBF5Yj8=":{"valueMac":{"type":"Buffer","data":"7CvhBlclE7CosmAAsqaDes2OHbpHqHhl90GLTVf9TwE="}},"2CnuVxHoiPlDDk8c6FAbFuIOQ9aHnCL+FuUQoJsLEOw=":{"valueMac":{"type":"Buffer","data":"n4COuSbH+lSF4X39jxkCUev7RzoTzBwRywdGpe1ktBg="}},"2T8yX/vzDnGJixgYWy+zl0VcCLsAxoWHdgtdA7DH8Jc=":{"valueMac":{"type":"Buffer","data":"YwyM6Tro2tLDqfA+DlnJkQneS1ruMkXzJprHojFUvSs="}},"2ny1vyIlpEER4gY9OCA6X3++z3FcGrmWQ/J3AufFfMo=":{"valueMac":{"type":"Buffer","data":"+OmOyPuB3oWJs46xADpjV73WVntEcVLGqvONll2Puu8="}},"4emKA8HZOgSJ4uk/rE+mW24Hoyi8kkfdqGd8tO2cRCs=":{"valueMac":{"type":"Buffer","data":"2tu49rtvd+WdJreL/QWXx7cm+hqDbjLsXW+R6a1ldbU="}},"5KXAy7XZ7P5O/NXIuICITbpN7jgI7aVv0n5JKlOiPDI=":{"valueMac":{"type":"Buffer","data":"Vq8vWpBexADstTaxR4V4SyqnqRxxoCc4hRdy82yHZJ4="}},"5V95S5Fc1mwfCH3RyIDZruILwvwBGlmXL9zJQjIW19g=":{"valueMac":{"type":"Buffer","data":"znT6BMm3UOX+fmnlNshrp4l7ifMqaAhfHDeFJLCh0f0="}},"5e+EyeaOFdj423uG7/Ocbcg8z6ZDVvcMuv5XhN8bHVM=":{"valueMac":{"type":"Buffer","data":"hOI/S4D+LjlqOAmUN1oZpKqTo+7P+gUH/LOWGchDwI0="}},"5mBOimeFpmDRS1PJfXVLrxZYwvyh3hidcvBahHj5Amg=":{"valueMac":{"type":"Buffer","data":"OZpK3wRVOw4f3mv2QmYNrL+8FwPOqQ0RZpMv1uvJlVg="}},"7JKnzzyfEPEV8BvDGcJUFOx6wSsHJ2MXdp3u0p9yPKI=":{"valueMac":{"type":"Buffer","data":"jqq/bD4S+Q2ZxuC/ARNyVitve8LBLublRDlY2nemv8Y="}},"8C3akjc2bX36kbUjFPlm4rCBUDj6wijvs09iSxpWzzU=":{"valueMac":{"type":"Buffer","data":"uhJZqb9DntK++snLYD8xnaQTdTKLZXwTcBbOBE84IeQ="}},"8UxKX/emkZg5vkSO/N2EpoG19ygFtxs7PZKDLBf0uN8=":{"valueMac":{"type":"Buffer","data":"N7wpNEpBah9rAoZtRQlFBBBOc0ZYkavLBeqxSB8m8x0="}},"8z85GSnm3oYuchVpclappEMRcWP+ry7zyLg4Hl8Y6mg=":{"valueMac":{"type":"Buffer","data":"H0QeGbFODgjwrRenG0IiMalFVhO7ChypGAEAXa6ksO4="}},"9EoDH2QU7wIGfDtyUBqNAm2NuMHLGPKNW1t9YrXlsSw=":{"valueMac":{"type":"Buffer","data":"BJ1BZEOSh/7RpI/UQKBqeAgjUw0RLAhxM6ncgq7YFwU="}},"9tmvGUQLitKjKwtlilseMXwEZZW0o1YM2mOfKWJ3uyk=":{"valueMac":{"type":"Buffer","data":"e7orx1qAkQmBKhr5MVLPA1r3pe1BdWPsodu0zJtzbEM="}},"+CcXLbyjHwkthv2W9f4WgxzPlhZo4pRRzUOtCzLWsFE=":{"valueMac":{"type":"Buffer","data":"73ynvVL8Y38DXCxzdbqxjnXTsNAC5IxX8pDl98huAhM="}},"+Ykj55r+bJhQmUKBmA3WMUoLWfx7eQymmz9bm0xOkkM=":{"valueMac":{"type":"Buffer","data":"HilhX0ujIVSqfOw3RM3MbZM1b0kEoFxpdEoauEFi+CE="}},"+v1cDGtoaAsFFS8zyVq50rQ6unYoujTVsvanfPWAknQ=":{"valueMac":{"type":"Buffer","data":"FhgMkdUMttfmuWEQo0eGuTukcVHbVSEcRtd0BSLaJzo="}},"+yBce0cY6wviMOrwmx+hAqPrp9GVracupD+qcOp0vIw=":{"valueMac":{"type":"Buffer","data":"348SEvX+gbjqS/zEp7xD5ooonkow2qYLglb+3S+EI4s="}},"+0XvY0zo3/DZ/WRxt1vJ4dygEi3ErWeCF3P5TJXHlXw=":{"valueMac":{"type":"Buffer","data":"UiemKpVFGq1BAR+6cbKBuKJy4hDNuF+PdRFIm4ZL+sg="}},"/p2sCvaWlXi7LTc6iKrBPR4hyyznekzhTgueKn31LEM=":{"valueMac":{"type":"Buffer","data":"d0kxPSj7ScVrrz2uH4h29tEImB8Mg9XFQNoPj/u2i8c="}},"Vo/JCJZyRrrfNvK9CZaKVzD+SCFwe/cY/4Wwoqr+GRQ=":{"valueMac":{"type":"Buffer","data":"wF94fjh0Z8DvSh0Nl6Sk6NQjlduLout3Kps9CMU6wvU="}},"dgqugux9iJNZfh2yZciDPhA9Zn233R8rVihdePJ9PA4=":{"valueMac":{"type":"Buffer","data":"oGT3fN9B6YGrxvcE0HRuBk+BZ1KzxkJvvVz23dBKqFE="}},"s9/9gDEw0b2gTXtgVtHRyZc4KNrFnDiZpGy+Kbf88ZU=":{"valueMac":{"type":"Buffer","data":"tBXKE0/Afr8+izLFGa0FmEXnZpdy28P1VwYVTRg08c8="}},"1aHBwgV9t7bySUF4XXw8KUyRP0WJvQUpPpZSvvXTEes=":{"valueMac":{"type":"Buffer","data":"mvRj8eqPROcfQ6dBqagHpHequQ0YsN/qF3O4+WtHKLQ="}},"WbHcstyd33qAz7F7cl01+Y56CvVehV3+WGvB+ak8nhg=":{"valueMac":{"type":"Buffer","data":"lmafVDERDxIkT6RjJ/zSA1Ebx+GCZNCGjs+NWQRyds4="}},"PCmualhiHuGLDQn+y0FPp/hKp67oalElrObDij3GYRk=":{"valueMac":{"type":"Buffer","data":"rkZU74qoMk8xmsPX1JxdBQoMG80Wl2PLrZqW982FJYg="}},"iY24rY3L1nTMJosV2dU2lnlRmNiVz4Dc4tLs25KSWSs=":{"valueMac":{"type":"Buffer","data":"Ox4rzxXrzBgg+v+s1tPLye+mzXkppzSg8Ty/sUbtsDQ="}},"BjhvVaJumeD4CZPLAEIPXvOk1YfqLgRaJjOyFQQ8Erw=":{"valueMac":{"type":"Buffer","data":"QHIIurrH9fCrEOqL6BMgB6nRURQ8gTZiOJS6TxR3u6c="}},"ZLcurAjhVp4ueXNlu5jEAZWLJfR0B3AjFaiBVNR/1mE=":{"valueMac":{"type":"Buffer","data":"HcAO1OoihwLy1pQugHgsagb2CpIKS9MplGRvk7SkweM="}},"J2nKnP9imWYV0Sb2T59tXHrJHBFbVoa1/8lypl4DT9M=":{"valueMac":{"type":"Buffer","data":"sA7EgYBBT/HV7riRxf4e4wbXCax9WRJIt/ZorWA1Kzs="}},"/EkL1wKUHLEAz6nuss2aN59ik5jDFyv112MTvJdTLKY=":{"valueMac":{"type":"Buffer","data":"MEB2I7oHJxurPhXj7Cr1tXzjd7k+i4Dm4rijRZaK68g="}},"89OQFMEcnT1uoWeW7ZzO3S/PhjrlhJT5cbXROd38W40=":{"valueMac":{"type":"Buffer","data":"crmKkF8Sa/wTE/cjhvSHOQMtRlp5QIl3MeveHdqMRgg="}},"qFbSlE1INUyvbmayZcigK8WqswmzcLpXMchulTAsJV0=":{"valueMac":{"type":"Buffer","data":"nbPyPmhZeBkeaogaurTbuuOs3s5eojc11WveNgcrrJI="}},"RNtBlCcp8hcwSstztG43svTIIvPhvNBU8cSQrccEdT8=":{"valueMac":{"type":"Buffer","data":"1ekPRIwlc9kjAF0cgexcHwmfntrEGULXVoF1ES2MMKM="}},"LzSZCdOctcZffJml20w4lkWxoAjULbnlA8pq9qGKYl4=":{"valueMac":{"type":"Buffer","data":"xhEEBllTAxhmerefN+ubXOE182nodbbrEhc5inAX2U0="}},"qgw600OSoVkbteRMwuPGq2XJ2ZH7o3SmxFinMxwykb4=":{"valueMac":{"type":"Buffer","data":"gH9xCKvT8JR82+p9xyjLluq/DPk+D44X+gBY0qiDrpE="}},"zLRsr6k7UNMyJ9NBmdkK3rAhtWjejrdCfaAAfHUVMfw=":{"valueMac":{"type":"Buffer","data":"+pKrC6JSR6nL/7s6tS1rULaZiJZCZbR2+O7T+JLZ9S4="}},"uROsTc6qFDBozVLc4th6N1HYFvzyczzz6ab6xXC/KsE=":{"valueMac":{"type":"Buffer","data":"ql0Qz9gsIMH8UouISHgLSNqSzEpuawSodIuJZOBuqv4="}},"kxmAbOEArlc/AivYhretWeMQq5y220aMbHzhqveQCNQ=":{"valueMac":{"type":"Buffer","data":"UIyKIMh/FjcUvlswngCHGta5mpWwRDn7xeD47O3kk4w="}},"mfFvCH5zhLSH6Y1uUq1pjOjXsitbEhFZCEkpEePAlTk=":{"valueMac":{"type":"Buffer","data":"KXJ9r+lNWB0dpeqKXUOjIytijHAlLuw49yflu2W27pw="}},"rnkKTCAm43psaA1wIe4Rkr5opA78vgV/zf3SyPRTJh8=":{"valueMac":{"type":"Buffer","data":"zD+eeVELKIaOyNV0VzzDSuBiZd0a/y5XpB/t5pJZs4k="}},"uN/9XNd035RdZiNIqKbzMrKGYyxTFeusjPnbUilzC74=":{"valueMac":{"type":"Buffer","data":"nqSa4YXWLaoS8JzzrhATs4IDC9qY5a0C6t0jIp8EnWw="}},"O8yEQMeFnlNFchuxkovTQiD4A7E7t0oTGyblCqdpXc0=":{"valueMac":{"type":"Buffer","data":"wBaysivRIYTa5b90WKLLEw97e90KMEPSCT/bXpOxlq0="}},"hkwuT/qF1s4fYrd1rdwqs0ubxFUaiN7y4Me1T5rF7JQ=":{"valueMac":{"type":"Buffer","data":"3zCaJITUy4ZmWjNqZdE4qPxxG8hj07vVLuFEYkH2Grg="}},"7iNCFwiMK0CbRPwXar8ogydOyBhDla0B1Rs2fKn/JDE=":{"valueMac":{"type":"Buffer","data":"CcpgK2yr++j4MTHw4DRFr9Lg/g2gyiTiWJVQP+JEvnk="}},"V85oZ5ZSSHtf2Pqz+TdbGP4RZP63cRLcapMbFdiBRw8=":{"valueMac":{"type":"Buffer","data":"Uobb8mLILKp0QGBztMqmoh2UJVupln1X2KCG7vJetTQ="}},"qAE7YTzb15SsUw/SDmnSUjtUsnf9BdgYhoPvnE71nIA=":{"valueMac":{"type":"Buffer","data":"LR2ipcyMLEJQCUOvKisKUxDRqabO2bfBm8O5rR6YPkA="}},"7zeYhtEnOcB867/UFKzSJPpkzK9mHDXes5/qz/GFnto=":{"valueMac":{"type":"Buffer","data":"ECetLkFwhaOXoxSl7oFCrXx3053tBOj1r//rgHxec3o="}},"tYzxgs17Kft9P2gx5Gt4Omx+TfTHefmoGS/G/kSucoM=":{"valueMac":{"type":"Buffer","data":"/fPCgX3CtYJZAb34X0E8lMYgXKM5wwhXD6HYYcIrA/g="}},"SK2IIvM7pq6wEYn50TlAXr1cebCerL0J5w4oVwrjpQU=":{"valueMac":{"type":"Buffer","data":"/Lm4x1oJxEsOaqgb/afRXf4mzAUFsPwr3Z35xzlhaWE="}},"5RrRVozRpS11F9euf1lU/jOXheZ+751OWB7mg+AKlDY=":{"valueMac":{"type":"Buffer","data":"ovZQIgaJfrDrMfwBJHSkWoUGd/1J+3GZXDVFWk6yAYk="}},"mA2s+8KRs2fOQ+UMX17NRU4HdUvbGk3GLQaAgEN7R1M=":{"valueMac":{"type":"Buffer","data":"HPaKg/WoI9+ALZAVDNTh5mMa+QViN/DnoWa4EwEA4cU="}},"BtUFDGH57i+Nmev5MAT+SnBpnFh5aZ0qX4YCdQdUsUw=":{"valueMac":{"type":"Buffer","data":"EkwBrjT5235uPNDvRatK/lD35cJiyi11RO8v1UXIA7M="}},"OSmbmPU5fqP00QPpWFgtIVhHRHyCYX/ONTvvf+dgnLA=":{"valueMac":{"type":"Buffer","data":"O3ZzLbkf2XinLAHw0h4RMTPs6FSQWN7pEc4KxMb8980="}},"TErwOetuiflebetlVxoPd++BrpOA6Oxio9CSeauvAbY=":{"valueMac":{"type":"Buffer","data":"lu3rAaTH1ffj1YkeihmhJrVanLN6da//QJXFsPVGKpw="}},"wUJ3uZe8TgWSD4NndiLYpzeY+0ISZGrOmXNzxBXKAZI=":{"valueMac":{"type":"Buffer","data":"wrzpjFbkNsZ1twXVmVa2f8AxHLiuTNc3oN6KpM++otY="}},"0DxJ8vJR/NyKHJnEnBwUsekc/HTWyBM89Se2COcFJj8=":{"valueMac":{"type":"Buffer","data":"FXeqvvP+cyhqa9KTeeCok2mVbAi68DXkbcnZFfOQL+I="}},"N6nXGEDteMxSxwg5nUxLOaLtcyElog6kDfuIeB9yz2M=":{"valueMac":{"type":"Buffer","data":"Sw4aMYaUQgAeVBHGdm2hBF2fvqLFPZKQfPwP8ZtCZGI="}},"VSRL0sRIwTaneWVrO6y6oLtJAY4PlYwnZ6Gt3xjeSpU=":{"valueMac":{"type":"Buffer","data":"o1KkvPkykvYbeDUlJQk5mHLKEHcdqTy7HlxIt8nUX/E="}},"7Iphc99yiQdlFcepTSBWZJ6M2QNeHN5e5LC++zNi1uU=":{"valueMac":{"type":"Buffer","data":"F8xbAm+yvQvC8xQXA1kyWYZUXi8KbN4feBQIo4js5Nc="}},"vvIAPOS81zxe2n2N826rUdywrgGLdqar89qIjfzOCS4=":{"valueMac":{"type":"Buffer","data":"9nd6t90hGpLh9enzqrlXXx0xOlqgxUoqMmri2jXUuCM="}},"XinTXlWOK6aDDWF3PB6XAqV6/GKUJQJ4AyGr+QtVbCo=":{"valueMac":{"type":"Buffer","data":"GsY4isWyJB0IZur9EI/0h06MP7I3PCL0rJzxKI2OaU4="}},"UPPUzRqpev0FPlR6mS9bsYQG0/lq91Tmsc/xjDet2fk=":{"valueMac":{"type":"Buffer","data":"7UBxG9LGHmUxtjmmIB7SQit5kMH3G1fgONML1AoBM8w="}},"3EwMTTkX4sSBaGwYr9AVd7m6V+2nE/RpKncMWwg0PkY=":{"valueMac":{"type":"Buffer","data":"mIrd+8vIzZW9P4v68bceXtm+HbmxbI5k5Fr1+3o5ORA="}},"FcVusXkxdz4FvZ9vFylrHsyJKrn9yhJL8x5qf8bewU4=":{"valueMac":{"type":"Buffer","data":"pKTFLkx8oMihQkFt07dj44A9dh5OGsOBrfGzgsGGicw="}},"D6ep6M/lEzSkpEenaNJ1ldmP9oOJn6m2VrHYtz8K+Ag=":{"valueMac":{"type":"Buffer","data":"Y6J/As15SeQJoKPz9fgkWjyjzXCfqayK3tLYQWPRPrE="}},"EZp4nvGk0aiTATnR5KqvRPG6WH04TP7boMpMnKu9tSc=":{"valueMac":{"type":"Buffer","data":"5O8xVaTP3+SpV+3iaxPB11wwdcnW3/NjAUH9xWMyGq0="}},"APsc4n59yqGiozQVQZTbtOV+g9XUgctosWrLW5RcpUk=":{"valueMac":{"type":"Buffer","data":"SYDA7LpkbH3/SZqilYuND5ZS1Svh3vf5GLiJnDT+b/g="}},"FT68xRJGXJr0TTraxfonVLGjoTcb7bUna/csTKNB+dA=":{"valueMac":{"type":"Buffer","data":"q/ugvPBGa8HpuHRLrsDbC8PZgkPuL6gdmEOTA/o+3PE="}},"RyGeJ/8+dlGZ4wmPJz29fo9878gC4wmZWAkUi7Hkvlc=":{"valueMac":{"type":"Buffer","data":"2JfywzuRU4O5Jw6EVJj+TRa7uGCefV0FN5N/HAf3Dmg="}},"Dz4Sq5vFVW/K/axaGSanhNhnaJKkzTxFYvvb2YDqTn0=":{"valueMac":{"type":"Buffer","data":"qItrMYkr3uZhLK3itOAnzzyjOmZiJnyXKPL5sOyFetI="}},"aR0A5fdOvJX8xCj85v8v6F0XElA7uugdNR0cBwUsqjw=":{"valueMac":{"type":"Buffer","data":"lSzHqPj7hSnJykkooNepIOLo35KybF3sFe451R7JuRU="}},"spw0uCzhZ9dtfMpqUsnP8XKAjvy2jN8vu1NVat7AlvU=":{"valueMac":{"type":"Buffer","data":"S4JYzBNNX8KeUtgGLZvJ6/mRTKbarAS/NidydyhbQXc="}},"46awVRFsxM07RuRLw+TDEp5WRqezp+5eyZ8O51ezUQY=":{"valueMac":{"type":"Buffer","data":"bI6yn2X6wAmbP/iBhPxw4bMUfVpU+ZLfO3WNl/GzaaY="}},"/8l7by+/SyPIKE8skk4u9sA5rMDyzUDyzEO3flna4zA=":{"valueMac":{"type":"Buffer","data":"c7cdbPgaBNyvQWzHhQSF9JDSSFhlBgUdLSHJj3CIYtc="}},"zXMcVqvK6iAb+wPMHfGogFrTnSV62Syh5l6G1jATVtg=":{"valueMac":{"type":"Buffer","data":"jqkmUkle5aAYAR3r3Kf9fJBwoBufP7vq9P9i/2ElbIU="}},"h3HhyJB/7YzlEwUBl9ZlIw6Fi26J6tVEHive1x7I9B8=":{"valueMac":{"type":"Buffer","data":"xGofHxIVytdH/RRKiXEFJR1OSK7QmBgR+IHs16O6xFE="}},"bgbWtEkm8bHTPcFZFMKzUwZRUSYafvqMU4PdgInR/U0=":{"valueMac":{"type":"Buffer","data":"JeowoftPlLTmkCTD51yRu4cG9hQxBqNd3v96Omugx7g="}},"zVITcYtBV53JRb0a5WUvT9uDM7gg3sHD592ztB2jh8U=":{"valueMac":{"type":"Buffer","data":"xXnTtGKiBywASsW6DxRSp9M63aH+oshkKKuuuwmkuSI="}},"ijBrrcce+8SXhxmP2ElEJWCeUq1eCjVNRDIeYiSqHGg=":{"valueMac":{"type":"Buffer","data":"A9Pc+JjZSx6RzsTxKHfg/MZiiluqEqBDLTC9LCKdai8="}},"WxumDkU5bocySmBgciN87eccr0+AYzQA6z0BVDOS30M=":{"valueMac":{"type":"Buffer","data":"Dqm9CoDPwVxpYXfiFOV7UMhYTTguhiV+U6cPG08Jk90="}},"fl7kj5ODS0ZlenLVhQocKNxpGjqUTGgdczaa1B0vQN8=":{"valueMac":{"type":"Buffer","data":"R2PWH+f23wtmos1ACu19U64YMyev5A4bKakahPEUA00="}},"FuNTAQBrCH8vzPkQ8UjYVYeBMbmjClB5IM6GrOZB78U=":{"valueMac":{"type":"Buffer","data":"9xIAKC+1KYOwl+1Bhlkz142UiqRTZF8AyTAWflyZ8xY="}},"VqyOn82d07IN8xeRnL4kujyW/sr99ISsUc64Ri3zaA8=":{"valueMac":{"type":"Buffer","data":"TSf3+JsKn8bBO4FmArqQfGp2gJp/SldqyEltLXFxJP8="}},"FaQeAERD1+W5l+9RhyIDhFqtbgnefd+LbueTxzlg2yA=":{"valueMac":{"type":"Buffer","data":"3KNDAhP4fFmV31wMKWM0REecPKaX0m5tzHa230Bbl4I="}},"slkEAAbhJGa83F2bEJYwmK70sIcwCc/GFfPxwutafZk=":{"valueMac":{"type":"Buffer","data":"FmXJOvo4pT2cHOvrHNdDS5ZAq138X4zbrfb/95ExG3Y="}},"rnkf30DUJK+vcvdbj7is0dtg4pqj0oh/d6o5crrkQSU=":{"valueMac":{"type":"Buffer","data":"gVZy9n7yRiM2JbL36ZjmihYlH/5pnOwoiaqu9MH76rI="}},"tx2c65LkNEYsShHXUQvCZ52qm93xQ+jWfsxlRGQqrYs=":{"valueMac":{"type":"Buffer","data":"M2gn9gvqm+zi/sInMuY4q49n37au+2BwPalbYbN/c9w="}},"bRB+Yc3CxK7J8aB8UPSMG0V0s2kyZzGUlF1foeTRk9M=":{"valueMac":{"type":"Buffer","data":"qlyqnqQcg7lymhcOyBwvB1b6IZf/4pxtLeFacSNGu9A="}},"ZZC8IOZl4Y2DQBxJt9tOfrdemsxUl0YJuuNJGtoAB4o=":{"valueMac":{"type":"Buffer","data":"WkxCn9E2dO95akxArmoVPdI2PQrfezyhd48gCldizNI="}},"SvW7aqfu+1O6q4/55TLC5OPJNa7fbsc3T422ezgVcCc=":{"valueMac":{"type":"Buffer","data":"iJFyQL3KL4K9xOgFqT5MA1M6GIl513txNp7ryVWdh4k="}},"xUijLKPYxJFcqqpGs2/Y90gVIhmE8GI006NemqZJlqw=":{"valueMac":{"type":"Buffer","data":"Hl3UoJry0lJWtrPl4pBuoahvASmJtcQmueG1rZxzEhU="}},"Q574nlpHIy4CM2OR/eWRMZADFcGxzpvCoabZLRHK3/k=":{"valueMac":{"type":"Buffer","data":"G9q8hvqhSst4mf7WpA5QxhZtZEoPmHVivjve1wdTtHc="}},"cl/Ulecx2tbjV6kXGbxeP7tDcylUGAHDHN3XZ/Cu3l0=":{"valueMac":{"type":"Buffer","data":"A9gwoprpdp7zd4JKWb3vOWSSDB2asLhCL9SMOdtxaBI="}},"sjHCnFd32zQPTQ3I/ZtyJEil6yxUBivmanLoYtvoif4=":{"valueMac":{"type":"Buffer","data":"uuxP7gTUvIBvY7EN7hCQffukn/BSrhQ4b7YSCijqVlc="}},"MAbAvOdcnFKPu0moDsMGU5153Ts75SBokNbR/Ir0J98=":{"valueMac":{"type":"Buffer","data":"chMG6hf87WROHGEoONvUBWrh6m6p7I/6axu6SWCzmM4="}},"0/wFSEQv8yIeHY5pT3k/6SaEhMp0jYJEhuF6b8mLz08=":{"valueMac":{"type":"Buffer","data":"rF034TelWVXmweptoXYOxeYzLEvpA60V2jDQ4xQTzhc="}},"WiN1nVrzYmr6e0a4pn2iJ9BgHxtwka3HvxQF5K8BYGw=":{"valueMac":{"type":"Buffer","data":"9k5BAb54rQrw6yGGf+6zb7D+xShS52pejoafRUmWQCM="}},"u91RKYV+gyZaeNU4CNC8DYBEfuUI50P5XTSvTV9p+wA=":{"valueMac":{"type":"Buffer","data":"+KP3hspbVwwn9irqfZA96z+kFlTp7ooOngKJT4Ydj1o="}},"Qn237sgJ7Ztl+70Od93cHse+PAfjCfUFMT7nAAY7XHU=":{"valueMac":{"type":"Buffer","data":"MAnUtSIyvXfjKwJrnJ1fS2sXBP6inJWTHz67BIsbQ48="}}}}