{"noiseKey":{"private":{"type":"Buffer","data":"uPVAOU5Xdohla4Mv4g5EK/mlqu4Pd8h8n8qdz9wzs14="},"public":{"type":"Buffer","data":"87gGmDAr7g0hKaGyp9OzTCAmmfNWiqrWpud4ZiMuUU0="}},"pairingEphemeralKeyPair":{"private":{"type":"Buffer","data":"yMFpqdObRxOX+UhC22Ii+/uaLTiktLAVB0E7vmeCCX4="},"public":{"type":"Buffer","data":"5nWCMwBNnzZ2oM6gx6PVkmdL0MnLQv2qRARAiT+31Dg="}},"signedIdentityKey":{"private":{"type":"Buffer","data":"SGlo5bKqJR4yYieMeGrdU5SPNk1Fy5xqdjO2tLQh1kA="},"public":{"type":"Buffer","data":"4M5Hp97SlcHehVZk+i+iZ0e4N+zVgDDOg5VYrcMAYVA="}},"signedPreKey":{"keyPair":{"private":{"type":"Buffer","data":"EIp2J2Yq5Up0eAHzoh+tO61j11vim6GLB6HBWaAYq3w="},"public":{"type":"Buffer","data":"ckK1SQK2HUtCLDJaViXeBZRmkYiuUtizl0Nte7zz3l4="}},"signature":{"type":"Buffer","data":"pZRu4cnSNdqOkpqH3c4PbJsAmZpqAwp7Vf2SVJKUoKrnMw/8Jr68feQ9HpgA6rd0o5tk4x827diDJlJj3bnNhQ=="},"keyId":1},"registrationId":57,"advSecretKey":"QsgamOAGFAtGakyGQO8bUsR8TKWSuoauVMLPhxpEFg0=","processedHistoryMessages":[{"key":{"remoteJid":"6282176236136@s.whatsapp.net","fromMe":true,"id":"DFA3A274856497A4DCDC10BE9C9F72E1"},"messageTimestamp":1726465542},{"key":{"remoteJid":"6282176236136@s.whatsapp.net","fromMe":true,"id":"6511270446A1E93DF17020E02CCBD73C"},"messageTimestamp":1726465542},{"key":{"remoteJid":"6282176236136@s.whatsapp.net","fromMe":true,"id":"42EE216193D4AB3EF774BDE4811FFE93"},"messageTimestamp":1726465552},{"key":{"remoteJid":"6282176236136@s.whatsapp.net","fromMe":true,"id":"05A22F9BD1B189AFE18C1235F447EF18"},"messageTimestamp":1726465556},{"key":{"remoteJid":"6282176236136@s.whatsapp.net","fromMe":true,"id":"6AE2D6BA107934660B98ADB8D96FEC42"},"messageTimestamp":1726465557}],"nextPreKeyId":178,"firstUnuploadedPreKeyId":178,"accountSyncCounter":1,"accountSettings":{"unarchiveChats":false},"deviceId":"OWd05ZEDScqRK1SQAvNa9A","phoneId":"b7371c67-40b1-4a56-beba-22b3423646b3","identityId":{"type":"Buffer","data":"vHYHa1NK0xmQyf61Xh3gx2cQtx4="},"registered":true,"backupToken":{"type":"Buffer","data":"fRLS3PM/+MwIe7qdJhV3xNmiWs8="},"registration":{},"pairingCode":"43NLNCQJ","me":{"id":"6282176236136:39@s.whatsapp.net","lid":"209826785308802:39@lid","name":"a v"},"account":{"details":"CPy8z7oEEIOMn7cGGAEgACgA","accountSignatureKey":"C10mfHM8rQUJyP9F8OYFU0VV5JJ7ydPEgHVNU7ABQTg=","accountSignature":"2BeJUxrz1gw9Vblr/Xtmtod4IxpJIfBy+oofGYhJfIVYr4wd8GFQLfA37hp1vByvTx3bcJ1JQko/wyIF1LyOCg==","deviceSignature":"Z9HbXIvo2G1avW3j4mDumICL3Ge4U6oW5vmkFGbVMNqaS4GAZcNqJwyHRY3tCIyU+Tr+RXhKU62CuRJew1PUhQ=="},"signalIdentities":[{"identifier":{"name":"6282176236136:39@s.whatsapp.net","deviceId":0},"identifierKey":{"type":"Buffer","data":"BQtdJnxzPK0FCcj/RfDmBVNFVeSSe8nTxIB1TVOwAUE4"}}],"platform":"android","routingInfo":{"type":"Buffer","data":"CAkICA=="},"lastAccountSyncTimestamp":1726515576,"myAppStateKeyId":"AAAAAFN1"}