{"noiseKey":{"private":{"type":"Buffer","data":"OKy/o3fKQ6VmeaJcpFTZD+Q4ZAPThChU3fBiQhcpv2E="},"public":{"type":"Buffer","data":"bAHfvl3uklbXg5gdFZ8b7t/jX/+2VPklg4kBJVedOHs="}},"pairingEphemeralKeyPair":{"private":{"type":"Buffer","data":"mArOdDmeP5M6+RhOIakJV0uL+Tc6ClpfQy9sBx0+LX0="},"public":{"type":"Buffer","data":"rsfqBlVwkFZn/A/EkjHo6kxiIS8solKURdiWef/5ygI="}},"signedIdentityKey":{"private":{"type":"Buffer","data":"OOWuCqjnzDKPAOKS5SPwgVtqBBPFkV+hWotipLEwZG8="},"public":{"type":"Buffer","data":"q9fLTOwsIJKAPQa+mwPtf5oGm+es6RJ2AcNJqKnrgDo="}},"signedPreKey":{"keyPair":{"private":{"type":"Buffer","data":"AHOqTSq7Kv4MlbzWpkPrJgkNrfXhqlu2b+SfRyUJ9UU="},"public":{"type":"Buffer","data":"p7qnQXRyy9JmGcwnp8+vKuooZ1sgyVZoNUUEqTT/43E="}},"signature":{"type":"Buffer","data":"O4WPeXXul9NntN7czJ25OF7sTd7FpU15gazPA3cqkrBjUuLX/v7IYYcYR1wDXpuZX6h46V1gYdm9UkedXoBZgA=="},"keyId":1},"registrationId":15,"advSecretKey":"Un7dmE1mLEJ1XjbftOlftW5d7YJeexa54NfxxatbpT0=","processedHistoryMessages":[{"key":{"remoteJid":"6282176236136@s.whatsapp.net","fromMe":true,"id":"6C9CF1EA5DFC1029695350FE7D7484BD"},"messageTimestamp":1729263401},{"key":{"remoteJid":"6282176236136@s.whatsapp.net","fromMe":true,"id":"79D170EAFA7A14530190122DE6EC0C1A"},"messageTimestamp":1729263401}],"nextPreKeyId":152,"firstUnuploadedPreKeyId":152,"accountSyncCounter":1,"accountSettings":{"unarchiveChats":false},"deviceId":"0adxlHYTRs2g1kZW5QXuMQ","phoneId":"cc050f38-099e-48a3-b829-eec47957cf6a","identityId":{"type":"Buffer","data":"eDz6eVqjWdXsuLYuDpzjYA97xac="},"registered":true,"backupToken":{"type":"Buffer","data":"Exvx+3QTyDiK4D18MK4EHfo+9+I="},"registration":{},"pairingCode":"YQLPF84N","me":{"id":"6282176236136:41@s.whatsapp.net","lid":"209826785308802:41@lid","name":"𝘕𝘢𝘱𝘰𝘭𝘦𝘰𝘯`𝘉𝘰𝘯𝘢𝘱𝘢𝘳𝘵𝘦"},"account":{"details":"CPy8z7oEEKXuybgGGAMgACgA","accountSignatureKey":"C10mfHM8rQUJyP9F8OYFU0VV5JJ7ydPEgHVNU7ABQTg=","accountSignature":"Suvrh/KmrM8HunSVJKwlj2Q4gsyHZbLebmqBqUsbFAhdbxO928tb5E3/neHJt+JYIKpb5xU5tOYKjzk9N6SzBg==","deviceSignature":"4vx5df28OfY/81UsDWxAtB/fTOxj0RHqN/N6wPxfgwwazNTyIiKBALA8AhdQeV0vTiYvqFkS4uXJzDXhSf+jjQ=="},"signalIdentities":[{"identifier":{"name":"6282176236136:41@s.whatsapp.net","deviceId":0},"identifierKey":{"type":"Buffer","data":"BQtdJnxzPK0FCcj/RfDmBVNFVeSSe8nTxIB1TVOwAUE4"}}],"platform":"android","routingInfo":{"type":"Buffer","data":"CAkICA=="},"lastAccountSyncTimestamp":1729263832,"myAppStateKeyId":"AAAAAFNx","lastPropHash":"1rvyP3"}