{"noiseKey":{"private":{"type":"Buffer","data":"aDfJCqO6/G2jHv/kPUrUYmk3icuhcgKva3x3HuUXMmI="},"public":{"type":"Buffer","data":"X0AYg0cAGeVX/vOJONWqFl10mWyvMHEuw/64sYWHtxE="}},"pairingEphemeralKeyPair":{"private":{"type":"Buffer","data":"iEpeQWsQ6GEpiQLM9F0F36PytbOhId5ebmULw/9hLEQ="},"public":{"type":"Buffer","data":"amxcSxgrWpjRB2zx0kNnwFyMypfoQ1dRhvcSH6l+kgM="}},"signedIdentityKey":{"private":{"type":"Buffer","data":"sEL/wVjzk4W83c+L1oYO1hw3ZKPlRcsDfPgFqIcwMls="},"public":{"type":"Buffer","data":"dJmmHkdBZCXBgkTRDEnnP2R8zG45pH/bz8iGV4QLRSs="}},"signedPreKey":{"keyPair":{"private":{"type":"Buffer","data":"GO2Mpoc7VrZPDfwC7mN1gitMFqLiAg3p6UjcG4IYxEY="},"public":{"type":"Buffer","data":"x09jPSIc8jKIaGfDY9/CktHrV1TWJxUGiqgWJPbTKiQ="}},"signature":{"type":"Buffer","data":"wIUcl9htUoon5NWqy003oz+rWC94QhZV54TZqebMzpzMXvXP/jQpADHfRjblJ1M4g5SXG7e+Ok7weAhnd8k9Ag=="},"keyId":1},"registrationId":32,"advSecretKey":"AM7uPzcQD2ZRRqluRhQ1njkuxHz/OECeToW7u6g3ra4=","processedHistoryMessages":[{"key":{"remoteJid":"6282176236136@s.whatsapp.net","fromMe":true,"id":"FB4D5BD2A004B11F6ED77785FE6C71E3"},"messageTimestamp":1727177244},{"key":{"remoteJid":"6282176236136@s.whatsapp.net","fromMe":true,"id":"ECC29DBA74F3E6D254B54B6D76632BF8"},"messageTimestamp":1727177244},{"key":{"remoteJid":"6282176236136@s.whatsapp.net","fromMe":true,"id":"2E0D14BAAC7CB4A32E08C171AF0DCB48"},"messageTimestamp":1727177246},{"key":{"remoteJid":"6282176236136@s.whatsapp.net","fromMe":true,"id":"B2C593A92F751932351374A234B5F8FB"},"messageTimestamp":1727177246}],"nextPreKeyId":1640,"firstUnuploadedPreKeyId":1640,"accountSyncCounter":1,"accountSettings":{"unarchiveChats":false},"deviceId":"pXguOv0AQYO2KGyT1wzM5Q","phoneId":"7b8f2963-c3f8-4a1e-a46f-a4dc9a36e171","identityId":{"type":"Buffer","data":"qs2w77CQfylLsK+6NkFWnB9I270="},"registered":true,"backupToken":{"type":"Buffer","data":"lPT4P5oBNiW+8MwUw2NmBWfOMpA="},"registration":{},"pairingCode":"X8YK7PXB","me":{"id":"6282176236136:40@s.whatsapp.net","lid":"209826785308802:40@lid","name":"𝘕𝘢𝘱𝘰𝘭𝘦𝘰𝘯`𝘉𝘰𝘯𝘢𝘱𝘢𝘳𝘵𝘦"},"account":{"details":"CPy8z7oEEJjEyrcGGAIgACgA","accountSignatureKey":"C10mfHM8rQUJyP9F8OYFU0VV5JJ7ydPEgHVNU7ABQTg=","accountSignature":"XvRsjlNLgpboL6qjAxgG6JfKdGZtAQadsyuKgFUbpVBg4+48/sZ96lw86Jyi27SxCRgTtMmFHgF6h9QvQnoIAg==","deviceSignature":"59sAix4D5uwPwF6JMH8dY3XAgQ4ffELflyV5fF8g2S78Xc2fL49Et9DGUHgTfRdgPKRE3F/8B+zYYAYV3ikhAw=="},"signalIdentities":[{"identifier":{"name":"6282176236136:40@s.whatsapp.net","deviceId":0},"identifierKey":{"type":"Buffer","data":"BQtdJnxzPK0FCcj/RfDmBVNFVeSSe8nTxIB1TVOwAUE4"}}],"platform":"android","routingInfo":{"type":"Buffer","data":"CAkICA=="},"lastAccountSyncTimestamp":1729145514,"myAppStateKeyId":"AAAAAFN2"}