[{"senderKeyId":193301863,"senderChainKey":{"iteration":21,"seed":"fivsxYnjILooPcc1jj3S1hjGxtne8dUuw6ETjp2Lw/Y="},"senderSigningKey":{"public":"Bc8XAH0GZOEQ9r7966ymaVvlbvDcsRmYlDTWqyYCZB4W"},"senderMessageKeys":[{},{},{},{},{},{},{},{},{}]},{"senderKeyId":193301863,"senderChainKey":{"iteration":13,"seed":"RK9hb/0jkHnS8MabogJEZOosN0SgenmJ9I3OzT+R6no="},"senderSigningKey":{"public":"Bc8XAH0GZOEQ9r7966ymaVvlbvDcsRmYlDTWqyYCZB4W"},"senderMessageKeys":[]},{"senderKeyId":193301863,"senderChainKey":{"iteration":15,"seed":"pjFRRnss8Yot0E/p7rhvu2hXJKaVnOVq3w5qvC56g9w="},"senderSigningKey":{"public":"Bc8XAH0GZOEQ9r7966ymaVvlbvDcsRmYlDTWqyYCZB4W"},"senderMessageKeys":[]},{"senderKeyId":193301863,"senderChainKey":{"iteration":17,"seed":"j7HeixfpIIgLOYIpaZQ92Io5OjXCu0GCrFSW0rExPnI="},"senderSigningKey":{"public":"Bc8XAH0GZOEQ9r7966ymaVvlbvDcsRmYlDTWqyYCZB4W"}},{"senderKeyId":193301863,"senderChainKey":{"iteration":19,"seed":"Fm0pmdD7vSL7pjfqSqeHlXuK2/4/dP34urjxrxU9ZmA="},"senderSigningKey":{"public":"Bc8XAH0GZOEQ9r7966ymaVvlbvDcsRmYlDTWqyYCZB4W"}}]