[{"senderKeyId":1019209739,"senderChainKey":{"iteration":0,"seed":"o897A0UKfejIEagJu7Faa0j4aMYsUf3N5NhvxjHFAFQ="},"senderSigningKey":{"public":"BeedkVv3N5ykVIgjzTeScvonbhzJ2TbPnXqr30DhARE/"},"senderMessageKeys":[]},{"senderKeyId":1828730161,"senderChainKey":{"iteration":9,"seed":"GMmJm2BtGZMpOLLem75Jpd6Qj6MUWR5edj3JjHZ8Ws0="},"senderSigningKey":{"public":"BQ74unutQUeSyG7eRj74wMiYOzYqFPwsU8zo+K1ZKD8h"},"senderMessageKeys":[]},{"senderKeyId":492050207,"senderChainKey":{"iteration":0,"seed":"3LzQVoSgH+GFDaf1t94iBa5IZsI1CiLeZI4UsoXT7mo="},"senderSigningKey":{"public":"Ba2ZrHAKd0fpPsg11sKM2dtIJSA2mYR839wINdydVutL"}}]