[{"senderKeyId":1797436374,"senderChainKey":{"iteration":349,"seed":"7A/CxXKbo1mygF6z+FadcgpIiZVLvagylMzxQOJayBo="},"senderSigningKey":{"public":"BT/rIo6L66B+kLa/wbtB9+XJCsJlhDydHp3DLPRhbfcX","private":"AJCvPooV51xyyIRsoftcVYHqFk+vQBHkaBss4Tfe1XI="},"senderMessageKeys":[{"iteration":1,"seed":"RNabEPBISoP2xSJrSoGB6L6BH++rS8Oli4puiSpKM1g="},{},{},{},{},{},{},{},{},{},{},{},{},{},{},{},{},{},{},{},{},{},{},{},{},{},{},{},{},{},{},{},{},{},{},{},{},{},{},{},{},{},{},{},{},{},{},{},{},{},{},{},{},{},{},{},{},{},{},{},{},{},{},{},{},{},{},{},{},{},{},{},{},{},{},{},{},{},{},{},{},{},{},{},{},{},{},{},{},{},{},{},{},{},{},{},{},{},{},{},{},{},{},{},{},{},{},{},{},{},{},{},{},{},{},{},{},{},{},{},{},{},{},{},{},{},{},{},{},{},{},{},{},{},{},{},{},{},{},{},{},{},{},{},{},{},{},{},{},{},{},{},{},{},{},{},{},{},{},{},{},{},{},{},{},{},{},{},{},{},{},{},{},{}]}]