[{"senderKeyId":1741315515,"senderChainKey":{"iteration":0,"seed":"MEiPUHrJ1ZdYtvci1cK0fcR/vwVtGAoOgpSYbvoA9VE="},"senderSigningKey":{"public":"BY2ABQbS0lEzGWRC9YGo0Oz2aZC3H5henVw9bI7n42wL"},"senderMessageKeys":[]},{"senderKeyId":1741315515,"senderChainKey":{"iteration":0,"seed":"MEiPUHrJ1ZdYtvci1cK0fcR/vwVtGAoOgpSYbvoA9VE="},"senderSigningKey":{"public":"BY2ABQbS0lEzGWRC9YGo0Oz2aZC3H5henVw9bI7n42wL"},"senderMessageKeys":[]},{"senderKeyId":1061748527,"senderChainKey":{"iteration":0,"seed":"nN2g38a1Ih570HhJZq6hyVE2H09k1YUMmCb1/R3cVdg="},"senderSigningKey":{"public":"BXec1XlOxw5XeLP5ll/LSaVWfJr7ot/mcf9tBZPTR0pf"}}]