[{"senderKeyId":1023369513,"senderChainKey":{"iteration":29,"seed":"WppIov4daZJd5wtksPTS+d2PmvHIJ6lBSXb4pYMz52w="},"senderSigningKey":{"public":"BTQ1elOaidkhoB6tkFb1biZZCZh52BFqzwLC+nGSwag0"},"senderMessageKeys":[{"iteration":1,"seed":"4bILhAqMT2UwBRY9Yn9DMWcp/Rr0aGqMsvnqdhKQH+s="},{"iteration":2,"seed":"CmtZK3RsZ+S2Aho6PISOFL8QEZs4bvjSL5OjsANrgBg="},{"iteration":3,"seed":"Mq19FmJM0vcLI4aDgR/tRtm03MsPgFBfPStc5RtE9Eg="},{"iteration":5,"seed":"YvNbLp8lIYmNDCnEsCyJgMaffwCWg2kOz9fzYCKb4vU="},{"iteration":6,"seed":"E/wmYe1fKqkOcfn0ecFY4zyEC8sYe1r17BeF5kYMHfc="},{"iteration":7,"seed":"h3B+krkIAzvk6y67GRrflRqRQnLJDAollUi9+6e/ULw="},{"iteration":9,"seed":"vFtoMeyQcj/4NSBZhbmCOCpzrvJiKNF0dVrjUgCdkvs="},{"iteration":10,"seed":"Qp4wTlekOWBC0lS2y4Ug7hRWWf+DfotGs03X/kje6vk="},{"iteration":11,"seed":"sHkB2xpKW+g3a7LNKzt5VRQWnN2CqcpYd2BcYoLMy0s="},{},{},{},{},{},{},{},{},{},{},{},{}]}]