[{"senderKeyId":1094821328,"senderChainKey":{"iteration":2,"seed":"x2wx8rDfNJYPvMwTGEd3JUXe0nVQkz/Xv6r0Gh3AKBY="},"senderSigningKey":{"public":"BWmRDnEMXadxgxGT8m4MpfUJ/WcLsdaDDafAdU3bny0U"},"senderMessageKeys":[]},{"senderKeyId":1094821328,"senderChainKey":{"iteration":1,"seed":"g7FL7knRxFfjAaK0hc0PGwwmZmzDdK65/3IPOQJATuU="},"senderSigningKey":{"public":"BWmRDnEMXadxgxGT8m4MpfUJ/WcLsdaDDafAdU3bny0U"},"senderMessageKeys":[]},{"senderKeyId":1250124202,"senderChainKey":{"iteration":5,"seed":"UfJyVOjshZRVvtMiV6ads141ALK15BxgI4FTOgajJho="},"senderSigningKey":{"public":"BVI/ezBRJT4QnSMVSWQ3AFUQF5s2k5GjGWGHw8IBsQN6"}}]