[{"senderKeyId":2095349808,"senderChainKey":{"iteration":48,"seed":"rM17Wj1rwNSgXenvfsU45A/Hlf79bbKbNWne+Bpnn3M="},"senderSigningKey":{"public":"BeJnyYiHzVh51HGwJIy+VbEOh0P7PrU5GfsA9/UvUdc7"},"senderMessageKeys":[]},{"senderKeyId":1566631915,"senderChainKey":{"iteration":18,"seed":"YwuKp9ucDsETFdwxy6f5uUEShl65esZAKncHEuaKJoA="},"senderSigningKey":{"public":"BWp5AbNq4fWBT9JSnrQ+k7yk9UB/P7CQ8Cegqztwz98d"},"senderMessageKeys":[]},{"senderKeyId":1566631915,"senderChainKey":{"iteration":16,"seed":"jaQ/KJf39csyrqkolndBtc4Lr/DWhWbAt8t8FTiYVOU="},"senderSigningKey":{"public":"BWp5AbNq4fWBT9JSnrQ+k7yk9UB/P7CQ8Cegqztwz98d"}}]