[{"senderKeyId":1144858559,"senderChainKey":{"iteration":21,"seed":"haijY4OcJKk6gzeuRNErtvmhQaDMc9eRgM9EvS8JEMk="},"senderSigningKey":{"public":"BQCpdSWLcVNCDYiM5wItlwuZeuNFghECtbQbvpzUc5w0"},"senderMessageKeys":[{"iteration":1,"seed":"8BISRHrrgs9JcwK/YwxIaE4KpKsfqGQ1yfdmGOBQYHQ="},{"iteration":3,"seed":"2hRXUEmIfT566dGslvxsZyjUL6WYkvluMB73VFuXtvc="},{"iteration":5,"seed":"iKEvFC+UIE63wP7ZTvJPiVeb+XTeD+GWbBekpRsAMTQ="},{"iteration":7,"seed":"3lm3Clzw4nfLAvDzGwHv0iJRfmNJrlzKxkkcGN0CDGo="},{"iteration":9,"seed":"VkJpWJf5U9UgIe80YQkjwQDGtAurPJOwcmGO7rgiFvo="},{"iteration":11,"seed":"B4Ll5DlQXHqUtOFFEaqzTXkBADtGZ2dCi1ouAVFfwC8="},{"iteration":13,"seed":"2eq8GTCekYSPgVrQs30lMHSRcCVWdbmtZBfB66RDrBo="},{},{},{}]}]