[{"senderKeyId":637262500,"senderChainKey":{"iteration":4,"seed":"l9qrq0b8pI1GOAX7w6476wM4l/gZO8dP2OWzD7UR6a8="},"senderSigningKey":{"public":"BRqM7pwTJi/n7itz3nTuVyfuy7b89dEDefzFHH48cZQm"},"senderMessageKeys":[]},{"senderKeyId":1695225406,"senderChainKey":{"iteration":3,"seed":"HxdDWLRNGLkBF8lMHJ1tw4QSDdE5oPIO2Iha8wBP88s="},"senderSigningKey":{"public":"BbGozMbAMefVTRfCpPuQtXuVFATGIydFC2J+T28cgiIO"},"senderMessageKeys":[{"iteration":1,"seed":"obC7PLhieED1psJfwTlWXWvir5sEotwr19v7O2Ag0lE="}]},{"senderKeyId":1695225406,"senderChainKey":{"iteration":3,"seed":"HxdDWLRNGLkBF8lMHJ1tw4QSDdE5oPIO2Iha8wBP88s="},"senderSigningKey":{"public":"BbGozMbAMefVTRfCpPuQtXuVFATGIydFC2J+T28cgiIO"},"senderMessageKeys":[]},{"senderKeyId":413540793,"senderChainKey":{"iteration":10,"seed":"ds0t35EgB1RIsgByKmzxokGX3phnbNpVXeAlgMIYuNU="},"senderSigningKey":{"public":"BUb95/vZKPv4gYSb4OHSiVxSK5tzWOirw8GRFu1ejmJS"},"senderMessageKeys":[]}]