[{"senderKeyId":163115717,"senderChainKey":{"iteration":25,"seed":"U8SAQJxcIzrVV91KxoVT6BZGLnCm2gGoj1OxuqBA/a4="},"senderSigningKey":{"public":"BVbkntsOflhjw5bCIAGllYRWCK2u08GsbTYNSLJHfdoz"},"senderMessageKeys":[{"iteration":3,"seed":"0ZqeaBRaNK9G7mClPC5RNgmm0DxaRjlaNJIKl2ZIIzQ="},{"iteration":5,"seed":"ISaUKoYKSx0anYuHYxfs90aP5l+4odz/r3ckYdBL0fk="},{"iteration":7,"seed":"K0mlhu8xzQBPezPN4OvgPZy4wgtS+OUg/ygS0oPYuP0="},{"iteration":9,"seed":"m0XtpFauFLNgxXpZP71QD2s5Vz5fd4L8BFDuU5wMBxs="},{"iteration":11,"seed":"IWREDS4SPh6ZHAsgHZ/g+8GNGG216B6BiaLdVFMxjlc="},{"iteration":13,"seed":"BkK8cA08XoLi2J2ZkWT/vs9FZUcBetbuYJEFOpmNvug="},{"iteration":15,"seed":"IqzJTCYUumWbvjdY0NkJ+IdmFE4jlYAprWwX/ScTeeE="},{"iteration":17,"seed":"VtpgkEt0CmeX+l85ZPLHVWpXoXwDhMl/gI3udQ52fho="},{"iteration":19,"seed":"ydSTucS8PBoqBZS0zi6k9yeWAE4Y9NbQR/Vf54zh0J4="},{"iteration":21,"seed":"TfxcjqeyQq3sqpg81GhNcXWJ2Lx/oQI2v/6y68WRyXk="},{}]},{"senderKeyId":163115717,"senderChainKey":{"iteration":23,"seed":"CuIhEBJvvkOt169foxYt8e45vGUdXGflURxooTAfEW4="},"senderSigningKey":{"public":"BVbkntsOflhjw5bCIAGllYRWCK2u08GsbTYNSLJHfdoz"}}]