[{"senderKeyId":1730317428,"senderChainKey":{"iteration":45,"seed":"bb3cZw2FuYtCH121s28HDLGLDE8GEEGaM0natV5dOTo="},"senderSigningKey":{"public":"BZBrEHLQwV++0VH9S75HhVPwt+6SzR1DKJWD+3oO6stk"},"senderMessageKeys":[]},{"senderKeyId":1730317428,"senderChainKey":{"iteration":46,"seed":"WZ94nLhBi2VDkbuaQyXtU8AUPI24pv+n6xZjbsAr7us="},"senderSigningKey":{"public":"BZBrEHLQwV++0VH9S75HhVPwt+6SzR1DKJWD+3oO6stk"},"senderMessageKeys":[]},{"senderKeyId":2119990908,"senderChainKey":{"iteration":21,"seed":"vYztD+0M+gm6n7YUGTULrtBk81GlY4LQOHCCgi16a0s="},"senderSigningKey":{"public":"Be7lY4TF2nRwHx4af71Xp3QgHCoLM3diAoPIxnSGP/JA"},"senderMessageKeys":[]},{"senderKeyId":2119990908,"senderChainKey":{"iteration":3,"seed":"C3v0V+QT4iyFeO72Irntp2SOAV4WyTlWXRbwvb4hE1c="},"senderSigningKey":{"public":"Be7lY4TF2nRwHx4af71Xp3QgHCoLM3diAoPIxnSGP/JA"},"senderMessageKeys":[]},{"senderKeyId":2119990908,"senderChainKey":{"iteration":10,"seed":"QktQghAunSKuTXmkR47XJxKNlNNF8RJdVWZcN60b6A4="},"senderSigningKey":{"public":"Be7lY4TF2nRwHx4af71Xp3QgHCoLM3diAoPIxnSGP/JA"},"senderMessageKeys":[]}]