[{"senderKeyId":1497192830,"senderChainKey":{"iteration":12,"seed":"o7j9ZSME0zCDlqTmG5WJBoeCuYEKE5YmB5aCeB50Kj4="},"senderSigningKey":{"public":"Bcv3BBAbxLjr8vDVNXlAlV98/U/jiS5L3gR9VqMnsK80"},"senderMessageKeys":[]},{"senderKeyId":660287273,"senderChainKey":{"iteration":24,"seed":"XgAl3MWaHDtR98nGt/jb3RHyNFcyzab0RcFI4DnEnO8="},"senderSigningKey":{"public":"BfgzMoKo2bPFwFBgC+crrWwj+msXTDlIJzJ625LJ+Ygc"},"senderMessageKeys":[]},{"senderKeyId":1511467308,"senderChainKey":{"iteration":11,"seed":"F3S4CvkOCvOWfSQr6SjblCoiX9mluAmBhNuvliTWND4="},"senderSigningKey":{"public":"BcTrCaeiIPNvWrXwGvgNklNDiLAixbyQLyCdae5Fw5Ec"}}]