[{"senderKeyId":101268160,"senderChainKey":{"iteration":34,"seed":"brlcjppdTSTTw9PScwmVgY4NFQUNwFBfvVLMGOylOCo="},"senderSigningKey":{"public":"BT2iLNxKfoUTJ0uukpefkTsP7KLwBOHibPxuj6A6e20b"},"senderMessageKeys":[]},{"senderKeyId":592383522,"senderChainKey":{"iteration":2,"seed":"iF3AlNRxm348+ibISH88CfVGLovvEfzdz3QeXjoxTsc="},"senderSigningKey":{"public":"Bfjco0grW4aeoLubGpTpswaxiqYDDZvLkkXyZyapMZd4"},"senderMessageKeys":[]},{"senderKeyId":172971950,"senderChainKey":{"iteration":4,"seed":"CSgQ9GLt9CgnHjsvv+u7d18oj1q8iTWJYO5+hPO//+M="},"senderSigningKey":{"public":"BXL02fNlzDYPphuylIsl7IBtfxG2pLZu1dH8GiKldI58"},"senderMessageKeys":[]},{"senderKeyId":815557425,"senderChainKey":{"iteration":15,"seed":"Va9DD+dwlOJx2XBFytChWXxlqPkZhXdVg1RTLgkVlJ0="},"senderSigningKey":{"public":"BYMXRER0IuzIcAvXYeIdnhIbi+FKKMNtjpt1TfcbCWcl"},"senderMessageKeys":[]},{"senderKeyId":1681266530,"senderChainKey":{"iteration":1,"seed":"d7NavGKs1CfLUekuwV4FFShfZhLipvW/5auk9mRquvs="},"senderSigningKey":{"public":"BXNilq7iTBhGdFrbO0gHAHBkhN9div65zb3D195+cHgm"}}]