[{"senderKeyId":895587949,"senderChainKey":{"iteration":54,"seed":"EekPwJu9Zqd4TGmV8nRLTaT3KC1fwCqDsISWO9gXYxs="},"senderSigningKey":{"public":"BSOFcFdrwo4/6NrR4Uk2qmVrW3dUhJGP6YwRtuaX1t47"},"senderMessageKeys":[]},{"senderKeyId":1733343332,"senderChainKey":{"iteration":0,"seed":"CPVBZKqVJUXh8G3TeMSncd6v91fUd2rdGF1B3CKTKBc="},"senderSigningKey":{"public":"Be/HxRBpTQbWgwDt8L/PfY+0SQ4/oUtdPipRk/8xTcIC"},"senderMessageKeys":[]},{"senderKeyId":418700727,"senderChainKey":{"iteration":2,"seed":"AsmgDyQOyCejw6snkHCEnKCsY/URjluoBRYxoxwV1Nc="},"senderSigningKey":{"public":"BRHoiEb8wP1g74qjans4vbytE9dnY8aRonwQkcy7xNxL"},"senderMessageKeys":[]},{"senderKeyId":515893233,"senderChainKey":{"iteration":12,"seed":"exhZ5HSm43dXxfJTW7SlG/K3YO33BcdRt7LOjauju4U="},"senderSigningKey":{"public":"BREQYO8W+E3+m57ea61KS/rKateNaM6un9mMvYSNj2UT"}}]