[{"senderKeyId":1667576545,"senderChainKey":{"iteration":0,"seed":"EZ9uYQKlmlPmtOGvV1UJF80fVg66KsVR8w3fzTfqmmk="},"senderSigningKey":{"public":"Bd864z+7+Zr/WT0pRnR9Q9v1uGHjOpJ3Fqw9+5iv0i5U"},"senderMessageKeys":[]},{"senderKeyId":569847474,"senderChainKey":{"iteration":7,"seed":"JDYzyEYLejp7mqHh2TjFY8ElGY3Reh/075nXLkYrgL4="},"senderSigningKey":{"public":"BbQSNww7jIWDG49W9dqUTOZL6rEv+EZIEGgkc+/23hly"},"senderMessageKeys":[{}]},{"senderKeyId":569847474,"senderChainKey":{"iteration":1,"seed":"Q2kDmv7l6pHY/bfO6uria0cPxMxu3RYrWHyUAxsKz/g="},"senderSigningKey":{"public":"BbQSNww7jIWDG49W9dqUTOZL6rEv+EZIEGgkc+/23hly"},"senderMessageKeys":[]},{"senderKeyId":569847474,"senderChainKey":{"iteration":5,"seed":"CDuIUN8tS6nnAjbqYuLoIvDELp/ZKqSF6nji/xc5eW0="},"senderSigningKey":{"public":"BbQSNww7jIWDG49W9dqUTOZL6rEv+EZIEGgkc+/23hly"}},{"senderKeyId":421971169,"senderChainKey":{"iteration":1,"seed":"dgjacyRhYM3k9yqRzooTzbpbrBSJWLXCmeEpbew18Fo="},"senderSigningKey":{"public":"BVefU1ZRCfaxSQSE3I7YEXr4hAx+BOhNDwlV7xNTAPgE"}}]