[{"senderKeyId":1390836456,"senderChainKey":{"iteration":20,"seed":"0RIaXoa0nP/Z0bk6m2Lw3YStaFFqHUkpGoz4yJ28wYg="},"senderSigningKey":{"public":"Bc+76Ry9/Ns1H/SO0rZFX1vi2xFVZEB9ZjmRIUnDIpEj"},"senderMessageKeys":[]},{"senderKeyId":1559774280,"senderChainKey":{"iteration":3,"seed":"DronkUn9Oq6nfXC0/325553/QInPe+0QtthnXIo8MZ8="},"senderSigningKey":{"public":"BYU/KJRngQSVcTvD/RgGzHM/7bkwFreb9gze874lX7UV"},"senderMessageKeys":[]},{"senderKeyId":1749580210,"senderChainKey":{"iteration":3,"seed":"AZ9sIZstAmX7ZKvROWEsWf1rWoDQHwnFEUcOQWCs+uc="},"senderSigningKey":{"public":"BQHPPdk9DqgwPRAVaz1Hm3p1waXQi2VLPmBysmYW+qlR"},"senderMessageKeys":[]},{"senderKeyId":703992906,"senderChainKey":{"iteration":3,"seed":"TOxQpgA4ZuhVTRgK7HHLLprA5S/T6C4uvgSWfhuqzR0="},"senderSigningKey":{"public":"BVeTQBMZ6oFubk4qUy0y5j+6wKQlUxs6U4PDIFrSWys5"},"senderMessageKeys":[]},{"senderKeyId":1792297091,"senderChainKey":{"iteration":25,"seed":"4gd+BdkfYkVKc4NTeKvW0u/Vl1fkDIV1YGmuKGpKcNw="},"senderSigningKey":{"public":"BVSrg8noeOZuCxQobcqnrw3pfd8E6x9i6krVuTU+57hI"},"senderMessageKeys":[]}]