[{"senderKeyId":1820339321,"senderChainKey":{"iteration":8,"seed":"qSSpjQLN3O2fL2ZupTij25XUSV80oVGltfdU3K06ZpY="},"senderSigningKey":{"public":"BZr1h8nkZDbCKYBsdM7V4oy9rRsSLmoPVuKMoaZkpwAo"},"senderMessageKeys":[]},{"senderKeyId":1564465251,"senderChainKey":{"iteration":118,"seed":"IB1uCj13qhBfBPBrReqg9SqmY+I+XGfPX18uzKMVopQ="},"senderSigningKey":{"public":"BZTiEeuStbeU8VmkgqXN2AY55xRzV2gJwXRJrNGp5AsW"},"senderMessageKeys":[]},{"senderKeyId":239488526,"senderChainKey":{"iteration":25,"seed":"MPdUPqcQHkz52JL0rCOQfc6iz/VU2H1EY+u8PlXDflI="},"senderSigningKey":{"public":"BYTIT5gf238XqrBeNFXEzOzQvhAUYpBbW0ep9vTRnZIA"},"senderMessageKeys":[]},{"senderKeyId":1343748327,"senderChainKey":{"iteration":39,"seed":"iZOF5yVi2LkveS2d2e7SqxgKzZ6IQCfn88+RHyVVu0g="},"senderSigningKey":{"public":"BVGzWD0v+FVUoy2sdic5gSWT4PpS8FFzSbDG2DCG8wF3"},"senderMessageKeys":[]}]