[{"senderKeyId":892873138,"senderChainKey":{"iteration":2,"seed":"9I3DjnBLmj08Rfsauyq22WXvZW/KMiyQ1TTL5N7zsM4="},"senderSigningKey":{"public":"Bce22o0ZBhLwQ4JGUK5NTMn8jDuend9Sml8HZy6T7yEU"},"senderMessageKeys":[]},{"senderKeyId":1618227067,"senderChainKey":{"iteration":3,"seed":"fEZoMV06wr3Ai8pgg8prf/RpFjbqHrBillpS6CEImuA="},"senderSigningKey":{"public":"BQzr4n7nuJLkvmG0l0BTreIp1fphy43hffAsJFZG1voK"},"senderMessageKeys":[]},{"senderKeyId":762556091,"senderChainKey":{"iteration":3,"seed":"RyU8zH0PPOejm6TaYU9P63/3MNanR0qs5yjerjtwRP8="},"senderSigningKey":{"public":"BRvFLz2uRQDuHe+8n3/drcgKZGe4eho3wMuj9tPMmaQ3"},"senderMessageKeys":[]},{"senderKeyId":929216378,"senderChainKey":{"iteration":3,"seed":"gdnCyMU8yYXbZBNIbgL/eWE6Jed9sbptGwayetN94ZU="},"senderSigningKey":{"public":"BQTa8C5iSJMr6d21DtxMssnYUxmkifHUTQl18uf4d0wO"}}]