[{"senderKeyId":423990785,"senderChainKey":{"iteration":0,"seed":"QlCanP4xEPlQA3ehuN/KCwO+LsFufx5mV06W3xar7xU="},"senderSigningKey":{"public":"BWDq4DrZs23S7fO3EhQcYl9y2AjRzufUr4tE2UsO1ER9"},"senderMessageKeys":[]},{"senderKeyId":1003209234,"senderChainKey":{"iteration":3,"seed":"j2BwKl1Dgz6lY/J4O+9ZX3nc68DcZYE6YWl9LhjjoXo="},"senderSigningKey":{"public":"BddyMLLbBa6Nepg/EVnRjfV1Ls9IKD8FcxZ/LtCFUTRX"},"senderMessageKeys":[]},{"senderKeyId":1262749768,"senderChainKey":{"iteration":0,"seed":"xb2dVVAMg0/jt3b7x9C+di0Ntv8qMbSV5ovc6NympWI="},"senderSigningKey":{"public":"BQniCwjN0DZ3YHWQX9ZNNt/toyuLyZTIMkPGreh3ZSkQ"},"senderMessageKeys":[]},{"senderKeyId":28581974,"senderChainKey":{"iteration":0,"seed":"Saok0+4Rg5tmhu8h2PrATNWawYWI8Kp9VLMg/fr+7a8="},"senderSigningKey":{"public":"BRAHaY6sQDT0egdq4ZVy5REJKM8zOoJAugvGh79WMOYE"},"senderMessageKeys":[]},{"senderKeyId":915805266,"senderChainKey":{"iteration":0,"seed":"dtULOgUD6UmxcqP5V6hOqKWDAqGL3DxKyqrDHQnC9wQ="},"senderSigningKey":{"public":"BbnwhvduMOvWyMqaL6MaR0i3goNLLHDBFXPIlHYf+j8V"}}]