[{"senderKeyId":1157894915,"senderChainKey":{"iteration":3,"seed":"4C56VVbLt3rLYPOxDSOA4U+jYQkvAJ8RknyB+Msk58k="},"senderSigningKey":{"public":"BUDunKiqzwSZt3rdTwRCgiNA0RgaVXONgrvKE9Y2z90r"},"senderMessageKeys":[]},{"senderKeyId":2015996091,"senderChainKey":{"iteration":2,"seed":"JnkbUEmZMQSQmsl7MIZVwonLOO38zGbUQbp4clFKFXI="},"senderSigningKey":{"public":"Bar77d+OkgIFRHScWA7qf+xgRKQTq5uaDSyVADklRB5z"},"senderMessageKeys":[]},{"senderKeyId":1699857319,"senderChainKey":{"iteration":1,"seed":"uXYe5NgKcVsOUolJ81o6oVa4AHyeloUlv2AWG2IcSaM="},"senderSigningKey":{"public":"BcmCL3Twrr0tk8qlembDZV4kp8efHTy6sh2dH06mzFtJ"}}]