[{"senderKeyId":746736224,"senderChainKey":{"iteration":47,"seed":"W7yrtzqzHbVrvYogDfho1bm1I1NzhdU86qxgJqq3NDw="},"senderSigningKey":{"public":"BWKHWPBlAPVYXzQyy5tecE/xmSnRXllSZmYRPc9D5Ao1"},"senderMessageKeys":[]},{"senderKeyId":746736224,"senderChainKey":{"iteration":51,"seed":"rGzOU+kO2YThQMYrCljGPHjb7KZMcDxRhxR3S5Z6Oo0="},"senderSigningKey":{"public":"BWKHWPBlAPVYXzQyy5tecE/xmSnRXllSZmYRPc9D5Ao1"},"senderMessageKeys":[]},{"senderKeyId":746736224,"senderChainKey":{"iteration":71,"seed":"smgYp1HBXNLEnHymsyvnht42IiIFJK7QE0eJMxm+3yU="},"senderSigningKey":{"public":"BWKHWPBlAPVYXzQyy5tecE/xmSnRXllSZmYRPc9D5Ao1"},"senderMessageKeys":[]},{"senderKeyId":746736224,"senderChainKey":{"iteration":35,"seed":"v1QLeYhFjFMn5ZW6z5VEq55zLjASyRTX8SKWb3+6Vis="},"senderSigningKey":{"public":"BWKHWPBlAPVYXzQyy5tecE/xmSnRXllSZmYRPc9D5Ao1"}},{"senderKeyId":746736224,"senderChainKey":{"iteration":37,"seed":"IOBoy6noFxtRDuto+vxm2QAply+Ge+CeWMg08+wnric="},"senderSigningKey":{"public":"BWKHWPBlAPVYXzQyy5tecE/xmSnRXllSZmYRPc9D5Ao1"}}]