[{"senderKeyId":1446724063,"senderChainKey":{"iteration":49,"seed":"iZgaqPuNKexqnoeMCwGrJSR+PPq1pkiMtlcjGjnC59s="},"senderSigningKey":{"public":"BZ77qOPWyd8cuHPbb1ubpy2LbRL4smVZWMpw+V2+NIRW"},"senderMessageKeys":[]},{"senderKeyId":1446724063,"senderChainKey":{"iteration":43,"seed":"RdP5pRzyhEIKNlk0LB3xUxbUHClSBmCz8c+3sXS7aLw="},"senderSigningKey":{"public":"BZ77qOPWyd8cuHPbb1ubpy2LbRL4smVZWMpw+V2+NIRW"},"senderMessageKeys":[]},{"senderKeyId":1446724063,"senderChainKey":{"iteration":45,"seed":"m74mBJ+KDXM0xmUsjkIWXjWCiZDxwv4ZwANp1T+mWFE="},"senderSigningKey":{"public":"BZ77qOPWyd8cuHPbb1ubpy2LbRL4smVZWMpw+V2+NIRW"},"senderMessageKeys":[]}]