[{"senderKeyId":970659215,"senderChainKey":{"iteration":2,"seed":"aDv/MM4IgpZnGfll/ZkyeXDQlQL2hWw87d32ae/IN9U="},"senderSigningKey":{"public":"BTB3GOBPR95h/87nbYEFthW3c7RGulQjHuKsoEHgnE0L"},"senderMessageKeys":[]},{"senderKeyId":970659215,"senderChainKey":{"iteration":1,"seed":"Dx+kLM1OTh2bMZ+Ah7Qom6k0uAMiDaKURaJpsERDwFo="},"senderSigningKey":{"public":"BTB3GOBPR95h/87nbYEFthW3c7RGulQjHuKsoEHgnE0L"},"senderMessageKeys":[]},{"senderKeyId":1781628560,"senderChainKey":{"iteration":21,"seed":"qsep0YJtnxrY1CJ6pYdijpS6GFcr+fN+8Zw1deUHjio="},"senderSigningKey":{"public":"BZRyZYvfG3j5VGA10HA4XCykRhxZ+15SfabV2sFoRZkc"},"senderMessageKeys":[]},{"senderKeyId":1781628560,"senderChainKey":{"iteration":20,"seed":"69KkUXehjQa2qtUP9fvFExHatrVnX6MNBwbqMmUyBu0="},"senderSigningKey":{"public":"BZRyZYvfG3j5VGA10HA4XCykRhxZ+15SfabV2sFoRZkc"},"senderMessageKeys":[]},{"senderKeyId":2114415727,"senderChainKey":{"iteration":122,"seed":"cJyc8qfEUlP8TKmO2vfqvTTf2/xQJucRnseVvi3YGFg="},"senderSigningKey":{"public":"BaVp5Ozj8/EXuI1eQiuMsCFbOIeGJrcvd2LVcNGpfdc5"},"senderMessageKeys":[{}]}]