[{"senderKeyId":1513195569,"senderChainKey":{"iteration":5,"seed":"b++O2ZB0qDqUpfA9WIvL3HbC2bpAkvIHJNw4PeW0mRk="},"senderSigningKey":{"public":"BesKMVclevoYA66Q6uOvHIugCICevhDgMSUWHE4SgdVp"},"senderMessageKeys":[]},{"senderKeyId":1513195569,"senderChainKey":{"iteration":1,"seed":"XLi+YDh8juIiojC7zBJ1DdOrCMMFIwd7s+rn9hjJ/f4="},"senderSigningKey":{"public":"BesKMVclevoYA66Q6uOvHIugCICevhDgMSUWHE4SgdVp"},"senderMessageKeys":[]},{"senderKeyId":1222308199,"senderChainKey":{"iteration":0,"seed":"DEUMxyrOiUY5qb05KN0AvBZ+VvI2GdyAh0WlwPOyUE8="},"senderSigningKey":{"public":"BU2XeKUlMCsc2nIRB7ghM8rBFfGi6Uu5j8U9hisslbt8"}}]