[{"senderKeyId":1367136947,"senderChainKey":{"iteration":0,"seed":"UhX1odZZH8ZAgiI1XcNEzbj+pTnb7IHRyxdUkNyzdVc="},"senderSigningKey":{"public":"BeTLCFlWNoba7p8NoVEoQZco1s+8WTSUjvAHBaNf9eRw"},"senderMessageKeys":[]},{"senderKeyId":1874575210,"senderChainKey":{"iteration":0,"seed":"TsQG9nYiMbC46BkzYXOQ2OCrnKHLK3KZSYA350JQ3Zo="},"senderSigningKey":{"public":"BZkqMsGFhbVLI5pURCTpOS/gfjrxYCBvKL9qseulzs8y"}},{"senderKeyId":1874575210,"senderChainKey":{"iteration":0,"seed":"TsQG9nYiMbC46BkzYXOQ2OCrnKHLK3KZSYA350JQ3Zo="},"senderSigningKey":{"public":"BZkqMsGFhbVLI5pURCTpOS/gfjrxYCBvKL9qseulzs8y"}}]