[{"senderKeyId":2017034518,"senderChainKey":{"iteration":3,"seed":"IH4JhOLSxI1oqC/0CvNjmbK+3hnSYpEIuEK5SGttg+M="},"senderSigningKey":{"public":"BZIb4QH3WPGGiQygk2K+S/ie68YL+LLJf587wT+FxLAk"},"senderMessageKeys":[]},{"senderKeyId":169798490,"senderChainKey":{"iteration":2,"seed":"L0K0MNEtQUKygG2q1OAd5hvj4YawVJcltcVVUAuCrps="},"senderSigningKey":{"public":"BaDi2E7kA3UpnEu7esbloiEEsES/Ry3Jt9tbiKJ/J2wY"},"senderMessageKeys":[]},{"senderKeyId":169798490,"senderChainKey":{"iteration":1,"seed":"n5s0rLvs29a0vZZr8n6ALQVRs4mq3z8crkTjjQC63s4="},"senderSigningKey":{"public":"BaDi2E7kA3UpnEu7esbloiEEsES/Ry3Jt9tbiKJ/J2wY"}}]