[{"senderKeyId":762115677,"senderChainKey":{"iteration":41,"seed":"6sL+/yphbeqDD7MeA+hMpeqTJ+6KKnzD0BElLBirT9k="},"senderSigningKey":{"public":"BbG8PIYyIPJVAqUoFVXNE+0ro12bBXwu/sgfLKoKBENN"},"senderMessageKeys":[]},{"senderKeyId":2009852082,"senderChainKey":{"iteration":55,"seed":"Hb6EysTPHm00jEP8eYFMVbqbNMRekOiFJGwTCvMyg9c="},"senderSigningKey":{"public":"Bb1eUtuIkNUfeNj+OZUiHt7xEZy2sy8/GCRLrszl7z0d"},"senderMessageKeys":[{}]},{"senderKeyId":96931324,"senderChainKey":{"iteration":23,"seed":"pmjKb+DuJpQLpDroCklo2Dc77lxtRlQ/xUmk/LyHZ6w="},"senderSigningKey":{"public":"BeDt9e7yv6oco7PmK5aNCFYqAuO5SGX1l5PZGYwdPlN8"},"senderMessageKeys":[]},{"senderKeyId":96931324,"senderChainKey":{"iteration":22,"seed":"7gvo6FSpCxDneweO4HMe0cY6vg+zmSIXeCmhjBONvdY="},"senderSigningKey":{"public":"BeDt9e7yv6oco7PmK5aNCFYqAuO5SGX1l5PZGYwdPlN8"}}]