[{"senderKeyId":252159804,"senderChainKey":{"iteration":132,"seed":"QwAgQqQYGeQW7ThooqfLnbEC4yUzi59FMBGQYjQY5J4="},"senderSigningKey":{"public":"BcHMO7gtu6IxUTxr9dH6sHVsMKgUavHjEEuT+UArozIp"},"senderMessageKeys":[]},{"senderKeyId":820744428,"senderChainKey":{"iteration":84,"seed":"pa5gzvWoEl78Jv9KtUkSXDYYlNaA20fXndTkRCBO+B0="},"senderSigningKey":{"public":"BSljfa0fwFmmRg+Gc0vsdoXcvfryDHqNwHwrDnEq7nNw"},"senderMessageKeys":[]},{"senderKeyId":1527586638,"senderChainKey":{"iteration":11,"seed":"aWElieK51BXEbPENVjvkSZHtZVTI4RO4kgvGjGv4MXQ="},"senderSigningKey":{"public":"BVDwD0KT08uYbl9c633ttOmcIaK0IH0IDgDIjN01Bwow"},"senderMessageKeys":[]},{"senderKeyId":1793427221,"senderChainKey":{"iteration":6,"seed":"jPxJbfMIGP99eaU/OIxZZcGesPoJsmE4vupuVdbZU3Y="},"senderSigningKey":{"public":"BXvAxN+hiaINc4WWVYNU19sEDucxj9LvfEZVq/N77qYC"},"senderMessageKeys":[]},{"senderKeyId":480850865,"senderChainKey":{"iteration":31,"seed":"c7d2DKW0Dlh0PfbuH1o3ypt4UV3ov94dJBA6t/yPVeI="},"senderSigningKey":{"public":"BZJROW8TzZ5XlCWrZXm/2xaiuoTdnL9475z2TvUEM1hu"},"senderMessageKeys":[]}]