[{"senderKeyId":1580980942,"senderChainKey":{"iteration":225,"seed":"o6lVsX5BaW+KrizqcBiXaCf3cD5edorwFagPixG5VTk="},"senderSigningKey":{"public":"BYpd9Cy12o9X14tBSQ70aZhRwzgKu/3IQdjRS53Pn09X"},"senderMessageKeys":[{},{},{},{},{},{},{},{},{},{},{},{},{},{},{},{},{},{},{},{},{},{},{},{},{},{},{},{},{},{},{},{},{},{},{},{},{},{},{},{},{},{},{},{},{},{},{},{},{},{},{},{},{},{},{},{},{},{},{},{},{},{},{},{},{},{},{},{},{},{},{},{},{},{},{},{},{},{},{},{},{},{},{},{},{},{},{},{},{},{},{},{},{},{},{},{},{},{},{},{},{},{},{},{},{},{},{},{},{},{},{},{},{},{},{},{},{},{},{},{},{},{},{},{},{},{},{},{},{},{},{},{},{},{},{},{},{},{},{},{},{},{},{},{},{},{},{},{},{},{},{},{},{},{},{},{},{},{},{},{},{},{},{},{},{},{},{},{},{},{},{},{}]},{"senderKeyId":1580980942,"senderChainKey":{"iteration":71,"seed":"/8yEUCrnCDWhdN/oq+1AZZsMEhi0uChAaFek7/isNjk="},"senderSigningKey":{"public":"BYpd9Cy12o9X14tBSQ70aZhRwzgKu/3IQdjRS53Pn09X"},"senderMessageKeys":[]}]