[{"senderKeyId":864225194,"senderChainKey":{"iteration":53,"seed":"qetjKE/W7rY/Vbo2M1NdYCeI1DmvnS5tAM0t3OhTiA4="},"senderSigningKey":{"public":"BR5Cw9noKQAgEiayz974vVv2b7mymKAiGtTw5zAF47oW"},"senderMessageKeys":[]},{"senderKeyId":1476383558,"senderChainKey":{"iteration":56,"seed":"ZBWIwE7NqUOp2IZkbDfAh8Rd7TWDhuEpz+5buOQMIls="},"senderSigningKey":{"public":"BWhJzTtapoft4aK7icopFD1NlAOvMXOcr532Im33SQkD"},"senderMessageKeys":[]},{"senderKeyId":1807372871,"senderChainKey":{"iteration":75,"seed":"evq5PRA4lI1mxYnAEVIy8BmDr95ANYO92c0Ntprp+rg="},"senderSigningKey":{"public":"BZujOgKmGiAV4PUcKXKiLxLwitXqXQef+IJqAetU4w8q"},"senderMessageKeys":[]},{"senderKeyId":1734776748,"senderChainKey":{"iteration":0,"seed":"Qcvv6PYjb3Ue+kL8nJawgV8G8L8XhPRoEIKFqHPta/c="},"senderSigningKey":{"public":"Bb1mD4nL7BogROzGeRRy1A0CbObOaHVtgWSPC+EFmL8g"}}]