[{"senderKeyId":1421896531,"senderChainKey":{"iteration":61,"seed":"p3jkCu9s2h6TKt7N77ALEWjQZM1k4qMQVLYnHAz0ALE="},"senderSigningKey":{"public":"BawSijp17nO9sx3rFf5hwHOh7RECS8Vawv0U2e9PqNUI"},"senderMessageKeys":[{"iteration":23,"seed":"BY33Tm+aNnhq5+Ry1uxPareR16JAsC+4PScU5CnxE/Q="},{"iteration":25,"seed":"IopXJyycbRrfDIlDGrVJb4UGKo0Hii63VjA6O6vBXXw="},{"iteration":26,"seed":"OlFgzd1ywMMEMKEUdxUtQbvMPewQ6eTAJb9djaatxcI="},{"iteration":27,"seed":"YAPdg+tslvgRC80QygdGDa6/EcbRvwuRnwoqXuX3VdU="},{},{},{},{},{},{},{},{},{},{},{},{},{},{},{},{},{},{},{},{},{},{},{}]}]