[{"senderKeyId":1380787587,"senderChainKey":{"iteration":711,"seed":"sb2pP5pG96cNh2unSGIOzPXZZN5SIjLK4EXWeL2AarA="},"senderSigningKey":{"public":"BUjq98e6GBddpvFT5TSS0Ju/sGNjJ6bHFQFmGO0sdtdV"},"senderMessageKeys":[{},{},{},{},{},{},{},{},{},{},{},{},{},{},{},{},{},{},{},{},{},{},{},{},{},{},{},{},{},{},{},{},{},{},{},{},{},{},{},{},{},{},{},{},{},{},{},{},{},{},{},{},{},{},{},{},{},{},{},{},{},{},{},{},{},{},{},{},{},{},{},{},{},{},{},{},{},{},{},{},{},{},{},{},{},{},{},{},{},{},{},{},{},{},{},{},{},{},{},{},{},{},{},{},{},{},{},{},{},{},{},{},{},{},{},{},{},{},{},{},{},{},{},{},{},{},{},{},{},{},{},{},{},{},{},{},{},{},{},{}]},{"senderKeyId":1380787587,"senderChainKey":{"iteration":571,"seed":"DJqaRm7YI57rd4+w+6s8pegti/5+0Fm2Q9OJUDw+y1c="},"senderSigningKey":{"public":"BUjq98e6GBddpvFT5TSS0Ju/sGNjJ6bHFQFmGO0sdtdV"},"senderMessageKeys":[]},{"senderKeyId":1380787587,"senderChainKey":{"iteration":573,"seed":"nHrAOoNZoY+Q6WVqn7KiIS/fegqsrYNorATNq3sI3xk="},"senderSigningKey":{"public":"BUjq98e6GBddpvFT5TSS0Ju/sGNjJ6bHFQFmGO0sdtdV"},"senderMessageKeys":[]},{"senderKeyId":1380787587,"senderChainKey":{"iteration":705,"seed":"PR+qAs3Qus3aSmKU7PJcTChR9wvwwKmVyg818f6o9Yg="},"senderSigningKey":{"public":"BUjq98e6GBddpvFT5TSS0Ju/sGNjJ6bHFQFmGO0sdtdV"},"senderMessageKeys":[]},{"senderKeyId":1380787587,"senderChainKey":{"iteration":707,"seed":"b1lUtCpJrTv1YddATQg4f+atfSCXmgOzvx95cY508+4="},"senderSigningKey":{"public":"BUjq98e6GBddpvFT5TSS0Ju/sGNjJ6bHFQFmGO0sdtdV"}}]