[{"senderKeyId":488223028,"senderChainKey":{"iteration":115,"seed":"u+WZ6m8sOhMdFpC0+8UQvlS+bi6yE1ulDHxZmhpRseE="},"senderSigningKey":{"public":"BRH7GsV9rWAlLItftjG95YjHiIREWCsDDyxB9/8Qgq5f"},"senderMessageKeys":[]},{"senderKeyId":1609144092,"senderChainKey":{"iteration":5,"seed":"B3jzLWEVkOlsxh8EHCYZvPa51CmJQtSwbMz82IVtws4="},"senderSigningKey":{"public":"BdEeLPRyjNA+nhe0lLjEazyOpP7ffgEueuVkXByTvoJG"},"senderMessageKeys":[]},{"senderKeyId":1493410833,"senderChainKey":{"iteration":16,"seed":"ta6rU/jcSppbNsJVNPknsmcG7VqK+oO/SLHKLzNa0yQ="},"senderSigningKey":{"public":"BYtCzEuhTSdaNPahogDQsArQ3cleaDKjBmsbxt3KG8to"},"senderMessageKeys":[]},{"senderKeyId":1777381399,"senderChainKey":{"iteration":9,"seed":"lChSVOUN1tIl4lNZRSNwRIZTDeEeT8d8SzhNDVs9ug4="},"senderSigningKey":{"public":"BVqD1shAq3TthNuG1jqDv5ElK00zRzzsVMITQ7nQrr4C"},"senderMessageKeys":[]}]