[{"senderKeyId":226340569,"senderChainKey":{"iteration":19,"seed":"C8MILpnPuF3ZWTg+s2k91D8A+eOpHNaSL3sqzg0Swf8="},"senderSigningKey":{"public":"BVipmmhh5DY39NuicKTtRH+WnqrlAV8Tunk9fZvll+IX"},"senderMessageKeys":[]},{"senderKeyId":1418545025,"senderChainKey":{"iteration":1,"seed":"bXfehiTmYVX+lAxEGLTF/NFyDgKaVQz7GALk8lcGamE="},"senderSigningKey":{"public":"BRpnbVKY3xTWKXQVRoVtpbcJ0mDBvE5KhhznXZv8iAZX"},"senderMessageKeys":[]},{"senderKeyId":1632417008,"senderChainKey":{"iteration":6,"seed":"rdsVlPkqtml3z5QlAvQ0rVWWt1C6cycsLpBS1SFE8SQ="},"senderSigningKey":{"public":"BZhueImVKJV/ceApnATlTpWq/mgFJ0g+DhsfwtlY2Otz"},"senderMessageKeys":[]},{"senderKeyId":780250565,"senderChainKey":{"iteration":126,"seed":"R9EEJvG9nF/smMnfXmk7qDxTgUE5JatvqSWJZgXjPzY="},"senderSigningKey":{"public":"BZDwpBY8yytYbdNtqn6Z4Pwl8SKE6bc59/tlDtT0nc9H"},"senderMessageKeys":[]},{"senderKeyId":780250565,"senderChainKey":{"iteration":25,"seed":"xP7RyGQP74s5eqcNWTuZH2tgLVUppIO7Nm6ZXk1lhT4="},"senderSigningKey":{"public":"BZDwpBY8yytYbdNtqn6Z4Pwl8SKE6bc59/tlDtT0nc9H"},"senderMessageKeys":[]}]