[{"senderKeyId":572000839,"senderChainKey":{"iteration":24,"seed":"gwhrpnOHMbdmrdevgU3OjkZWgaXezLc0ymEX/IM9rPI="},"senderSigningKey":{"public":"BQ/UQTXjOW4d3p8IMU25x+JvM9VPSNVxsJ9PC8m+gEQA"},"senderMessageKeys":[{}]},{"senderKeyId":1476291470,"senderChainKey":{"iteration":29,"seed":"lVqxaxCIyCSbStMvzp/wRSgfWxrPVb34Kd8GNiZOMiY="},"senderSigningKey":{"public":"BcVosUcIRElwfxoGD+zv37TaCUu/1rBr+0JR80JYRi1o"},"senderMessageKeys":[]},{"senderKeyId":460462301,"senderChainKey":{"iteration":1,"seed":"VsvwvCVZ8ClQllHM579HaB+NAUYcXmCOBLmYNSyV3ro="},"senderSigningKey":{"public":"BRePctxnLoG3zY1I627cDfKgPMFMuWRi2m5w9hyXDhtE"},"senderMessageKeys":[]},{"senderKeyId":1338632041,"senderChainKey":{"iteration":0,"seed":"pX3VCpoYLjJ+qiYub+xmAAY+o9zPfzK9bhWZZve7Neo="},"senderSigningKey":{"public":"BZuSCdPBZR4h1kpiWdaxXDG5sQdpvonBBMvB+o7vShQM"}}]