[{"senderKeyId":889292319,"senderChainKey":{"iteration":18,"seed":"yvlu01NoygkfadxLW/ba+DYcOKQeaB0US9Ov9Oz8K3E="},"senderSigningKey":{"public":"BVKsSRBqhL97/pn1RBZgIxhwZ/5hAwJCxxqrYu8aGoYF"},"senderMessageKeys":[]},{"senderKeyId":1243574810,"senderChainKey":{"iteration":0,"seed":"3ZkojntqCxQhmmVZzaXIbL1nsAcEz9xlCQJHyJq4rqo="},"senderSigningKey":{"public":"BU7W8xw6n8O7unIdEMvCEPPaDZdS1FCV6u9GPNeW3flw"},"senderMessageKeys":[]},{"senderKeyId":920437204,"senderChainKey":{"iteration":0,"seed":"xAl4nexiHtFFrW72FwDW0U+105MAqNTReueTZZVNAeA="},"senderSigningKey":{"public":"BU9EYXUCoXH3p7Hv9j5AZ/Vs3i+l2GJlvTPhipK4MR44"}}]