[{"senderKeyId":785027813,"senderChainKey":{"iteration":6,"seed":"0w9ZYDF5e6QWb7h6L0cv1LfhptreRE4UhtQEN6GuYbA="},"senderSigningKey":{"public":"BX26t861rZS+ho/Fl5JtvNg7EvsSudprhwfPj6obl4pc"},"senderMessageKeys":[]},{"senderKeyId":1043971556,"senderChainKey":{"iteration":16,"seed":"5vH1VB3z4IatzK32sjAjlvY3/yct4hJZDLOGHbQGiXE="},"senderSigningKey":{"public":"BXPbViY6ceJUUQnnYhXDwSrJ0qqnxcRxbLCNPzSjoAN3"},"senderMessageKeys":[]},{"senderKeyId":1043971556,"senderChainKey":{"iteration":1,"seed":"qhRaeDjfr056uHzI5Fc3dJeS6z1MVS38gJR8QJWMYF0="},"senderSigningKey":{"public":"BXPbViY6ceJUUQnnYhXDwSrJ0qqnxcRxbLCNPzSjoAN3"},"senderMessageKeys":[]},{"senderKeyId":1043971556,"senderChainKey":{"iteration":2,"seed":"gtEUZGkqHrZgd5JQb9BYVsGvo7UoRirhi1ESF8L93zo="},"senderSigningKey":{"public":"BXPbViY6ceJUUQnnYhXDwSrJ0qqnxcRxbLCNPzSjoAN3"},"senderMessageKeys":[]},{"senderKeyId":1043971556,"senderChainKey":{"iteration":15,"seed":"rsU4zLy936ZaWG/fNodkKgNdPy/r9w81Gsx+YQMl6jc="},"senderSigningKey":{"public":"BXPbViY6ceJUUQnnYhXDwSrJ0qqnxcRxbLCNPzSjoAN3"}}]