[{"senderKeyId":1419156505,"senderChainKey":{"iteration":12,"seed":"UEucNDfs+YGd27LG3et+CjUErI0Xsf7onMt7tN94/PA="},"senderSigningKey":{"public":"BZfkaDwS9H9aE+ubyC+/r8orgZ5+cGENeS5iXtkYvoE4"},"senderMessageKeys":[]},{"senderKeyId":1419156505,"senderChainKey":{"iteration":13,"seed":"oG7RFXAY+6C7EI5uL1X98bO2oF+uZ02ucLlSer0+F+0="},"senderSigningKey":{"public":"BZfkaDwS9H9aE+ubyC+/r8orgZ5+cGENeS5iXtkYvoE4"},"senderMessageKeys":[]},{"senderKeyId":400507105,"senderChainKey":{"iteration":184,"seed":"qUdeeuCQlZOtwDGDpEY2eMMp6xhf8SAbpb+6bHQTv4U="},"senderSigningKey":{"public":"BVYh2+y6cr9ZpIaUf9zs0a3CnuLM1oQ43jyBjKL7GLhH"},"senderMessageKeys":[]},{"senderKeyId":1900354408,"senderChainKey":{"iteration":54,"seed":"9WzHEMCsV7FvDEG/jPpGR9OlyLUkL3X8Jb85AqeaMH8="},"senderSigningKey":{"public":"Bd01/z0QgvsqFMnhS9liWMcsrIBWaOqaWFC7KrARJpZ7"},"senderMessageKeys":[]},{"senderKeyId":1900354408,"senderChainKey":{"iteration":13,"seed":"YJSDLZ1WFJqo7Bs2C8B3cB8Z28Det1Pi7+MKclB7h1g="},"senderSigningKey":{"public":"Bd01/z0QgvsqFMnhS9liWMcsrIBWaOqaWFC7KrARJpZ7"},"senderMessageKeys":[]}]