[{"senderKeyId":549899624,"senderChainKey":{"iteration":1,"seed":"ybM3/hXGUM8QNCU4jvmPVZ24OPtQHbE+p7psFHaPbTQ="},"senderSigningKey":{"public":"BZM2Ak0KpwGlruduqgfovugCAafTAxLhlzYwWEZkjd0i"},"senderMessageKeys":[]},{"senderKeyId":2054199637,"senderChainKey":{"iteration":1,"seed":"o8q93l/GdL69TcOvGPIn+s+z3ilAc04vFAcIXlsy0Ww="},"senderSigningKey":{"public":"BbAr8S3WfFQt8NdhvsEDv9lmpa+DNSSI+sbxyc25tXMu"},"senderMessageKeys":[]},{"senderKeyId":1990290859,"senderChainKey":{"iteration":1,"seed":"UwKcqajHWGbpAGgvQWCJRJLux37llYxS+h55i80J0Lc="},"senderSigningKey":{"public":"BQPbEmwPfDIlzoqLTdynbLGydGfjDcgF4iPjJBbF/IFW"},"senderMessageKeys":[]},{"senderKeyId":1990290859,"senderChainKey":{"iteration":1,"seed":"UwKcqajHWGbpAGgvQWCJRJLux37llYxS+h55i80J0Lc="},"senderSigningKey":{"public":"BQPbEmwPfDIlzoqLTdynbLGydGfjDcgF4iPjJBbF/IFW"},"senderMessageKeys":[]},{"senderKeyId":1855735751,"senderChainKey":{"iteration":0,"seed":"9KoXn0R5RpAXs3lW4+mgLd7FvoyacoNMVzS0eosDzTQ="},"senderSigningKey":{"public":"BTfPlEh7Rdj7F5PCISDaJdIO2IpXPFySZ3R3OyghpYFn"}}]