[{"senderKeyId":1590275674,"senderChainKey":{"iteration":5,"seed":"W+UfBVni85av8j7NtNAbfZW7jF1d/6esAxo2MW3AHFg="},"senderSigningKey":{"public":"Bcbfc0kl7AXDcvccUwbuUb+FH+ulMDBTa842unZwAsRV"},"senderMessageKeys":[]},{"senderKeyId":1590275674,"senderChainKey":{"iteration":2,"seed":"kaTJUuKz21bdKHKjPcnNCqYLuvrhuRLKRFddSqdrkf4="},"senderSigningKey":{"public":"Bcbfc0kl7AXDcvccUwbuUb+FH+ulMDBTa842unZwAsRV"},"senderMessageKeys":[]},{"senderKeyId":1746189309,"senderChainKey":{"iteration":1,"seed":"GD+DSF3eDRN6HRgRA5+/jGw/8AQP1aIR5eVlgBbEYJs="},"senderSigningKey":{"public":"BQ3QDynQTEYUgc4tWEWv2P4umT1SJYvoQPjbOEht8NRl"},"senderMessageKeys":[]}]