[{"senderKeyId":424624810,"senderChainKey":{"iteration":231,"seed":"OXfArjYBhV0LjBe9fGqlbseuEpExf0f02niVcRMIH4E="},"senderSigningKey":{"public":"BbLWeNO5mRLQ/2hxvKuAT4KQe2FF41U3J6ZBXLAMWjxb","private":"KJlVzMA/F5F1cB+wYsXjtzdVRz0GbiyJJoG8B1gW5GM="},"senderMessageKeys":[{"iteration":1,"seed":"66JhBP2N0nY44K5ZjHStRtNLmZ1eSXvlP6GjiaJtPOc="},{"iteration":3,"seed":"MfBP82GKncX3y5BCXMwRAE4uRQHcS3fk1bHACxKucLo="},{"iteration":5,"seed":"T/anHCLC3F7ng1HwQYf3ib7t1apl8OSpyCp+/2kxisI="},{"iteration":7,"seed":"T058CufUh+muvFvrktleGHL8toj2xTqcYW1AG+IT+Yg="},{"iteration":9,"seed":"P62PprEQMb2LoPD6F3hHdUhAaijQhqii0LUfLorGFH4="},{"iteration":11,"seed":"/Eo6JpMQK9flziEa/TyxuH9/EypZIRrQLKSKgRh5olE="},{"iteration":13,"seed":"yOGiXwBs0Fyok1Ha87oteVbU2IpgRmT1coOFpZ7hQ70="},{"iteration":15,"seed":"zJhK2JSf4+Nbz85OBACy3T23laR+ObFOEeG2NvTp4Eg="},{"iteration":17,"seed":"7kR0KZpDJRIR4agDHlCA188JCQe8ewCVREYRQ+1Y2Do="},{"iteration":19,"seed":"qyxWJ0hNqj1GNLIyOW6PqDiNAMrjg2WDUvPvv0Lqe6A="},{"iteration":21,"seed":"102r8Rg2zxKK/ScyK5fxEvngKeVhNMIGfrSQ/svAhyg="},{},{},{},{},{},{},{},{},{},{},{},{},{},{},{},{},{},{},{},{},{},{},{},{},{},{},{},{},{},{},{},{},{},{},{},{},{},{},{},{},{},{},{},{},{},{},{},{},{},{},{},{},{},{},{},{},{},{},{},{},{},{},{},{},{},{},{},{},{},{},{},{},{},{},{},{},{},{},{},{},{},{},{},{},{},{},{},{},{},{},{},{},{},{},{},{},{},{},{},{},{},{},{},{}]}]