[{"senderKeyId":400387679,"senderChainKey":{"iteration":191,"seed":"N9DhUVyuRo8EYOthytJGFDNcVguB0ZWXYW+o0sC89NY="},"senderSigningKey":{"public":"BWw3iAXaRwoCeSryUh26oTOCM+fzfZmx19r63iDm08EI","private":"8JImUr4VOAFmYW3SeA3QV4dbUSmYPd+sWDqf0B+712g="},"senderMessageKeys":[{},{},{},{},{},{},{},{},{},{},{},{},{},{},{},{},{},{},{},{},{},{},{},{},{},{},{},{},{},{},{},{},{},{},{},{},{},{},{},{},{},{},{},{},{},{},{},{},{},{},{},{},{},{},{},{},{},{},{},{},{},{},{},{},{},{},{},{},{},{},{},{},{},{},{},{},{},{},{},{},{},{},{},{},{},{},{},{},{},{},{},{},{},{},{}]}]