[{"senderKeyId":252381065,"senderChainKey":{"iteration":32,"seed":"Y21LCYFYReiSpB2arwA8OZpnoXuFRuWh8v9yvk7Tmts="},"senderSigningKey":{"public":"BdaK3Dmh8SdZR4oFtOqlL7IHfgP8rAYcTPTkx4rOH505"},"senderMessageKeys":[]},{"senderKeyId":1941899385,"senderChainKey":{"iteration":15,"seed":"EFy8TPqeNzht8mUo7MCJPDQBxHVR4UXKJjPjWrWh+hg="},"senderSigningKey":{"public":"Bcc56TFqrz9QNSQkzgCJZZi2RcHzLANE3HxbkoapSeNJ"},"senderMessageKeys":[]},{"senderKeyId":1941899385,"senderChainKey":{"iteration":13,"seed":"AB87tUCm81u6guNDwew1MKxtRD7ZnvlCDgZyhaB2QKQ="},"senderSigningKey":{"public":"Bcc56TFqrz9QNSQkzgCJZZi2RcHzLANE3HxbkoapSeNJ"}}]