[{"senderKeyId":699659353,"senderChainKey":{"iteration":3,"seed":"KDIoR4ypwAynuN3tH/mxwfyWSX0TY+dqidqHGeTWhQ0="},"senderSigningKey":{"public":"BQ940y7hH1aZCdgEEH8UVrmvv6x5Ovdm7TW4pfO3KOox"},"senderMessageKeys":[]},{"senderKeyId":1789374100,"senderChainKey":{"iteration":14,"seed":"6yexdj5X06B2OKqtzoX0qtILMPktIgcw7Q1m+fZxc84="},"senderSigningKey":{"public":"BeO5Llr2dPHR6Qc19OUfMwqZQt9fvvNpG0bvIXB2hRVm"},"senderMessageKeys":[{"iteration":2,"seed":"bQFbk0zprUKCicd6poeCK+/UXCA1R91V2B0+UO5ag3w="}]},{"senderKeyId":224288963,"senderChainKey":{"iteration":18,"seed":"iTXU1axjRJKJQ4FBRQslKhnyWuyZOoI+ZXz8aC8mXxc="},"senderSigningKey":{"public":"Bbi29ga4xkLFnLUoHqcbKLAX86mlvxbuTw14tEvvSQhc"},"senderMessageKeys":[{}]},{"senderKeyId":1628771499,"senderChainKey":{"iteration":1,"seed":"DfrkdhmZH0arl3Qq9UIC1cpBSaYAGlbGxfGTzrn7THE="},"senderSigningKey":{"public":"BWZ1rJ1s+YKYsG9RcPbMTEvAAt5w70kLvAv/GP0rCBkw"}},{"senderKeyId":1609577858,"senderChainKey":{"iteration":2,"seed":"pOm5C7tb9iHHyOtYAGxGFi66eePcrSXz/Z0lcyd85q8="},"senderSigningKey":{"public":"BaV9r1+Fxa9S8OJyoFDlcC9uA/KAm3QQmk8o3Vq+tZQF"}}]