[{"senderKeyId":2047376327,"senderChainKey":{"iteration":0,"seed":"AUTSvdek74vrWtj9QG4jt0O59mXSCXwnRMIvoyyTtsk="},"senderSigningKey":{"public":"BSJVLnvygA01lxlDgkNGQ7GUppK2Sg40rdsYtiTZ1xdu"},"senderMessageKeys":[]},{"senderKeyId":686179550,"senderChainKey":{"iteration":0,"seed":"lWOZkZ/k34dXeodANMY77AWa/G4zojw8JtJGRjAH7aI="},"senderSigningKey":{"public":"Baet8q76snRljUZTKyr3nhEgk0sij4XlYoa/jKfYb5px"},"senderMessageKeys":[]},{"senderKeyId":132452939,"senderChainKey":{"iteration":0,"seed":"Xrivkd4q6+c8MVgUnQ1AKuYHQaL2j2AA9uEPwS5W/Tw="},"senderSigningKey":{"public":"BRWcVb8DkMpk8ntbvK8GvoK4k7kiDP21SnyFkJkUSlBM"},"senderMessageKeys":[]},{"senderKeyId":1292773238,"senderChainKey":{"iteration":0,"seed":"v2gCmldspj9yURuWP8lX89m0Yn4Gt1B9cng6G2vyuAw="},"senderSigningKey":{"public":"BVw2OIZqQzIT4l81z7fNLn8+XUfJU2dHHrqYOaSarCcB"}}]