[{"senderKeyId":1390972113,"senderChainKey":{"iteration":89,"seed":"RrtZ+naqUCZLhCkpJSkdaWECKZE+/6hRvjDYjTa8rBM="},"senderSigningKey":{"public":"BQ6A4rvn27B+jt8DfcrebPGjxBOcr0duDHJ/XyIV1akZ"},"senderMessageKeys":[{"iteration":1,"seed":"y91lvM+z9bqMsVgDfMO4l0gAs6is3mSkHfj1dOqrzaY="},{"iteration":3,"seed":"S9n+8vzBBTgmsFMhJXdkEyNtkqinhHI6BZ19vDqJeSM="},{"iteration":5,"seed":"DDUOsx0OXbD0i/WdBEyDOqSJu8y47GTIVP5J+ReuKxA="},{"iteration":7,"seed":"H/DFyZBs7oPDEKCtRGQm+D9qZjPklM23RlVGiJDIyds="},{"iteration":9,"seed":"e3kVT3iqjSxLm1awFj4G8rz3vZ9fxSB5Gi6auih2aRY="},{"iteration":11,"seed":"3Vq0lkqRcPCsKyuxmLUGOTbiwuvTVRW5zvH7WXLdFxk="},{"iteration":13,"seed":"yQhTRvSFdYU5xerQCVXLLvyvwvdAB6OVTIS3CH0YFtE="},{"iteration":15,"seed":"xaaPSZAnrKaOBYeu9Z0ROuVMK/pR8qg3foC13+idZyk="},{"iteration":17,"seed":"Cwqoc/3bEw7v1F/TQejFeEt2xznDaVV6cfAT/0WC9bU="},{"iteration":19,"seed":"4I7JBqTfkFjXr/LF2vj2zL1HlvhbmF/uMHPyu5vL/QI="},{"iteration":21,"seed":"FqM9MCGZCEY5R1vqRoNHZVLXGEnoercj2vCtA7Foifk="},{"iteration":23,"seed":"i51WktQ7KZQTb5UBbDPfKuNj9Ja64LQljZrdLcCUdC8="},{"iteration":25,"seed":"ZhW3SXzFh7EZNl1M3yXIRolPOkZox+Brq27lQYlA+fc="},{"iteration":27,"seed":"b969lVhZTkZgLM0l4AlbYlqGDQtWSXkIcEeKbuGjNZ8="},{"iteration":29,"seed":"hFfXl9x6Q3Ok4d+o9/loahSjeB8yc3sgWKSoiOhnK3g="},{"iteration":31,"seed":"FGL3NYaCH8yjA3KboadiJW0wSrtbWqiHLglAP/nGoi4="},{"iteration":33,"seed":"q+TRRVjHCLoyU66txsMwqaJ6mEir5AcIi4jzGXlAUJs="},{"iteration":35,"seed":"1IN4ghln5oxYrAsSLvVRZxKrKrE4dtTj5r4nFjVYeKs="},{"iteration":37,"seed":"HzWFaN748vh4Nq47IIBHBD/z8rk9eeOSs8i67m8PJkA="},{"iteration":39,"seed":"djlH1slchcfwBryGK8tizIB+ItuV3bSTl+OgP3VvODE="},{"iteration":41,"seed":"J+I3HXOkIBdZKAo2SWlZuZK9JmTLeo1356S8XQq3uvg="},{},{},{},{},{},{},{},{},{},{},{},{},{},{},{},{},{},{},{},{},{},{},{}]},{"senderKeyId":1390972113,"senderChainKey":{"iteration":43,"seed":"3RgM1cvsdH7saGhxWOu7J9JV+KoPUlOSxvCE0cUIf0w="},"senderSigningKey":{"public":"BQ6A4rvn27B+jt8DfcrebPGjxBOcr0duDHJ/XyIV1akZ"},"senderMessageKeys":[]}]