[{"senderKeyId":1031447758,"senderChainKey":{"iteration":3,"seed":"ZVjdmlyaJZLtjZVqJZYm+vnv6TPG3FLcJJRi3Ih1hds="},"senderSigningKey":{"public":"BcA/M6MtMK8pmpzG5hAzDSLoEAwoj26FHN8/+jMm6TFS"},"senderMessageKeys":[]},{"senderKeyId":1148905377,"senderChainKey":{"iteration":0,"seed":"hU5pxNN0Pot9Wz6C0+OdC7MjGZ6gfg+5DqmvT6b6Mq4="},"senderSigningKey":{"public":"BUNavTWdveHr6yURy54E2AZ/qBqgu2q1urRbTyIkrJsM"},"senderMessageKeys":[]},{"senderKeyId":707064739,"senderChainKey":{"iteration":0,"seed":"5rb+ST2Lh3rX5WPpS9fA5lqGuPEd6GFbukAHNKZWNnk="},"senderSigningKey":{"public":"BfC6fSnzNN6GvrfPWIHoxDsDqAyRIb1AzSF7H+l/Ho5O"}}]