[{"senderKeyId":1512130523,"senderChainKey":{"iteration":219,"seed":"1LFBPgG4AZdF86JIFRGnm2+M6mDdXzt4UjSjdPs1S9o="},"senderSigningKey":{"public":"Ba7vofS/YnCcOHloJBzTHqxJPJ0SMu2MQb9p3VZDTKBy"},"senderMessageKeys":[{},{},{},{},{},{},{},{},{},{},{},{},{},{},{},{},{},{},{},{},{},{},{},{},{},{},{},{},{},{},{},{},{},{},{},{},{},{},{},{},{},{},{},{},{},{},{},{},{},{},{},{},{},{},{},{},{},{},{},{},{},{},{},{},{},{},{},{},{},{},{},{},{},{},{},{},{},{},{},{},{},{},{},{},{},{},{},{},{},{},{},{},{},{},{},{},{},{},{},{},{},{},{},{}]},{"senderKeyId":1512130523,"senderChainKey":{"iteration":115,"seed":"WJJsHal4taPUaHIvSiH0EOjWPWlAXb6718Di5EBfSlg="},"senderSigningKey":{"public":"Ba7vofS/YnCcOHloJBzTHqxJPJ0SMu2MQb9p3VZDTKBy"},"senderMessageKeys":[]},{"senderKeyId":1512130523,"senderChainKey":{"iteration":197,"seed":"sx6C809g8GBuFjzGq9IBCD+6TZtNRSOOkY/fpVntnj8="},"senderSigningKey":{"public":"Ba7vofS/YnCcOHloJBzTHqxJPJ0SMu2MQb9p3VZDTKBy"},"senderMessageKeys":[]},{"senderKeyId":1512130523,"senderChainKey":{"iteration":199,"seed":"xz03/2g84xaAMbn7KGeAiE5cDJf7MiQr5JXoDDKj1hU="},"senderSigningKey":{"public":"Ba7vofS/YnCcOHloJBzTHqxJPJ0SMu2MQb9p3VZDTKBy"},"senderMessageKeys":[]},{"senderKeyId":1512130523,"senderChainKey":{"iteration":215,"seed":"5u2Biu+UC2JNjrFrRyvGOaBWI/jhiQN4CR2mSd7PPS0="},"senderSigningKey":{"public":"Ba7vofS/YnCcOHloJBzTHqxJPJ0SMu2MQb9p3VZDTKBy"},"senderMessageKeys":[]}]