[{"senderKeyId":1962596621,"senderChainKey":{"iteration":86,"seed":"Y2qPC6MCVzV3zbatfG8ueJt1xzTBAIZ7V/UNZarUBRs="},"senderSigningKey":{"public":"BQZ714eoeQXDoCVBFXd45hIM2mvFtjuHrEuc2wIegpZm"},"senderMessageKeys":[]},{"senderKeyId":107439906,"senderChainKey":{"iteration":101,"seed":"5qtbMXm7qyRuoYad0+fbd+MtU02jXM1lRWuq+UKBvFY="},"senderSigningKey":{"public":"Baoe7JCH7HNfJCZDbM7K013RP7zXjSAk8vLumOD1T+Um"},"senderMessageKeys":[]},{"senderKeyId":1793318973,"senderChainKey":{"iteration":60,"seed":"TqR53/O6P8guoPs3L2jPw+xdK/I4BTyFHIR31r3Oyho="},"senderSigningKey":{"public":"BXVail2UB3PxvnXbvyCHPS+84FQ0sV01dfk+PbrSao0y"},"senderMessageKeys":[]},{"senderKeyId":1126826893,"senderChainKey":{"iteration":2,"seed":"QJR4L9HsB+NBcdxUwBtrP98Ers/AETsMqCHinKLXpSQ="},"senderSigningKey":{"public":"BeF4oQ/0N2d5agDWn9ebSJzvkV/NmdwKphb3IRZmbdNr"},"senderMessageKeys":[]},{"senderKeyId":1281482323,"senderChainKey":{"iteration":13,"seed":"PJcdfKC2IiIZORy3wVVLst/NtAyfDz971/p0FNPp/+U="},"senderSigningKey":{"public":"BYj3mo22ECssXcQLnTXh4+1zaAeSmKV8JN5Wx66EsxVQ"},"senderMessageKeys":[]}]