[{"senderKeyId":1849020117,"senderChainKey":{"iteration":21,"seed":"C7sKilTIrzu/OA9qqzUcEvjQNlrfmvi+DjRKx3/HZ2A="},"senderSigningKey":{"public":"BcvsFH7RHG4hEBYSejlNteW21hPk4ksax01bdZfTA38A"},"senderMessageKeys":[]},{"senderKeyId":1233236474,"senderChainKey":{"iteration":90,"seed":"kE/Qpf4o4UPGd2hDCTq79hfSEMUj+XGN3WTvms9WWz8="},"senderSigningKey":{"public":"BTcBtFDtpYLgyC28otAam9ZhrbzTQdq2/0pMefkann4i"},"senderMessageKeys":[{}]},{"senderKeyId":675539411,"senderChainKey":{"iteration":65,"seed":"VoYBDXa21+SNp3RrNCKZw+hJPyItJHzXKrndMD4I9sM="},"senderSigningKey":{"public":"BdjdFDqp6Sa2UjaUT+4ghYdpkFUdeGigJxW6e9bsvD9W"}}]