[{"senderKeyId":1081852716,"senderChainKey":{"iteration":75,"seed":"277E/ZjHzNf/kdf0Zoh9L/ClD9VZrg1IQb3H99rqUEY="},"senderSigningKey":{"public":"BZmu1zjG/eIkMvg2JbtpmtCbtI8CYu083aWxBCQ+qxck"},"senderMessageKeys":[{},{},{},{},{},{},{},{},{},{},{},{},{},{},{},{},{},{},{},{},{},{},{},{},{},{},{},{},{},{},{},{},{},{},{},{},{},{},{},{},{},{},{},{},{},{},{},{},{},{},{},{},{},{},{},{},{},{},{},{},{},{},{},{},{},{},{},{}]},{"senderKeyId":1081852716,"senderChainKey":{"iteration":11,"seed":"Pdcc+6sqIbPMW7tyzoHiCefgmG0dP0sdvF7ro7242QE="},"senderSigningKey":{"public":"BZmu1zjG/eIkMvg2JbtpmtCbtI8CYu083aWxBCQ+qxck"},"senderMessageKeys":[]},{"senderKeyId":1081852716,"senderChainKey":{"iteration":17,"seed":"z94XZDN+lESK9HW/OBCDqviN+RB7mJMsHED4qcZYRUU="},"senderSigningKey":{"public":"BZmu1zjG/eIkMvg2JbtpmtCbtI8CYu083aWxBCQ+qxck"},"senderMessageKeys":[]},{"senderKeyId":1081852716,"senderChainKey":{"iteration":67,"seed":"Oz1djSUrfGcKSGqDA2Su0omPh9nU6JW2OEFNYX04CN4="},"senderSigningKey":{"public":"BZmu1zjG/eIkMvg2JbtpmtCbtI8CYu083aWxBCQ+qxck"},"senderMessageKeys":[]},{"senderKeyId":1081852716,"senderChainKey":{"iteration":71,"seed":"lEd4hW2ZLXmKYuGkKAgBP+yqnlrBqMRbd3CyRH9Qk/0="},"senderSigningKey":{"public":"BZmu1zjG/eIkMvg2JbtpmtCbtI8CYu083aWxBCQ+qxck"}}]