[{"senderKeyId":1842023402,"senderChainKey":{"iteration":315,"seed":"Ny5kY+1+zJ5fntbAtH7amyPIPq+tLZ455Yv/uLs3KNs="},"senderSigningKey":{"public":"Bdy1Yzk3aocoUVkfo1nwPoQhyScElgZ5a+8GxtaIR2VP","private":"iM7SF6vtbOsgnvY1gkUA8UHQ5yw4iUdmZ9WoI0pWfWE="},"senderMessageKeys":[{"iteration":1,"seed":"yHalT/VN3PFemzsRiuxK/XrdzzbH3xpfSeVflg/7PNc="},{},{},{},{},{},{},{},{},{},{},{},{},{},{},{},{},{},{},{},{},{},{},{},{},{},{},{},{},{},{},{},{},{},{},{},{},{},{},{},{},{},{},{},{},{},{},{},{},{},{},{},{},{},{},{},{},{},{},{},{},{},{},{},{},{},{},{},{},{},{},{},{},{},{},{},{},{},{},{},{},{},{},{},{},{},{},{},{},{},{},{},{},{},{},{},{},{},{},{},{},{},{},{},{},{},{},{},{},{},{},{},{},{},{},{},{},{},{},{},{},{},{},{},{},{},{},{},{},{},{},{},{},{},{},{},{},{},{},{},{},{},{},{},{},{},{},{},{},{},{},{},{},{},{},{},{}]}]