[{"senderKeyId":1797104887,"senderChainKey":{"iteration":34,"seed":"sxN9ouSdd/BpE2D/xLYuk93rXDJmGfBfnpCiLSCwcr4="},"senderSigningKey":{"public":"BUvN2casgoANNCYacac32uIoadRybLXzHXkXXjb82xBs"},"senderMessageKeys":[]},{"senderKeyId":2019581436,"senderChainKey":{"iteration":5,"seed":"u7PdEdoiR4Y5ZA6rAsUbv29hnKmzVGkKrqCV5leVUVw="},"senderSigningKey":{"public":"BSaz9kkgRmYClYyj+OLyrkJNkcVIsHgzvlWSYGB0DNgD"},"senderMessageKeys":[]},{"senderKeyId":594255052,"senderChainKey":{"iteration":2,"seed":"uk4Q5XPGmw53HCk5gw7q/8rOjMuuPH44fs/TzRMtXTQ="},"senderSigningKey":{"public":"BYqJxXUbp0rrCKkNm3olXymK2R8wJ28Pkr2Iw1MaF5Bt"},"senderMessageKeys":[]},{"senderKeyId":1413146446,"senderChainKey":{"iteration":2,"seed":"XNYLe3OwKFfJWwGAzTx21Wsdx0FPibipV1CCvlYVaPg="},"senderSigningKey":{"public":"BTp6ugIGsz9EtzWJHQ2YxzUlRQvfsKBzDJPSmNaFCQ0x"},"senderMessageKeys":[]},{"senderKeyId":1413146446,"senderChainKey":{"iteration":1,"seed":"ZOyb6UubJ5yqMwVhRDE1gKmRbGiVsW28X4CYmAhCsPk="},"senderSigningKey":{"public":"BTp6ugIGsz9EtzWJHQ2YxzUlRQvfsKBzDJPSmNaFCQ0x"}}]