[{"senderKeyId":171725064,"senderChainKey":{"iteration":11,"seed":"Dlp8V1ibIMo2PJIfUnLUd0wMCvXiWD5jTwIIh55RLG8="},"senderSigningKey":{"public":"BVpdW49ifXUM5M47wdQ9hW4yiVJwgGNVBuX32LU7kPcH"},"senderMessageKeys":[]},{"senderKeyId":2002646199,"senderChainKey":{"iteration":60,"seed":"AJOIGRo1ud79xHNM3qz5z+kal6dPf8m5Q2c2gv8WES0="},"senderSigningKey":{"public":"BYcZ/xl4+rUufSCpl5iTRKkRnMpLfJma1v9teLpYIbBR"},"senderMessageKeys":[]},{"senderKeyId":911206495,"senderChainKey":{"iteration":13,"seed":"6cb+pvxVUpE/qnygx68CzqRC6+LEmTVRylxXJg3c6DY="},"senderSigningKey":{"public":"BUVdvUHUS3foBZnUxcifSaickwRmLEUkRrsy7l2N37EL"},"senderMessageKeys":[]},{"senderKeyId":1292842845,"senderChainKey":{"iteration":49,"seed":"pK5LHCy9iWRrOD9NTHuRdSJBnjk/agLunvGapD30vIA="},"senderSigningKey":{"public":"BQP5iODFA2mP/ken4ydb1IyuimdmBy+B6uMEy5hF+sMx"},"senderMessageKeys":[{},{}]},{"senderKeyId":1626722948,"senderChainKey":{"iteration":11,"seed":"nFb/cryIaZPc0nkVfqmNGGJ/oNpfDT9N9cgukryFt3k="},"senderSigningKey":{"public":"BcyH1yLdIGO0S9l0s8S7cS1HZf48QcmjhM6V8iji5SFY"},"senderMessageKeys":[]}]