[{"senderKeyId":97497712,"senderChainKey":{"iteration":10,"seed":"3MqFIv7o0jLLQUEJCHy7SoQm5B0NmtH+EAvUtpBlErY="},"senderSigningKey":{"public":"BXingPUkVhPKsPhc2ThDF8ElhFRczkGpL4sYqqPlPAM8"},"senderMessageKeys":[]},{"senderKeyId":424399794,"senderChainKey":{"iteration":1,"seed":"QO4xCFBfEYOLLqqRZqmCl1ddCofAFVOELN5ZtKWlalQ="},"senderSigningKey":{"public":"BRl5bIJCXKPcdigO4EPMvmmvVYHYpMZBt5VH0C9PCbcQ"},"senderMessageKeys":[]},{"senderKeyId":70954034,"senderChainKey":{"iteration":17,"seed":"mguQhMKUaqUnj+1dHsIN2KxAAs6aZiny3thkpGgJkDI="},"senderSigningKey":{"public":"BVfMjTbn4uOwxelUXVx6VjFQPTqoSw0kq0L1l01/JhBj"},"senderMessageKeys":[]},{"senderKeyId":872751335,"senderChainKey":{"iteration":52,"seed":"NQirx75u6Ie7Dq9NI8p59qAKKRh21W8QfQ2+9wHeXIQ="},"senderSigningKey":{"public":"BauPv+SPiUoiPna+APDANvkVpFfbomV5+4+8+5AMBqRj"},"senderMessageKeys":[]}]