[{"senderKeyId":1342779975,"senderChainKey":{"iteration":66,"seed":"EezVesXaNxHq5IsSXx0qp5GoIDtAOPaFm/es5tkJePU="},"senderSigningKey":{"public":"BcjSxRjP22OScl5od9n39xJ/FQD4ISSpULPhoucWg6RX"},"senderMessageKeys":[]},{"senderKeyId":1437412651,"senderChainKey":{"iteration":49,"seed":"DkzAQUK+72BX9nBLdZ5FsNvptKiNbiW/WOHUBXEQzgk="},"senderSigningKey":{"public":"BTz6ppsg0CRdCPsnjX0S0Alwv+vO7XTYXvYe7az5Ko1q"},"senderMessageKeys":[]},{"senderKeyId":350621294,"senderChainKey":{"iteration":155,"seed":"Y2xehSYVhLOSAkw7NBDFHtcVmK+pQEVBFgNDUxzSW1Q="},"senderSigningKey":{"public":"BZZzCltK8HcEEe6NU1kRXfj+ojzyKMnxQEc284mA3lAm"},"senderMessageKeys":[]},{"senderKeyId":350621294,"senderChainKey":{"iteration":145,"seed":"vjJpeTVd5+SzJarkCr5wHA/qlZQanat3XodNS1eMjpA="},"senderSigningKey":{"public":"BZZzCltK8HcEEe6NU1kRXfj+ojzyKMnxQEc284mA3lAm"},"senderMessageKeys":[]},{"senderKeyId":176421570,"senderChainKey":{"iteration":41,"seed":"bvb82VM7Gh6QSI6y+WLw5Enyc1hI0u8pHIj101o9c08="},"senderSigningKey":{"public":"BbQdJIIdXim5pc4ALWiybKs2hksFZR0L+tUp1WAw+iph"},"senderMessageKeys":[]}]