[{"senderKeyId":450499777,"senderChainKey":{"iteration":24,"seed":"j5ozsBWLOpDfwAJMGgyZpaqeh1+5Roq+8pevhXi/nzA="},"senderSigningKey":{"public":"BVbJFcGUiEktnTHl99rh2LSX4XSn0p8Mij2tku8QnSM1"},"senderMessageKeys":[]},{"senderKeyId":1652430529,"senderChainKey":{"iteration":13,"seed":"aVI7/QAIf9w/Noe/7ABLhaOBNkzG2hOk7E/540jU9PA="},"senderSigningKey":{"public":"BagmnTuAGLbEmhENL6tpf8CwnzzLYUbppDJQbTOtGSof"},"senderMessageKeys":[]},{"senderKeyId":1652430529,"senderChainKey":{"iteration":8,"seed":"kFzzfhecK8nD2mpoQI0ho3+puKhW1eGqY2NtJJzRFkM="},"senderSigningKey":{"public":"BagmnTuAGLbEmhENL6tpf8CwnzzLYUbppDJQbTOtGSof"},"senderMessageKeys":[]},{"senderKeyId":867305347,"senderChainKey":{"iteration":7,"seed":"2ArhTJzGFC8kXe1b11lP3A+dsP7J6gq+NXwFSlWzofU="},"senderSigningKey":{"public":"BegbUtk/SOtPFNwfEyYzd6zzAIN7fjOwHIww+cNwiq0K"},"senderMessageKeys":[]},{"senderKeyId":867305347,"senderChainKey":{"iteration":2,"seed":"/pHnN/kSaJuRdaHBBm7d/UNTO1eUYM2RE9eD9P7RQNw="},"senderSigningKey":{"public":"BegbUtk/SOtPFNwfEyYzd6zzAIN7fjOwHIww+cNwiq0K"}}]