[{"senderKeyId":859417590,"senderChainKey":{"iteration":73,"seed":"toPXcturdXDoK3V/Wtd/yClHRRJ2nTdMrum9aV/N0Pw="},"senderSigningKey":{"public":"BdoaxQc/rOyJm0hhbYT88Ol22G3NniYaLwzt8+cEEPhD"},"senderMessageKeys":[{},{},{},{},{},{},{},{},{},{},{},{},{},{},{},{},{},{},{},{},{},{},{},{},{},{},{},{},{},{},{},{},{},{},{},{}]},{"senderKeyId":859417590,"senderChainKey":{"iteration":15,"seed":"Az6FTZeDhfp9N/+3hp9W/mShjwaEgqkFjwZiJpUfYHI="},"senderSigningKey":{"public":"BdoaxQc/rOyJm0hhbYT88Ol22G3NniYaLwzt8+cEEPhD"},"senderMessageKeys":[]},{"senderKeyId":859417590,"senderChainKey":{"iteration":53,"seed":"gkg0BYfOzH4imLQvDagz0VQB7mx8AvRjKsUu8hdIVnM="},"senderSigningKey":{"public":"BdoaxQc/rOyJm0hhbYT88Ol22G3NniYaLwzt8+cEEPhD"},"senderMessageKeys":[]},{"senderKeyId":859417590,"senderChainKey":{"iteration":57,"seed":"UrJnQtu1dMqF7SoZyzak264kBugaxqNUgwbHvTXmY10="},"senderSigningKey":{"public":"BdoaxQc/rOyJm0hhbYT88Ol22G3NniYaLwzt8+cEEPhD"},"senderMessageKeys":[]}]