[{"senderKeyId":1773221004,"senderChainKey":{"iteration":1,"seed":"s3lej2J1BmxfEHPc3COc7KlmrF1QJZnRuhE5O6x+z2w="},"senderSigningKey":{"public":"Bd3dHvzlrqOtaqPU+I2mxrS+CsP6KIG7/9rlEA9VfcIB"},"senderMessageKeys":[]},{"senderKeyId":1568126766,"senderChainKey":{"iteration":1,"seed":"+xDcKnYvvcqtuXR2p11pQW13RN04DYobAQWF1gVF1Gg="},"senderSigningKey":{"public":"BZBklBlPUC3TSRT6hr2M7c2OwUELbT2EVJxpGqzE2uQo"},"senderMessageKeys":[]},{"senderKeyId":1568126766,"senderChainKey":{"iteration":1,"seed":"+xDcKnYvvcqtuXR2p11pQW13RN04DYobAQWF1gVF1Gg="},"senderSigningKey":{"public":"BZBklBlPUC3TSRT6hr2M7c2OwUELbT2EVJxpGqzE2uQo"},"senderMessageKeys":[]},{"senderKeyId":862024842,"senderChainKey":{"iteration":0,"seed":"aS8QWBkQvq1kPievmi8cm9vKPHElK3zAZ7biq1vZ4b8="},"senderSigningKey":{"public":"BZambfB2DvdsIn0rI79mnB4EmVMjGOdqJYfATT3ZKH80"},"senderMessageKeys":[]},{"senderKeyId":1654452301,"senderChainKey":{"iteration":0,"seed":"SqLZ8I/ikFCQcqjOne3WfOtTv+CfbWNVAwkD3FIYg20="},"senderSigningKey":{"public":"BRHxeRLV3wF/wjwnscNvE9IuMUQO9coVubC3MrBSS4Ip"}}]