[{"senderKeyId":813263080,"senderChainKey":{"iteration":19,"seed":"pZfxSzZmPIPMQAaD4p2EQNohlwcpnPR/5QoieDQl7qw="},"senderSigningKey":{"public":"BcOHjJOZiyVJxsqWUoe/sXS0ErfOSczfVn6rfi094543"},"senderMessageKeys":[]},{"senderKeyId":1258808961,"senderChainKey":{"iteration":20,"seed":"70Rab06tP/4iWpvKCg+jlwo/oTo9mq2JbCIPdnLMX/4="},"senderSigningKey":{"public":"BeRQS/QmWQPm8bFvachyO/TnY96JltSnZl5r/Ek+mulp"},"senderMessageKeys":[]},{"senderKeyId":1123252148,"senderChainKey":{"iteration":0,"seed":"Fcp/xxz6IBV8ASnFvkmWD1mDFgnKpaDPdnyOPEqzW24="},"senderSigningKey":{"public":"BT14j4BHuEFSu8hwT12o2Pb/NxxZtGFOSgz/HYr4QStP"}}]