[{"senderKeyId":1793427221,"senderChainKey":{"iteration":6,"seed":"jPxJbfMIGP99eaU/OIxZZcGesPoJsmE4vupuVdbZU3Y="},"senderSigningKey":{"public":"BXvAxN+hiaINc4WWVYNU19sEDucxj9LvfEZVq/N77qYC"},"senderMessageKeys":[]},{"senderKeyId":480850865,"senderChainKey":{"iteration":31,"seed":"c7d2DKW0Dlh0PfbuH1o3ypt4UV3ov94dJBA6t/yPVeI="},"senderSigningKey":{"public":"BZJROW8TzZ5XlCWrZXm/2xaiuoTdnL9475z2TvUEM1hu"},"senderMessageKeys":[]},{"senderKeyId":1370854482,"senderChainKey":{"iteration":15,"seed":"8etEul9+sTxS/lpVDtQjGWs86ilupPDrqi681N2hf0M="},"senderSigningKey":{"public":"BWTjz56AGBdlwa/8cD2ZTe2tScMbEHnVcneHWJR5Hxog"},"senderMessageKeys":[]},{"senderKeyId":824749956,"senderChainKey":{"iteration":26,"seed":"3NLWYRX76qlZ52uAB2S+NRmqnmrw/K8IynkgIw//K+o="},"senderSigningKey":{"public":"BWyKR56NgmdIhq51Pb/abiEwEesWVnov/3SvZJZh1uxd"},"senderMessageKeys":[]},{"senderKeyId":2145029848,"senderChainKey":{"iteration":30,"seed":"6AeMG9RZZdHbgY69ltasp/ynB8/RZBFcXkihqMC2FYw="},"senderSigningKey":{"public":"BdEirwqySk9h5Q/ueTdKPyVmppPHIX1Q8ncFxvkoeWgn"},"senderMessageKeys":[]}]