[{"senderKeyId":1263406638,"senderChainKey":{"iteration":18,"seed":"BKOlTMKdBVo0yO8YknOvuezojxJM258QId56aW9oaTk="},"senderSigningKey":{"public":"BTmU/n02eRSNOCThskU9Nimwtlc49rr9rgUf14qQ3Btw"},"senderMessageKeys":[]},{"senderKeyId":1289528334,"senderChainKey":{"iteration":7,"seed":"x4Sm2cGHPE2Sa7J55Kj19LRlu2+xbfDsp8DQQnXN+uM="},"senderSigningKey":{"public":"BcpApMGSJX5HcymO/ogo0CbvmLJgfkOodpJq9vbSlKwH"},"senderMessageKeys":[]},{"senderKeyId":168233232,"senderChainKey":{"iteration":14,"seed":"4B0WKhI5SqNiwQ9Et3rhoKbicXm/lE7FwvUnjEsl/EA="},"senderSigningKey":{"public":"BUkTMRp7Yp+1au5OqVlIhOhVBFleCIBJsf2dKLX2h0Vx"},"senderMessageKeys":[]},{"senderKeyId":1264061027,"senderChainKey":{"iteration":0,"seed":"sssqfaso+oGDVfNyh6lPyFRaFgfncXJfW9YA/PHjfpQ="},"senderSigningKey":{"public":"BcNckhVeC9/KztF3nbyBqbc0ZWYTLqYsXi+LvSCNxSd0"},"senderMessageKeys":[]},{"senderKeyId":540767420,"senderChainKey":{"iteration":1,"seed":"C1vkLaBk3pNyd+PFZ2vribyJtRWFzopptv/cRo+FnOs="},"senderSigningKey":{"public":"BTlJtrTrt7Vv+sPy0+TKPRU9/v2+7ApJJ9RGnGZex9E+"}}]