[{"senderKeyId":958172037,"senderChainKey":{"iteration":12,"seed":"mxCnN8boSkdXQmIXD+3yGNwQ03MDHNNzilnJqd3viHU="},"senderSigningKey":{"public":"BV7JFGqtG8sgcUk8mQQtRH0jg+riSlBTzdXwS3FctTYB"},"senderMessageKeys":[]},{"senderKeyId":958172037,"senderChainKey":{"iteration":12,"seed":"mxCnN8boSkdXQmIXD+3yGNwQ03MDHNNzilnJqd3viHU="},"senderSigningKey":{"public":"BV7JFGqtG8sgcUk8mQQtRH0jg+riSlBTzdXwS3FctTYB"},"senderMessageKeys":[]},{"senderKeyId":768793591,"senderChainKey":{"iteration":188,"seed":"Y0DqLqAWqUA7S0jYlap1g33X1tXOP4u6gvh8kHG+3xM="},"senderSigningKey":{"public":"BVnWzs06B6+cA3H199MAFl9oR/xLciP5U2YY0NmePwoG"},"senderMessageKeys":[]},{"senderKeyId":1797481568,"senderChainKey":{"iteration":150,"seed":"SPxfclqTaOHf/83WiiKaUmxs26PzuVIJftCBt4/zhpw="},"senderSigningKey":{"public":"Bf/diEKrfx5WcbAtP9twjE5nDhU57o8lbzD11hpoHFUq"},"senderMessageKeys":[]},{"senderKeyId":199406681,"senderChainKey":{"iteration":4,"seed":"ivQ+B+G1oLS+QHfmP+gnO3jYlTGtwnhGsBx/nDbfXDE="},"senderSigningKey":{"public":"BfsJoORqMA1hkpY6QLcdMy0ysJ1e29qpAyJkBHJFBn5G"},"senderMessageKeys":[]}]