[{"senderKeyId":859417590,"senderChainKey":{"iteration":239,"seed":"MSNk1Aj04Pkd3xzDD2OhUl6ZtIfQtVkh694dkpwW1ms="},"senderSigningKey":{"public":"BdoaxQc/rOyJm0hhbYT88Ol22G3NniYaLwzt8+cEEPhD"},"senderMessageKeys":[{"iteration":161,"seed":"gzekwDR9/K/3Ijdw0Y/m+nwrJS5co6gWofAe8/5GNx4="},{"iteration":163,"seed":"KZ0KJ25l4DXK+37M1W7vrzTiozb7VvXMk1Pwy3QOXYo="},{},{},{},{},{},{},{},{},{},{},{},{},{},{},{},{},{},{},{},{},{},{},{},{},{},{},{},{},{},{},{},{},{},{},{},{},{}]},{"senderKeyId":859417590,"senderChainKey":{"iteration":163,"seed":"8rzwk8mYgcs0Jd35KetPWrn+RpSO6STpKRz0dGrrEoc="},"senderSigningKey":{"public":"BdoaxQc/rOyJm0hhbYT88Ol22G3NniYaLwzt8+cEEPhD"},"senderMessageKeys":[]},{"senderKeyId":859417590,"senderChainKey":{"iteration":175,"seed":"cT9nS++lDN2KWy4wnjWyOe4EouAkrEI/bO1qi2C4Mtk="},"senderSigningKey":{"public":"BdoaxQc/rOyJm0hhbYT88Ol22G3NniYaLwzt8+cEEPhD"},"senderMessageKeys":[]}]