[{"senderKeyId":439159526,"senderChainKey":{"iteration":0,"seed":"l4J9sGm8NdKCI00jRGkyCDfFr/lGj84P82iNNDzvmuk="},"senderSigningKey":{"public":"BQO7mbzjhbPdogC02fslZCAVtr3VnBAzMEF9Ery/afla"},"senderMessageKeys":[]},{"senderKeyId":1771439022,"senderChainKey":{"iteration":4,"seed":"R6NVkBb1CRBzGQN48sDJ0sVB/oErQa/9BDDYWJVxWFY="},"senderSigningKey":{"public":"BeM9oG8wKLmuHTTrZmGSB+AK0FEsraQHmdzUeVO1rQ90"},"senderMessageKeys":[]},{"senderKeyId":1490912527,"senderChainKey":{"iteration":0,"seed":"0yyp/9CmXcjkbfP2oKY9g3ia2yLm5brkCI0MBzaWaTY="},"senderSigningKey":{"public":"BRi5S8Q3AZmI0tpuvQarotdpT478vMblaLqH4Kt4T7E9"},"senderMessageKeys":[]},{"senderKeyId":1821867602,"senderChainKey":{"iteration":0,"seed":"a5PVcRVMrlFMxY48m03/shf9ekEzV0K85rhx8lGJjLg="},"senderSigningKey":{"public":"BZXkBwoAmhj9+V0Xv3xVRIB26NAINy8uhcf6aXgdXW05"}}]