[{"senderKeyId":2116639872,"senderChainKey":{"iteration":41,"seed":"iq57uY9jvkFaKpykpFDYhQRtjH22waODYteWr5fX4KU="},"senderSigningKey":{"public":"BUbOvWxN534MkSmlzgCeNwtIOZI4YLRPHRXBcpZ3K2kc"},"senderMessageKeys":[{"iteration":11,"seed":"PO1go26nPP2vLI8e65aab90ZP1qYrsrJROczcqQFQkE="},{},{},{},{},{},{},{},{},{},{},{},{},{},{}]},{"senderKeyId":2116639872,"senderChainKey":{"iteration":13,"seed":"g5RrIpKPygk6xLxziKEBvee1kMkN97DWftjwGak2FkM="},"senderSigningKey":{"public":"BUbOvWxN534MkSmlzgCeNwtIOZI4YLRPHRXBcpZ3K2kc"}},{"senderKeyId":2116639872,"senderChainKey":{"iteration":15,"seed":"3aovrahaNk+UiDCMtUxvttcgNX+ZIrvvPn0nSpu5ghY="},"senderSigningKey":{"public":"BUbOvWxN534MkSmlzgCeNwtIOZI4YLRPHRXBcpZ3K2kc"}},{"senderKeyId":2116639872,"senderChainKey":{"iteration":17,"seed":"10pjqlU0xDSHor6hn9wRqHgnDv8xV35xIzSah9/l3tQ="},"senderSigningKey":{"public":"BUbOvWxN534MkSmlzgCeNwtIOZI4YLRPHRXBcpZ3K2kc"}}]