[{"senderKeyId":1879791313,"senderChainKey":{"iteration":0,"seed":"MCtMGr29wSikDFQzO0j7tWBBHy/pkcBHV9ga5IKNG4Y="},"senderSigningKey":{"public":"BVctPPiCSiTzc+CMVDuhnMYifuAl8xJXUW5r8E4SxH9s"},"senderMessageKeys":[]},{"senderKeyId":1365295742,"senderChainKey":{"iteration":0,"seed":"60u7uB72yWz7kFn2Ee0TBoRGaJK/aVKFXk1ZWEguYz8="},"senderSigningKey":{"public":"BXyz2c05AxMeSFSxMNDe+TPa+/qSuOpVkp5klqyxz8w3"},"senderMessageKeys":[]},{"senderKeyId":1904933732,"senderChainKey":{"iteration":0,"seed":"6ZmH3uwE8sU6oPWupU3yatOroNk76WQenh/cDhmHriw="},"senderSigningKey":{"public":"BQClMNlSVcsDnm3Csd0JJSG54wdFvFM4sF50xU0SYR9Q"}}]