[{"senderKeyId":255822715,"senderChainKey":{"iteration":3,"seed":"89LEMSXO4iE1KjqPizC1e6PbwlefAKrXDMbJZV8UDRs="},"senderSigningKey":{"public":"Be0dYAp79K72YeX4ZrqkvnhRcNmc/t4KVrVbaM1WVwsv"},"senderMessageKeys":[]},{"senderKeyId":255822715,"senderChainKey":{"iteration":1,"seed":"i8eDBoifqKx00fblhbDDYKhO/CS7hpRR8XqLcqcfzxc="},"senderSigningKey":{"public":"Be0dYAp79K72YeX4ZrqkvnhRcNmc/t4KVrVbaM1WVwsv"},"senderMessageKeys":[]},{"senderKeyId":63130635,"senderChainKey":{"iteration":1,"seed":"4PStg36j+Aan49fZRzf4W3oIhpn4fKrPqilMtGC8yIE="},"senderSigningKey":{"public":"Bd/yrO1JVfpJBsKWnbFoGKYSpiKdIgHyQ+XiTciEtQtR"}}]