[{"senderKeyId":1876182051,"senderChainKey":{"iteration":58,"seed":"2KAMvM+qpT8JS5Dnge3h2gOKd4I6rOENl6phTX7jFHw="},"senderSigningKey":{"public":"Bb2RKFFUBqqscHOLzIiUm1KwmlqUQS7W9T5LhJAVLT8k"},"senderMessageKeys":[]},{"senderKeyId":1955043212,"senderChainKey":{"iteration":20,"seed":"GBM7v+auAXhckiJYVttyFtT60MyH31mBXhrkvpFherI="},"senderSigningKey":{"public":"BQWkGMzgT8Qt5YBlJQDKI2slyfFtNlt98hqANWIwmBwv"},"senderMessageKeys":[]},{"senderKeyId":1955043212,"senderChainKey":{"iteration":13,"seed":"9Hw93ASgNCUnxOf0xqVqHd+tec9jqN/2qsYra2nT9y8="},"senderSigningKey":{"public":"BQWkGMzgT8Qt5YBlJQDKI2slyfFtNlt98hqANWIwmBwv"},"senderMessageKeys":[]}]