[{"senderKeyId":806141701,"senderChainKey":{"iteration":363,"seed":"Yhfslk4yF/f0WCyOf3JB5au1o3q3ef6oXm8rrHJ8Z/0="},"senderSigningKey":{"public":"BSHebq1u7q+zlqd+g/1BNbglTqGlc9DmByag6oI2ltUw"},"senderMessageKeys":[{},{},{},{},{},{},{},{},{},{},{},{},{},{},{},{},{},{},{},{},{},{},{},{},{},{},{},{},{},{},{},{},{},{},{},{},{},{},{},{},{},{},{},{},{},{},{},{},{},{},{},{},{},{},{},{},{},{},{},{},{},{},{},{},{},{},{},{},{},{},{},{},{},{},{},{},{},{},{},{},{},{},{},{},{},{},{},{},{},{},{},{},{},{},{},{},{},{},{},{},{},{},{},{},{},{},{},{},{},{},{},{},{},{},{},{},{},{},{},{},{},{},{},{},{},{},{}]},{"senderKeyId":806141701,"senderChainKey":{"iteration":279,"seed":"XnLkv7se8GHupZk3KXXaeWM5gazK83jcBH0ogA5zfXs="},"senderSigningKey":{"public":"BSHebq1u7q+zlqd+g/1BNbglTqGlc9DmByag6oI2ltUw"},"senderMessageKeys":[]},{"senderKeyId":806141701,"senderChainKey":{"iteration":307,"seed":"CmYYnawjYOivsKQ0T9n6Ib1DeP1iTSI2T1WHX8tBY2A="},"senderSigningKey":{"public":"BSHebq1u7q+zlqd+g/1BNbglTqGlc9DmByag6oI2ltUw"},"senderMessageKeys":[]},{"senderKeyId":806141701,"senderChainKey":{"iteration":319,"seed":"oyGp82nR0GhEkfhr/7xjPUzrB9dm8LNMVMguyCgLTEc="},"senderSigningKey":{"public":"BSHebq1u7q+zlqd+g/1BNbglTqGlc9DmByag6oI2ltUw"},"senderMessageKeys":[]},{"senderKeyId":806141701,"senderChainKey":{"iteration":361,"seed":"VNXU2fkoyWLp4TK52OgtPWeEDqElIetaYu0CWfeC5zM="},"senderSigningKey":{"public":"BSHebq1u7q+zlqd+g/1BNbglTqGlc9DmByag6oI2ltUw"}}]