[{"senderKeyId":379125662,"senderChainKey":{"iteration":5,"seed":"/+KKu7nhlPKxuvoQbttUsue95LoLB1W3foYNq+xFBno="},"senderSigningKey":{"public":"BW0X8Og245WMcGQFyO+OFnyf1LIt3Ond5JCEotRmrvdS"},"senderMessageKeys":[]},{"senderKeyId":379125662,"senderChainKey":{"iteration":3,"seed":"HwJnzBmyMzp+qyj+y3luki+EgUWtd0m7oDxrOVaY6aA="},"senderSigningKey":{"public":"BW0X8Og245WMcGQFyO+OFnyf1LIt3Ond5JCEotRmrvdS"},"senderMessageKeys":[]},{"senderKeyId":761589371,"senderChainKey":{"iteration":2,"seed":"tK1/rBH/y3St9GholkWarOD8vSUBL4ULaKCdWQleEU8="},"senderSigningKey":{"public":"BdlLgq8LHTNwtrxPwWBpfXG05qVKRY3D3/GgbU6HQbAR"}}]