[{"senderKeyId":71277599,"senderChainKey":{"iteration":115,"seed":"mOmLFH7+/pmAHaghE6VJ2tQA5iKsT2Qq5N2SdVbSJ1A="},"senderSigningKey":{"public":"BWsKcSBzgrhuDPwmb6Q+j4bjjKAA9ytHOCgR8CjPfb4v"},"senderMessageKeys":[{},{},{},{},{},{},{},{},{},{},{},{},{},{},{},{},{},{},{},{},{},{},{},{},{},{},{},{},{},{},{},{},{},{},{},{},{},{},{}]},{"senderKeyId":71277599,"senderChainKey":{"iteration":83,"seed":"tygkO0Nmsx7CexM0ZKzO0lOI/M4TfV8/mYpOb88uL+s="},"senderSigningKey":{"public":"BWsKcSBzgrhuDPwmb6Q+j4bjjKAA9ytHOCgR8CjPfb4v"},"senderMessageKeys":[]},{"senderKeyId":71277599,"senderChainKey":{"iteration":83,"seed":"tygkO0Nmsx7CexM0ZKzO0lOI/M4TfV8/mYpOb88uL+s="},"senderSigningKey":{"public":"BWsKcSBzgrhuDPwmb6Q+j4bjjKAA9ytHOCgR8CjPfb4v"},"senderMessageKeys":[]},{"senderKeyId":71277599,"senderChainKey":{"iteration":93,"seed":"ZXJgboafQvlR/3bii6psgbx2PDnnyN+lL1/v+0yIeDU="},"senderSigningKey":{"public":"BWsKcSBzgrhuDPwmb6Q+j4bjjKAA9ytHOCgR8CjPfb4v"},"senderMessageKeys":[]},{"senderKeyId":71277599,"senderChainKey":{"iteration":113,"seed":"7xeCa9x9HbMpTk7x7nhGDQS65qQyAgp+QQiGljzKtas="},"senderSigningKey":{"public":"BWsKcSBzgrhuDPwmb6Q+j4bjjKAA9ytHOCgR8CjPfb4v"}}]