[{"senderKeyId":1797104887,"senderChainKey":{"iteration":37,"seed":"O6eiooIZgDmE4z3x2PWITWFXjKquxAU6SB85n0c5hDo="},"senderSigningKey":{"public":"BUvN2casgoANNCYacac32uIoadRybLXzHXkXXjb82xBs"},"senderMessageKeys":[{}]},{"senderKeyId":1797104887,"senderChainKey":{"iteration":26,"seed":"4wZ3JGZWqN+aIj/bVOYOO9BsziS4yJdu/BWYRIQ9gAo="},"senderSigningKey":{"public":"BUvN2casgoANNCYacac32uIoadRybLXzHXkXXjb82xBs"},"senderMessageKeys":[]},{"senderKeyId":1797104887,"senderChainKey":{"iteration":34,"seed":"sxN9ouSdd/BpE2D/xLYuk93rXDJmGfBfnpCiLSCwcr4="},"senderSigningKey":{"public":"BUvN2casgoANNCYacac32uIoadRybLXzHXkXXjb82xBs"},"senderMessageKeys":[]},{"senderKeyId":2019581436,"senderChainKey":{"iteration":5,"seed":"u7PdEdoiR4Y5ZA6rAsUbv29hnKmzVGkKrqCV5leVUVw="},"senderSigningKey":{"public":"BSaz9kkgRmYClYyj+OLyrkJNkcVIsHgzvlWSYGB0DNgD"},"senderMessageKeys":[]},{"senderKeyId":594255052,"senderChainKey":{"iteration":2,"seed":"uk4Q5XPGmw53HCk5gw7q/8rOjMuuPH44fs/TzRMtXTQ="},"senderSigningKey":{"public":"BYqJxXUbp0rrCKkNm3olXymK2R8wJ28Pkr2Iw1MaF5Bt"},"senderMessageKeys":[]}]