[{"senderKeyId":40249170,"senderChainKey":{"iteration":6,"seed":"5vheOzHVxyeWiHyo5ScxJz5nLrOpbhYjTspzINKjczg="},"senderSigningKey":{"public":"BXKm8pUtPUXsZt/Mr16zZpxkFiS72LPM41WoOel0Qhgn"},"senderMessageKeys":[]},{"senderKeyId":395483833,"senderChainKey":{"iteration":0,"seed":"lvDNluk7sU5rAfzdBnMNJFgpUgyjwPZ9lacg1yxGNrY="},"senderSigningKey":{"public":"Bcp5OmvGT8CloDsqybf1JOwTHhvMo1gh1VTBlJFx6YEV"},"senderMessageKeys":[]},{"senderKeyId":167998674,"senderChainKey":{"iteration":0,"seed":"5jdc4iKkTW2Xl6I2eS3gS9umJ3/mZCxJhM+8BxKXHgk="},"senderSigningKey":{"public":"BUJH7/Fp4REzH2jHgs1WRyxE80kWSXQOZbDkW6Y6do08"}}]