[{"senderKeyId":1031119207,"senderChainKey":{"iteration":7,"seed":"IpqeVS6hUTFyIhWQCcYdtIgOWRFYOjHoEdAwxeu0liA="},"senderSigningKey":{"public":"BUraCfccfougkw5Voby3rnmFJOTDSm1hyyZadx52Z3EB"},"senderMessageKeys":[]},{"senderKeyId":998544432,"senderChainKey":{"iteration":5,"seed":"tIDqHpBEroyfXB7wm8jpUFLs/d9H5qNrWMU7y2nTe5o="},"senderSigningKey":{"public":"BTHTjRApOXq+UKvhI+a09KObc4Qs/tWoyFgBrHKkOHIP"},"senderMessageKeys":[]},{"senderKeyId":308455913,"senderChainKey":{"iteration":0,"seed":"uH1+4GDzf8VLXd4hegFP6W3SzCRQz5m5W7HjwPDD4WI="},"senderSigningKey":{"public":"BcGzl6Pay5DgrmI544cls/UlYIc1XQAwRTwHxouE4Uto"},"senderMessageKeys":[]},{"senderKeyId":613844437,"senderChainKey":{"iteration":0,"seed":"QuYRCR9T9Yrvi+RQ0jtoK3LpT4SWHQmiRTBNtYrOUy4="},"senderSigningKey":{"public":"BWdLYNvvhqhBo5/qx24XHJybsK4KQR4GN5G/hS03+VJr"}}]