[{"senderKeyId":973458411,"senderChainKey":{"iteration":87,"seed":"LKR+RYcJDZseY2zrf57ixrLFTMeDf61SrIN5sWcqWpk="},"senderSigningKey":{"public":"Bdk9Xzu+oHEu8hwDZpda7dHtjabSImP6Jp6m7bAITZ4o"},"senderMessageKeys":[]},{"senderKeyId":1084649722,"senderChainKey":{"iteration":4,"seed":"0cS1iRx5vUe1nTKHwjHU1OhGK/5TfBChVeoolOep7jM="},"senderSigningKey":{"public":"BRVNQbwwG9tAsufknWFzw0RNDYTWh/rtr5gstjVKrpBX"},"senderMessageKeys":[]},{"senderKeyId":933280750,"senderChainKey":{"iteration":24,"seed":"fAQi2GpbJaAWErXGkviIc72SmlKyUEMHh8yUJVh7DsM="},"senderSigningKey":{"public":"BVIo+G8tUSfqFHNZtWUNmuPjhbslAQ9+PCML8+3wZotd"}}]