[{"senderKeyId":409388172,"senderChainKey":{"iteration":33,"seed":"rwkRRfB9M0Miohh1u//EIH2uQUHLV9MeYn/WDVLrLtg="},"senderSigningKey":{"public":"BYL6/p+dxD2y5FhXHYrd5eESQaOn7o3LjYqmfRUZlE48"},"senderMessageKeys":[{"iteration":1,"seed":"yDkEQ9tRK46fzra8IMSTzELXmvm8ZemZMxLRiVCKs2k="},{"iteration":3,"seed":"QdhGVa7cgPrtKoMXy+nZsPNCaFfdBmDFm7Rs7CXh1S8="},{"iteration":5,"seed":"FM4zscc0oD7DNvd5HMLAoClqv2AmJ4PCBA9pksDciMk="},{"iteration":7,"seed":"eFb535kucOYMSZU0eMYq8c40uC2zgFOlwVY8w5OX2Oc="},{},{},{},{},{},{},{},{},{},{},{},{}]}]