[{"senderKeyId":87239601,"senderChainKey":{"iteration":2,"seed":"X+klkEKfW12UdhOO6rDrgPFyDcpHjHIqSTD6jVckilg="},"senderSigningKey":{"public":"BXJVsvMxW8MHTlnxhbfX6UAnTdeFyPKzalyjXQRH/upB"},"senderMessageKeys":[]},{"senderKeyId":844506667,"senderChainKey":{"iteration":39,"seed":"Hc0pha01FQZWTw6ejffQlwVLuqhDzl1u2zrz0fnkY7M="},"senderSigningKey":{"public":"Bc8qyD001g8LxrEL2st7mwz0eXA66VTS1a7My8uPGkl/"},"senderMessageKeys":[]},{"senderKeyId":1157894915,"senderChainKey":{"iteration":1,"seed":"Piu+mCgxLAaq3QljOwOU95/603TItj2T2jHd592nBes="},"senderSigningKey":{"public":"BUDunKiqzwSZt3rdTwRCgiNA0RgaVXONgrvKE9Y2z90r"}}]