[{"senderKeyId":188293620,"senderChainKey":{"iteration":37,"seed":"JybBsGAgmeaPnYvyDDAL/di7A40T5beZAfzJo22+Kog="},"senderSigningKey":{"public":"BdEuKw0ZsVwptU1RielwwNGPLGMuIYWFioG8ucsmshde"},"senderMessageKeys":[{"iteration":18,"seed":"F20siSsxMsYBYDLbJTfHvaWHnRKZBkWzRQr80B5wcis="},{}]},{"senderKeyId":1392870283,"senderChainKey":{"iteration":1,"seed":"PngwIE05GkoEqeuOCex++9MVrdqAsQW4xBWcRzXsZMw="},"senderSigningKey":{"public":"BWC6ZpirNlJRdcK193SslwULdQKi5LPD/OB7bdfVdxok"},"senderMessageKeys":[]},{"senderKeyId":878198038,"senderChainKey":{"iteration":17,"seed":"vu3Vbp47zicoSBEmfWNse8t+0jrGrWomMsvUS1jOiZo="},"senderSigningKey":{"public":"BSPvw9f2xKMW8h772TSkIqgwWoHqyPbHJBUCjLXzwsIR"},"senderMessageKeys":[]}]