[{"senderKeyId":1549430136,"senderChainKey":{"iteration":251,"seed":"SYjedDTm/G4HTegHC2Fh9ruj9RkDrHUF33zTUJXJ3mA="},"senderSigningKey":{"public":"BTvcT8A5sjatuSgIdr+vqsxuSfE6kEcGvYT2ZqyCbCZj"},"senderMessageKeys":[{},{},{},{},{},{},{},{},{},{},{},{},{},{},{},{},{},{},{},{},{},{},{},{},{},{},{},{},{},{},{},{},{},{},{},{},{},{},{},{},{},{},{},{},{},{},{},{},{},{},{},{},{},{},{},{},{},{},{},{},{},{},{},{},{},{},{},{},{},{},{},{},{},{},{},{},{},{},{},{},{},{},{},{},{},{},{},{},{},{},{},{},{},{},{},{},{},{},{},{},{},{},{},{},{},{},{},{},{},{},{},{},{},{},{},{},{},{},{},{},{},{},{},{},{},{},{},{},{},{},{},{},{},{},{},{},{},{},{},{},{},{},{},{},{},{},{},{},{},{},{},{},{},{},{},{},{},{},{},{},{},{}]},{"senderKeyId":1549430136,"senderChainKey":{"iteration":83,"seed":"8XBPZvXUXl1kHm+pFYuGwwjUri3XJ9w/TABBc01ekec="},"senderSigningKey":{"public":"BTvcT8A5sjatuSgIdr+vqsxuSfE6kEcGvYT2ZqyCbCZj"},"senderMessageKeys":[]},{"senderKeyId":1549430136,"senderChainKey":{"iteration":89,"seed":"Z0frBjacXgsMmHWL3GvUU1rIN1GdSP6qhqdySTY+cq4="},"senderSigningKey":{"public":"BTvcT8A5sjatuSgIdr+vqsxuSfE6kEcGvYT2ZqyCbCZj"},"senderMessageKeys":[]},{"senderKeyId":1549430136,"senderChainKey":{"iteration":95,"seed":"YvoZzrplhzBjrRE6WJyil6u2T8cU3FDg6FiqZZQD//w="},"senderSigningKey":{"public":"BTvcT8A5sjatuSgIdr+vqsxuSfE6kEcGvYT2ZqyCbCZj"},"senderMessageKeys":[]},{"senderKeyId":1549430136,"senderChainKey":{"iteration":109,"seed":"cemNGGPhF9TPmEF7YSdzBBFtOv9GsCc9vSdzxcxM0Wc="},"senderSigningKey":{"public":"BTvcT8A5sjatuSgIdr+vqsxuSfE6kEcGvYT2ZqyCbCZj"},"senderMessageKeys":[]}]