[{"senderKeyId":1635658277,"senderChainKey":{"iteration":1435,"seed":"Pg++u8SmiYmhmGda0I9PAtu2Bs+E0TgphODAgCiMZnQ="},"senderSigningKey":{"public":"BZJTXcNTSoa3tPoLreAD/Da44eTk1ClG0D/tcJj6u/Zt","private":"ANzORrx7AHPpg9MvYlNj08ayByo9twKrbcOtVgTAlV0="},"senderMessageKeys":[{"iteration":1,"seed":"exGy3ZAIwfsBGqSAA+7t7+pt2joYYcRU/IiqFCWC63I="},{"iteration":3,"seed":"mnK2EPpDzVOzsrFJciz3C600twkBnWrVz86IlbaQQFA="},{"iteration":5,"seed":"tBlqq2aBi0Qk1cVmc6gsE54TtGxOWorlyANbEJEW5yY="},{"iteration":7,"seed":"CEcgiSDPLRWZk9NzAVlJEadRwINBDGua7LVp5bJzb8o="},{"iteration":9,"seed":"1F8z/1eGcbjO3yfqQPbOVgnRaXZfdZF0/iBPso/xb5s="},{"iteration":11,"seed":"/PXB5FcIIyLzG+D1DG1QHil2LopJ2xvbSNeb0vmyRLQ="},{"iteration":13,"seed":"VnR/KYpcfF6V9vZ5GO7LSwkOpcSXkjNPfoPlHNCDk0U="},{"iteration":15,"seed":"KvaESSDGTfoZJyKpYGOQD3yNtGGXzOF0Jd5GDxl6RwQ="},{"iteration":17,"seed":"ykWKIhEuqY4afgCiOZCqRFXSK37AbRKvs5OnwUx3djQ="},{"iteration":19,"seed":"DtatX/61GKGV5In6Ibduv9XEMJGeef/yeWWLPn0XSE8="},{"iteration":21,"seed":"X08jkjcnAuT4Tsqrhh2hszQYNMtPyDOBO+q5KtoxoO0="},{"iteration":23,"seed":"0hsyTku4uppfXUPl92lgDpff4IK/LvUjCtd6ZTSq+1g="},{"iteration":25,"seed":"pqZSSala5WvFcbjoC0kow6/LUv0wm5hBLfTQu4jbU5M="},{"iteration":27,"seed":"jPCm5bKg+gWUD8PjvmvFgmSDeNIEqMGMEzGwdFyPjps="},{"iteration":29,"seed":"+tMOI0OWkrlAUdLekqIgdcYe28XaeCRcGHaEe/tr2QY="},{"iteration":31,"seed":"sRrtWH3mjsC4jFEk88910NgpwZe2pCy9J22pOy+rm/k="},{"iteration":33,"seed":"SGVolvbdXN/klP+QSI3IbZYapMQ2OEaeUioQLASF7T8="},{"iteration":35,"seed":"kPssC4EL+SY+1yZiubyZFfptoqsn4dzjCyZppo5/Oig="},{"iteration":37,"seed":"deq1t13CObP/lUw3uYsb2H0Mkw2yT9EMBYUoYMcSWf4="},{},{},{},{},{},{},{},{},{},{},{},{},{},{},{},{},{},{},{},{},{},{},{},{},{},{},{},{},{},{},{},{},{},{},{},{},{},{},{},{},{},{},{},{},{},{},{},{},{},{},{},{},{},{},{},{},{},{},{},{},{},{},{},{},{},{},{},{},{},{},{},{},{},{},{},{},{},{},{},{},{},{},{},{},{},{},{},{},{},{},{},{},{},{},{},{},{},{},{},{},{},{},{},{},{},{},{},{},{},{},{},{},{},{},{},{},{},{},{},{},{},{},{},{},{},{},{},{},{},{},{},{},{},{},{},{},{},{},{},{},{},{},{},{},{},{},{},{},{},{},{},{},{},{},{},{},{},{},{},{},{},{},{},{},{},{},{},{},{},{},{},{},{},{},{},{},{},{},{},{},{},{},{},{},{},{},{},{},{},{},{},{},{},{},{},{},{},{},{},{},{},{},{},{},{},{},{},{},{},{},{},{},{},{},{},{},{},{},{},{},{},{},{},{},{},{},{},{},{},{},{},{},{},{},{},{},{},{},{},{},{},{},{},{},{},{},{},{},{},{},{},{},{},{},{},{},{},{},{},{},{},{},{},{},{},{},{},{},{},{},{},{},{},{},{},{},{},{},{},{},{},{},{},{},{},{},{},{},{},{},{},{},{},{},{},{},{},{},{},{},{},{},{},{},{},{},{},{},{},{},{},{},{},{},{},{},{},{},{},{},{},{},{},{},{},{},{},{},{},{},{},{},{},{},{},{},{},{},{},{},{},{},{},{},{},{},{},{},{},{},{},{},{},{},{},{},{},{},{},{},{},{},{},{},{},{},{},{},{},{},{},{},{},{},{},{},{},{},{},{},{},{},{},{},{},{},{},{},{},{},{},{},{},{},{},{},{},{},{},{},{},{},{},{},{},{},{},{},{},{},{},{},{},{},{},{},{},{},{},{},{},{},{},{},{},{},{},{},{},{},{},{},{},{},{},{},{},{},{},{},{},{},{},{},{},{},{},{},{},{},{},{},{},{},{},{},{},{},{},{},{},{},{},{},{},{},{},{},{},{},{},{},{},{},{},{},{},{},{},{},{},{},{},{},{},{},{},{},{},{},{},{},{},{},{},{},{},{},{},{},{},{},{},{},{},{},{},{},{},{},{},{},{},{},{},{},{},{},{},{},{},{},{},{},{},{},{},{},{},{},{},{},{},{},{},{},{},{},{},{},{},{},{},{},{},{},{},{},{},{},{},{},{},{},{},{},{},{},{},{},{},{},{},{},{},{},{},{},{},{},{},{},{},{},{},{},{},{},{},{},{},{},{},{},{},{},{},{},{},{},{},{},{},{},{},{},{},{},{},{},{},{},{},{},{},{},{},{},{},{},{},{},{},{},{},{},{},{},{},{},{},{},{},{},{},{},{},{},{},{},{},{},{},{},{},{},{},{},{},{},{},{},{},{},{},{},{},{},{},{},{},{},{},{},{},{},{},{},{},{},{},{},{},{},{},{},{},{},{},{},{},{},{},{},{},{},{},{},{},{},{},{},{},{},{},{},{},{},{},{},{},{},{},{},{},{},{},{}]}]