[{"senderKeyId":886940717,"senderChainKey":{"iteration":187,"seed":"B4DPobWB6MC881TdpjFE3ZvPeveadVEKFD5FVyiqrQw="},"senderSigningKey":{"public":"BYmRP+OgQCOD9UWuuq4+Kp7M0Tr0pEV998XNpDH0WfA5"},"senderMessageKeys":[{"iteration":1,"seed":"5kB+43O1udWhBmAdsQ4ya/QxBCg1ueic/X6Q57pap3w="},{"iteration":3,"seed":"2pfawRRjot+jWvKYRHLrXCMASfOV6saM1xhmsIR6TLA="},{},{},{},{},{},{},{},{},{},{},{},{},{},{},{},{},{},{},{},{},{},{},{},{},{},{},{},{},{},{},{},{},{},{},{},{},{},{},{},{},{},{},{},{},{},{},{},{},{},{},{},{},{},{},{},{},{},{},{},{},{},{},{},{},{},{},{},{},{},{},{},{},{},{},{},{},{},{},{},{},{},{},{},{},{},{},{},{},{},{},{},{},{},{},{},{},{},{},{},{},{},{},{},{},{},{},{},{},{},{},{},{},{},{},{},{},{},{},{},{},{},{},{},{},{},{},{},{},{},{},{},{},{},{},{},{},{},{},{},{},{},{},{},{},{},{},{},{},{},{},{},{},{},{}]},{"senderKeyId":886940717,"senderChainKey":{"iteration":19,"seed":"96pSo0JtiCCNxpA6VECWpxNXAjHGfvTk4IlvK3rvTRc="},"senderSigningKey":{"public":"BYmRP+OgQCOD9UWuuq4+Kp7M0Tr0pEV998XNpDH0WfA5"},"senderMessageKeys":[]}]