[{"senderKeyId":562007215,"senderChainKey":{"iteration":289,"seed":"jnOg3Rl42KeL/ALQZRVTy3pOLg0KYiV6wlBocwGtmu4="},"senderSigningKey":{"public":"BeQr3+yTekawspOksV+qsPk5wo+IQWMvngyXIZQ6OZ0D"},"senderMessageKeys":[{},{},{},{},{},{},{},{},{},{},{},{},{},{},{},{},{},{},{},{},{},{},{},{},{},{},{},{},{},{},{},{},{},{},{},{},{},{},{},{},{},{},{},{},{},{},{},{},{},{},{},{}]},{"senderKeyId":562007215,"senderChainKey":{"iteration":255,"seed":"dIbF9uFeXPtwvND0uuq+XoOqLmkEF+Nn3S0tCx8Icb8="},"senderSigningKey":{"public":"BeQr3+yTekawspOksV+qsPk5wo+IQWMvngyXIZQ6OZ0D"},"senderMessageKeys":[]},{"senderKeyId":562007215,"senderChainKey":{"iteration":257,"seed":"ycmXTlS+O0d8+WrjCa6utSAwB4Xfg00Joqlr4OmcEGI="},"senderSigningKey":{"public":"BeQr3+yTekawspOksV+qsPk5wo+IQWMvngyXIZQ6OZ0D"},"senderMessageKeys":[]},{"senderKeyId":562007215,"senderChainKey":{"iteration":261,"seed":"KbbC44L3zWULp76hdjqZ/D4Ybf3BIpk1nt7C0dkCkBQ="},"senderSigningKey":{"public":"BeQr3+yTekawspOksV+qsPk5wo+IQWMvngyXIZQ6OZ0D"},"senderMessageKeys":[]},{"senderKeyId":562007215,"senderChainKey":{"iteration":281,"seed":"CAw+3p6VfZuebBpnjHfgtH9oEDl+VEGn/PWZ6Uwo7kQ="},"senderSigningKey":{"public":"BeQr3+yTekawspOksV+qsPk5wo+IQWMvngyXIZQ6OZ0D"},"senderMessageKeys":[]}]