[{"senderKeyId":1660457668,"senderChainKey":{"iteration":4,"seed":"Lsi9CNHbGxOw+IxDQSp4oEZZImm7t32UPKg2IYwyVx0="},"senderSigningKey":{"public":"Bau5akhpy78iebYMIfJvHkpgGdr+R1rTpX4aih8INl9T"},"senderMessageKeys":[]},{"senderKeyId":1149512259,"senderChainKey":{"iteration":15,"seed":"+XLXpynQ93lFXPsWf9QxPycHt7QIabD+usEx7v/rGaM="},"senderSigningKey":{"public":"BbGS4syI3lDI8eFxKvQH8ogDxu+OLgBuafhEkY6038Jb"},"senderMessageKeys":[]},{"senderKeyId":1149512259,"senderChainKey":{"iteration":4,"seed":"jInQ8uepROkYxWqDN8GLSAER5nl3N8IEdTIQ1Gwy6Z8="},"senderSigningKey":{"public":"BbGS4syI3lDI8eFxKvQH8ogDxu+OLgBuafhEkY6038Jb"},"senderMessageKeys":[]}]