[{"senderKeyId":1644787896,"senderChainKey":{"iteration":8,"seed":"pByGqzuaq114W81/C4Si1BS/WF3BG7ztHWb3OgRaSWU="},"senderSigningKey":{"public":"BX953AquQH1MI5fgueJKN6X5Esh1/5DsKMh+/aymy4U8"},"senderMessageKeys":[]},{"senderKeyId":768266164,"senderChainKey":{"iteration":0,"seed":"Ln5Nnnn8YR6hlcquvlpAEGlN+3kspVcgEBbtqBUMfZQ="},"senderSigningKey":{"public":"BRp2I7Rh9onuaNtqZsjQD0ny2GxpA8SZ3vdvXSG2XlMc"},"senderMessageKeys":[]},{"senderKeyId":78455713,"senderChainKey":{"iteration":3,"seed":"NNEcL8tJibuzIvkU5tzTt3sDRgjuR7JoQuO01tAkBWo="},"senderSigningKey":{"public":"BeFRPcj+lDG3l12S351M1UgB+o5SHGQkQOzOaCr4i6hU"}}]