[{"senderKeyId":98247988,"senderChainKey":{"iteration":30,"seed":"S5hYtx8v71BfPK49RJp4lylxAtWd+rE3u+mQxnO/Nlg="},"senderSigningKey":{"public":"BRhwnHP+b7MsDPALSq6FS1z419IwNiaBbXIzjTHPU7E6"},"senderMessageKeys":[]},{"senderKeyId":682280600,"senderChainKey":{"iteration":7,"seed":"sWQTaMBRmebGwBDrBcO2kQypPKjJgrEQykHPfBWad9g="},"senderSigningKey":{"public":"Bfgz4eogF271EMIl3PP0VgPmnWyj1PLlh45U6yev2TQ6"},"senderMessageKeys":[]},{"senderKeyId":1620140748,"senderChainKey":{"iteration":18,"seed":"AemesxfnE+7xzGIFQNyMuwvQCav8cq1f73LTSY8iieo="},"senderSigningKey":{"public":"BePJnZrcCtiOWpdBpXgHvU5TqVE1TiYzwO1ia4G5lKQC"},"senderMessageKeys":[]}]