[{"senderKeyId":559334678,"senderChainKey":{"iteration":3,"seed":"2oX6vL2hV1yBLyDcgdbdZTL8azSREqy18rR+mA/CZv8="},"senderSigningKey":{"public":"BeqCS3DoyNFPc4OQhXjtvclkPIvVg28QjwuI6n2+a4ZW"},"senderMessageKeys":[]},{"senderKeyId":469793065,"senderChainKey":{"iteration":9,"seed":"B4eO68426MZSfwVUYCn+ENaWuDvu65+cXwlcyXOgmvc="},"senderSigningKey":{"public":"BRWDTBVLW3Bt+++5X2M1sOTF29/kmHwLttQZuC3otP85"},"senderMessageKeys":[]},{"senderKeyId":209550053,"senderChainKey":{"iteration":4,"seed":"Et+D44qzKmIkXNaX6CI7gtG9RTNedbypcWJpbmXiaF8="},"senderSigningKey":{"public":"Be9AEg9WBh0gTpirodjvHKHOJu7pxsdPYbOVCI+nR60c"},"senderMessageKeys":[]},{"senderKeyId":2118209500,"senderChainKey":{"iteration":41,"seed":"pOy9E6UNHtcUmCIq1xTjinpMgKzmxw62O/8mSYeYyV8="},"senderSigningKey":{"public":"BVsqVvLtv/OatJ8Mt7GB1wmhZF5psy3OJIzfVJxjYm8U"},"senderMessageKeys":[]}]