[{"senderKeyId":435706280,"senderChainKey":{"iteration":7,"seed":"LEaezj+SR3ls4YVElNLvEgj77r461JitpfJFK9iSyD8="},"senderSigningKey":{"public":"BZgYqwRUKUJ4PgcZyXkIfEYd8GIQ+4PYR/Tf4CPm1Ltu"},"senderMessageKeys":[]},{"senderKeyId":1998529687,"senderChainKey":{"iteration":3,"seed":"tOePzyYr5D1BxSxeu8R9Pylgu1ObmNr5tyRx4aw/714="},"senderSigningKey":{"public":"BbTYhxgKQpPbtIBAaCf+cbyFLgygX7Een8he9Er28gFM"},"senderMessageKeys":[]},{"senderKeyId":1225692993,"senderChainKey":{"iteration":1,"seed":"OSDo3xgTuMZBQJY9CgJzyMRYMeZTvmc1kBi6CMJ/J/w="},"senderSigningKey":{"public":"BYyjmk3BuI8CCOBED4qbNRlJjRwdVtGY8nlcAa6hkM4x"},"senderMessageKeys":[]},{"senderKeyId":1118130467,"senderChainKey":{"iteration":20,"seed":"SlM31qfNV2lXvD0u5iRSbDZ3zWU+kVys+LgPBqGvUq8="},"senderSigningKey":{"public":"BZheuJ/uKbH/3NquCMdunZEoBE44D0dsevIfmehR48AD"},"senderMessageKeys":[]},{"senderKeyId":1118130467,"senderChainKey":{"iteration":1,"seed":"Pe2rhiTZPhSQOkxukK/BS50Ii8emvALuvkn1HPbwIFc="},"senderSigningKey":{"public":"BZheuJ/uKbH/3NquCMdunZEoBE44D0dsevIfmehR48AD"},"senderMessageKeys":[]}]