[{"senderKeyId":1767515642,"senderChainKey":{"iteration":831,"seed":"E5NkOeDTO2XC06vhAFKrj91oWGblVuN2wXqU1x1ftHs="},"senderSigningKey":{"public":"BciLCyJr3yLnIW02e+M3NMvMRU1CklfULVeuOqHWDZcu"},"senderMessageKeys":[{},{},{},{},{},{},{},{},{},{},{},{},{},{},{},{},{},{},{},{},{},{},{},{},{},{},{},{},{},{},{},{},{},{},{},{},{},{},{},{},{},{},{},{},{},{},{},{}]},{"senderKeyId":1767515642,"senderChainKey":{"iteration":765,"seed":"J3VPKVafYZOdDSt5yVBtDpxhrtF8MmDdkq7oa+5Ii1w="},"senderSigningKey":{"public":"BciLCyJr3yLnIW02e+M3NMvMRU1CklfULVeuOqHWDZcu"},"senderMessageKeys":[]},{"senderKeyId":1767515642,"senderChainKey":{"iteration":769,"seed":"LtNLuAQwBh2fpvfHe43MAtY3tFL3oxP/8c22Ls+V2No="},"senderSigningKey":{"public":"BciLCyJr3yLnIW02e+M3NMvMRU1CklfULVeuOqHWDZcu"},"senderMessageKeys":[]},{"senderKeyId":1767515642,"senderChainKey":{"iteration":773,"seed":"xPlL/hL1bopPkisgyw72N3aWf1O4266DXTw77mJ8JyI="},"senderSigningKey":{"public":"BciLCyJr3yLnIW02e+M3NMvMRU1CklfULVeuOqHWDZcu"},"senderMessageKeys":[]},{"senderKeyId":1767515642,"senderChainKey":{"iteration":787,"seed":"5t/94VWy6byjRUGvF3bmY6kzu87N3d7nV8QyyJdXnzA="},"senderSigningKey":{"public":"BciLCyJr3yLnIW02e+M3NMvMRU1CklfULVeuOqHWDZcu"}}]