[{"senderKeyId":2099337588,"senderChainKey":{"iteration":2,"seed":"tziP7nxqNzP5fzDv1FhuEsewGMf3oyBq/lfmaL70TJY="},"senderSigningKey":{"public":"Bd7NrqE/x7TmMp+Ns5wRqNdYgCIDyhz1KQ67T5g6JvF8"},"senderMessageKeys":[]},{"senderKeyId":689726038,"senderChainKey":{"iteration":13,"seed":"KDx0hpYVgERDON/pulldnEPjuQAQ+Tujk1pV0Jf04Lo="},"senderSigningKey":{"public":"BdW5ldllD/i4Y8L1j2yWQOelAcMtCZWfySSPerbqMl1N"},"senderMessageKeys":[{},{},{}]},{"senderKeyId":53180352,"senderChainKey":{"iteration":6,"seed":"V1+iLbULYbK3hKOkMpt54GFWeQGol7jFGM6Q3Q0Mveg="},"senderSigningKey":{"public":"BTqbdmzMiPelcRfjrzAORn7igafiiSfS2rm2Wt0PdLpr"},"senderMessageKeys":[]},{"senderKeyId":53180352,"senderChainKey":{"iteration":4,"seed":"5B8qGUAkfhN8mNNLo3s284EJQ83FcNfSWqvrr2llnbk="},"senderSigningKey":{"public":"BTqbdmzMiPelcRfjrzAORn7igafiiSfS2rm2Wt0PdLpr"},"senderMessageKeys":[]},{"senderKeyId":1844052417,"senderChainKey":{"iteration":4,"seed":"HtpUCCn04M41wD7szGeVYs5Cqv15V7xdhyHGIoCGWCc="},"senderSigningKey":{"public":"BdYE/1Jr2EF5LCs2NS+k76rLt+JKo9eFwrAABtErDzNE"}}]