[{"senderKeyId":1158917069,"senderChainKey":{"iteration":0,"seed":"RC0GWkr1GLn46lPR3LkCUgKBNZk4ti5OoiQlYuSciBg="},"senderSigningKey":{"public":"BbLNwwjPulaH0wzJQOCKU37kPFbkHxjlKJ5/a5Fl9SZr"},"senderMessageKeys":[]},{"senderKeyId":1732527620,"senderChainKey":{"iteration":1,"seed":"j3FhgpYXL17oSwyu8hyqWBeMtxToP+kCi2RjG1bOF9k="},"senderSigningKey":{"public":"BTXlLcjKC1ozC8UvshSSxOsH3qmanC3ZEEQvhTWVZPIw"},"senderMessageKeys":[]},{"senderKeyId":1116853992,"senderChainKey":{"iteration":0,"seed":"pA1YeuVLpWRRZfW7lhBqkTRrNjJaZMaAR0z+phefqJY="},"senderSigningKey":{"public":"BbMV9etJdGWAElULcI9RNbNAm45XUScE+53cJ6EpBfJi"},"senderMessageKeys":[]},{"senderKeyId":1583173705,"senderChainKey":{"iteration":0,"seed":"b32jsO059/LTROx32kLhd1TrTfJ48WKOiXIY/7F3pgw="},"senderSigningKey":{"public":"Ba2SuZ3pkCsyb2zxe7juJblylGL1sDDEe5aIqnrSxqFU"},"senderMessageKeys":[]},{"senderKeyId":1974039011,"senderChainKey":{"iteration":0,"seed":"yVLHp2/aBB4yuSaPeeQaEqsxD60lM7ak2XlohROJ0ig="},"senderSigningKey":{"public":"BY9E45NZZsfOS/gtKDf3DXtAJ2KhZFiunm0sLaaW6fpQ"}}]