[{"senderKeyId":927899929,"senderChainKey":{"iteration":1,"seed":"UWPJQwF2bVYTSqEj5BuE3bDiEl6RW3EnIbsR+gcd7vQ="},"senderSigningKey":{"public":"BafRw+VMvRuGLwVgswkKxXMZqQvVjYjaCqCMVneYSaNN"},"senderMessageKeys":[]},{"senderKeyId":1070852675,"senderChainKey":{"iteration":3,"seed":"/D3g40jizP1oWIUO5EpwITWfDQ0Ua+LKm0eM8B8oIhw="},"senderSigningKey":{"public":"BTPIyUZXAj9NcWD0lneUvZoCZUq6r0l7DwUBTdEeIK4s"},"senderMessageKeys":[]},{"senderKeyId":1070852675,"senderChainKey":{"iteration":2,"seed":"eOnRsNCAc4+HWtE3EGiW5/rPntje1R7MCFrBCUXZPDA="},"senderSigningKey":{"public":"BTPIyUZXAj9NcWD0lneUvZoCZUq6r0l7DwUBTdEeIK4s"}}]