[{"senderKeyId":137587888,"senderChainKey":{"iteration":6,"seed":"yyvPAsk3B54X70zGnvfwpcc6591RyVM8m/RPFpGWNgg="},"senderSigningKey":{"public":"BaY21N5O8fFVuDb6BBpdFqBYeF8CcduBP5ZU6fMwCns5"},"senderMessageKeys":[]},{"senderKeyId":563683184,"senderChainKey":{"iteration":45,"seed":"GsX6PM0g9KvUukQRixIUBzOjPeNCfIEUf5MNqOC6UBA="},"senderSigningKey":{"public":"BZkF3nSFhqWRQjdkarjNg0uPn2PB7ZwTprbhB5NbugZw"},"senderMessageKeys":[{}]},{"senderKeyId":1154152174,"senderChainKey":{"iteration":15,"seed":"rf7MUT7cbC+yJWGWkBt1uLF8QOEe2NSXpb2vCvX89VA="},"senderSigningKey":{"public":"BSkYzFUeBNxZJkisN58bHaUSw8H/X/hCp1T1W1aWsIB5"}}]