[{"senderKeyId":1141721346,"senderChainKey":{"iteration":37,"seed":"a9pN0Ka6JJ9sHPj0aQ0+tqVZBAAtzl6JNJ2h9e/BCF0="},"senderSigningKey":{"public":"BdOvfofiQEukg7ctp+8Q5MDwkNkSJ7W32Og2pFtnRfJ+","private":"+JSK8dEFZKRtmws5kz4H18D/uoMswzPAMA6gypV4+VM="},"senderMessageKeys":[{"iteration":1,"seed":"TEX5P/IKNu2SVtGRh2mdKg8Kx3KCE4zE+cu95qR/aug="},{"iteration":3,"seed":"MAQrmYS2ZhBRgfJKC3a6+BD5r1k8Tb4XEO6il8Xa1UA="},{"iteration":5,"seed":"UmNO1iVI8Za5VhQGbB65PO2trV+sMbNYGcWuAbr2EIk="},{"iteration":7,"seed":"8PHf/7wuWmzrARotQq4vEWbmTYqtuM23qlne2vS6zSY="},{},{},{},{},{},{},{},{},{},{},{},{},{},{}]}]