[{"senderKeyId":1386585736,"senderChainKey":{"iteration":33,"seed":"AbcAi2mYf3rb9fAfoKfq/JAe7dRY3KaZSJMf+E/2VGE="},"senderSigningKey":{"public":"BQEVSKSzxMHx9fw7w4OUtSqqYiaVW2xl4eIvY6H7jT07"},"senderMessageKeys":[]},{"senderKeyId":569524777,"senderChainKey":{"iteration":31,"seed":"NdIog1NZcgz5kJj78Im8Q3/5cW9Ef6BvM5e623gECB4="},"senderSigningKey":{"public":"Ba9V5vynG+EUyVOeEBzRtVLlYrHE4ZZFu9qf/Hm6Gy5Y"},"senderMessageKeys":[]},{"senderKeyId":569524777,"senderChainKey":{"iteration":5,"seed":"0ALqCAdJXcJDl3uhmmOMWteVvw3AN8g/XySMraAOODc="},"senderSigningKey":{"public":"Ba9V5vynG+EUyVOeEBzRtVLlYrHE4ZZFu9qf/Hm6Gy5Y"},"senderMessageKeys":[]}]