[{"senderKeyId":1358538765,"senderChainKey":{"iteration":5,"seed":"sQ1LXX0hypv3uepJjZP58Z84Vv9NHn4MYXafQINq3E4="},"senderSigningKey":{"public":"BeemRiQZYkg+LsahDPmRVU7cjurdEH2WHttEXBXGbX92"},"senderMessageKeys":[{"iteration":1,"seed":"x21woW/UlexI1jSN6vhxzb3e6IjWE+uCD1i3Gm4DhxY="},{"iteration":3,"seed":"kljBoJuEaR2NiqLdmGTqjVMzsb5tq8qSfiMV5NQtkdc="}]},{"senderKeyId":1358538765,"senderChainKey":{"iteration":3,"seed":"CuYpCHdoIZYWhUjK5faDM3tP/MIDYuz8Qi+Yyrn1ee4="},"senderSigningKey":{"public":"BeemRiQZYkg+LsahDPmRVU7cjurdEH2WHttEXBXGbX92"}}]