[{"senderKeyId":521458198,"senderChainKey":{"iteration":27,"seed":"o2KLsLl/cN1BBM4Qy8JcawbWx3xPS0PSrSbeC2FGTQs="},"senderSigningKey":{"public":"BRUdZJf6NKops1IqGAwCEkh67hWKuNJ7jnNi+0dnhZAU"},"senderMessageKeys":[]},{"senderKeyId":521458198,"senderChainKey":{"iteration":2,"seed":"T6eOKrtbdmowli6fgU82e+5aCs7mOjDwTbcM1Ajmtzw="},"senderSigningKey":{"public":"BRUdZJf6NKops1IqGAwCEkh67hWKuNJ7jnNi+0dnhZAU"},"senderMessageKeys":[]},{"senderKeyId":521458198,"senderChainKey":{"iteration":3,"seed":"ORDBaMEFWa7BhkvloeYee92QY+4kFJPpYKn+YFwjcJ4="},"senderSigningKey":{"public":"BRUdZJf6NKops1IqGAwCEkh67hWKuNJ7jnNi+0dnhZAU"},"senderMessageKeys":[]}]