[{"senderKeyId":1377186861,"senderChainKey":{"iteration":87,"seed":"FikbJxpWwJYfSECCdARLou5Xd4vRkecYa3SIiuUTDjM="},"senderSigningKey":{"public":"BaCTEiGHSII+eXHU9VmZqPXOho8kyjjnFaHUTr70OAML","private":"wJgifnRusRu/f8jxOJWU0bL1WsV9xgLWXKyzRL2N1GU="},"senderMessageKeys":[{"iteration":1,"seed":"dOg8iYdW2aFEC/P6MWP0TNEvVUzI4PCB5UaqvPoxR1U="},{"iteration":3,"seed":"wHCZ9V9UGYcAxZAiHgDG+6DMWcyGoEtO2J7EZ6gS3lc="},{"iteration":5,"seed":"UbyOBppIMoy1fAn1L5GT//MriayO8sr5K3E3/B9LWD4="},{"iteration":7,"seed":"Hp2eysGj8z3mL7yWA3FL9xx0MCJtAjWbVLBjybUr7qg="},{"iteration":9,"seed":"fS0TzVpKQjKf6Xsl0LO8tUyW6ELaG1EsWmbtNVr7tOg="},{"iteration":11,"seed":"4qWVF9w86mXt6DUtEEefGG0Gum5rysuCoPc05utMSwA="},{"iteration":13,"seed":"BvtaZSrD7jZxiBvgPNrB0RpTO8WYdaHVdecH5/YeQ8M="},{"iteration":15,"seed":"NovrBcA9VUINB6Y2S0hRl2jL3ia/pnjPxGe3DMJYqtE="},{},{},{},{},{},{},{},{},{},{},{},{},{},{},{},{},{},{},{},{},{},{},{},{},{},{},{},{},{},{},{},{},{},{},{}]}]