[{"senderKeyId":1733949045,"senderChainKey":{"iteration":0,"seed":"/YNocQjPDCKxaI/eD6GmwLU95kyrBZMIiWcLmb/g9o4="},"senderSigningKey":{"public":"BbKKRIytH18hfMIo4YriEw0hZ1JigKz461kJr0HbkBYo"},"senderMessageKeys":[]},{"senderKeyId":1997000623,"senderChainKey":{"iteration":0,"seed":"+7V6dyG9Vu08Ol2OREV9/baquoTH/w8C1fyMT8thrAg="},"senderSigningKey":{"public":"BVeXaCPH2TJpNjs/xUV5aIBnijxzmQDqvwCOHjgA46R4"},"senderMessageKeys":[]},{"senderKeyId":1652152317,"senderChainKey":{"iteration":0,"seed":"OcLTQY7S3lpJh1awPgbQUwtOa2SomUMa+qq06dRwbuc="},"senderSigningKey":{"public":"BTvdOZubpKhk9hT0zNf+aQ+4zr9SjfQC+JEw8NYNLzsw"}}]