[{"senderKeyId":115588203,"senderChainKey":{"iteration":149,"seed":"7OhdXkpMOw3HyrZ+OwXdK6k87ELuJCCO4bIZ8tPzZ28="},"senderSigningKey":{"public":"BcEsBhq8vWmtLQMuBYmvdkpsFNe/1pUWh0/mPIqtBmFY"},"senderMessageKeys":[{"iteration":23,"seed":"ext2it/edmuECxiv2gRU3O8jT/eBrEtbizuBftaaFM4="},{"iteration":25,"seed":"d/ZmRPX1khRzDLOS/HUVJSRjxHMlKJtKNXcinxThkRk="},{"iteration":26,"seed":"s/or6exoERgUPxPCBM3SHKedbSnCifY0k+x1guD7zMs="},{"iteration":27,"seed":"WbrSDUt/3YbGqR26J1nRa+EgN7Oml+25wflnK7D+98A="},{"iteration":29,"seed":"PEUQb5h8iDWEJBDUlJaaObQF3vom7+YMhPnnDutKnUY="},{"iteration":30,"seed":"q366D6yxIBIldcC9AVaamRIsdJEm4rEs6XwARC9ogV4="},{"iteration":31,"seed":"+8VdESNHfAMSNhJ2/UzxoVZ/TzsPDR//8J6FDZiSBFU="},{"iteration":33,"seed":"PHpHreN+bGIRYxnbP1mJNgLPH4MJUr6Lolkz1m2I/Wk="},{"iteration":34,"seed":"UL4/8G26EHZ2WoKW9BYlSu3o3VE/h80ZsEpFnA71hVg="},{"iteration":35,"seed":"hj1o2H6QuvW+9/ahEk4J5LQLG5mLUMDtNsv8C4pM5CM="},{"iteration":37,"seed":"ScqkVC2gg3BgOgJzGtjwfdCRAOkO7KopfKQJrszF+q0="},{"iteration":38,"seed":"VxB8+4jRLXjBXujg9adh0APFq773b7TLrFU368Q3cCI="},{"iteration":39,"seed":"ZCFC1n7maMew4dRzOC0uIRp0M4Dq5YrUimPvrEQQG4c="},{"iteration":41,"seed":"KJCGtBAo0ODZJ9omCEaVAb+UwSKWSeOXQ+3/KEdZCI0="},{"iteration":42,"seed":"IhPIkxw0eCP1wR94QRxVMhMseiC53UAnvrcSK7+gKGs="},{"iteration":43,"seed":"1KSvpJjnve7DPUg7XbjqtrNAgBNoVfxMZi1h3ZyCWw0="},{"iteration":45,"seed":"fAYqh37OWopYCMFIz8ucWK+owMwF/RRht5t1nMmAANY="},{"iteration":46,"seed":"U3Er/sk1dyXSzigBjycFWjb5Rr6f98IoDUTn7cHQ2iQ="},{"iteration":47,"seed":"Lha+9Dzynokh0lBgxgyojyV2Y2tWGmQUMEbedJ6MTCY="},{"iteration":49,"seed":"kE3RYGfVHqpQQEkkBk3AFu5XwLm7OlwsoIZm7gyH7co="},{"iteration":50,"seed":"2W5oV4FGw3sgp72I23Dev5JoTCJWExC/oUHoPC29DwU="},{"iteration":51,"seed":"f5WwNGCuvdXN9YVYJ1PgNXbO2hwbwxiJi9M3pkLe3+U="},{"iteration":53,"seed":"kBMZdwanEqaXKgQp4583mto+jZs820j3C76sd1fO6LQ="},{"iteration":54,"seed":"46zuVWThdEyiyU0kuiLDkuxVcf/i7eSoJCvopeepyD0="},{"iteration":55,"seed":"Xht+rZUJ/oqOztYRQMPBe+ND/tDeChp0pyRNxyNd2yg="},{"iteration":57,"seed":"1xf5/DBrVNFDkEMVoROcj9odP2uMYjZYALUQgHHZ7Vs="},{"iteration":58,"seed":"2X1UJ+7uOixMbLFWNEGg87++2916Cua9ani41bSBUeU="},{"iteration":59,"seed":"/EtBpEuYuOK7alyQABcVgjCnnkgjPAgDGKyNKhoJMUE="},{},{},{},{},{},{},{},{},{},{},{},{},{},{},{},{},{},{},{},{},{},{},{},{},{},{},{},{},{},{},{},{},{},{},{},{},{},{},{},{},{},{},{},{},{},{},{},{},{},{},{},{},{},{},{},{},{},{},{},{},{},{},{},{},{},{}]},{"senderKeyId":115588203,"senderChainKey":{"iteration":71,"seed":"LS0qNMMRHRso258t4ts2o9hclD3/KoJ0IuIJnHNlYdc="},"senderSigningKey":{"public":"BcEsBhq8vWmtLQMuBYmvdkpsFNe/1pUWh0/mPIqtBmFY"}},{"senderKeyId":115588203,"senderChainKey":{"iteration":91,"seed":"3DRawK+BOk5/XtNJn9I6PeLxEimHPzxxmf3FFdARXpk="},"senderSigningKey":{"public":"BcEsBhq8vWmtLQMuBYmvdkpsFNe/1pUWh0/mPIqtBmFY"}}]