[{"senderKeyId":1307460609,"senderChainKey":{"iteration":405,"seed":"GeYjOj5XWQxTpQbbsuBixgBhBXBrxNjMoLZoXyXMg9E="},"senderSigningKey":{"public":"BYPW+jOi8gEtDZyY4Cz7r4/OpC0Vn84K1hy42F+jU19R","private":"qPJVZde9SxIDZid4pqC8JTImU6rVuo+6HxPI8p2e7VM="},"senderMessageKeys":[{"iteration":1,"seed":"48jKww4NWnndAaQGfsXOavP8SZSExuh9ptYDz0c9mTs="},{"iteration":3,"seed":"Ph+ufT7r6x9Se495GCHbQZKrXiY1jpWwCHNkOP/hFCU="},{},{},{},{},{},{},{},{},{},{},{},{},{},{},{},{},{},{},{},{},{},{},{},{},{},{},{},{},{},{},{},{},{},{},{},{},{},{},{},{},{},{},{},{},{},{},{},{},{},{},{},{},{},{},{},{},{},{},{},{},{},{},{},{},{},{},{},{},{},{},{},{},{},{},{},{},{},{},{},{},{},{},{},{},{},{},{},{},{},{},{},{},{},{},{},{},{},{},{},{},{},{},{},{},{},{},{},{},{},{},{},{},{},{},{},{},{},{},{},{},{},{},{},{},{},{},{},{},{},{},{},{},{},{},{},{},{},{},{},{},{},{},{},{},{},{},{},{},{},{},{},{},{},{},{},{},{},{},{},{},{},{},{},{},{},{},{},{},{},{},{},{},{},{},{},{},{},{},{},{},{},{},{},{},{},{},{},{},{},{},{},{},{},{},{},{},{},{},{},{}]}]