[{"senderKeyId":1101970119,"senderChainKey":{"iteration":23,"seed":"mxvBjSiCs0MfVFhHkwBzROioS2DnFTO8meDt+9bdZUw="},"senderSigningKey":{"public":"BZNgYwmqybGBTBYEcGelgJrlpTScgDrpQNp9wVBUUt1J"},"senderMessageKeys":[{"iteration":1,"seed":"v6aBFJ+bL13DLhEnZosQntfliCAFF/59qF9yNL8Zqzc="},{"iteration":3,"seed":"XVfr+ZqCehDv3c+F0TbL5Tm1GN9aOfZ4SknzJBYl4kU="},{"iteration":5,"seed":"kIkvGwnqtu1l7wIHJcpnIjwLGOjz759MfMMZGy5aMhI="},{"iteration":7,"seed":"d0fqlmDb7GVe7Zzf7c9V38P5EOo0GblakwtS4K+Qqlc="},{"iteration":9,"seed":"HX+SZbHeC9Da0RqCgPjev3YttOPhysQzWipRk9WkgR0="},{"iteration":11,"seed":"v17cXrezcV64v1XmZ7SE30Spm5Fe2uB3UwU7ZmKWInE="},{"iteration":13,"seed":"BBXMLBEGm0qb+CAlhDFfv0lljSawsR086x9t3D0R444="},{"iteration":15,"seed":"4uYQ4akLybsPW+/vWV4WLobQ3gvCwO2rLu8TBUuqhYQ="},{},{},{}]},{"senderKeyId":1101970119,"senderChainKey":{"iteration":1,"seed":"4LM7gcO9/bkvPZ0id6c+i5o5Q6dYtTQ2CCMrUdwWmuY="},"senderSigningKey":{"public":"BZNgYwmqybGBTBYEcGelgJrlpTScgDrpQNp9wVBUUt1J"},"senderMessageKeys":[]}]