[{"senderKeyId":514143383,"senderChainKey":{"iteration":239,"seed":"n2wHIRpMf3e+7LQmNj0kyi6vIkmVsV4vENnz+n8OwxE="},"senderSigningKey":{"public":"BYldogxaYG4L4n4G1SyGLWoHpWmXVPCVlEY/qoN5kVVT"},"senderMessageKeys":[{},{},{},{},{},{},{},{},{},{},{},{},{},{},{},{},{},{},{},{},{},{},{},{},{},{},{},{},{},{},{},{},{},{},{},{},{},{},{},{},{},{},{},{},{},{},{},{},{},{},{},{},{},{},{},{},{},{},{},{},{},{},{},{},{},{},{},{},{},{},{},{},{},{},{},{},{},{},{},{},{},{},{},{},{},{},{},{},{},{},{},{},{},{},{},{},{},{},{},{},{},{},{},{},{},{},{},{},{},{},{},{},{},{},{},{},{},{},{},{},{},{},{},{},{},{},{},{},{},{},{},{},{},{},{},{},{},{},{},{},{},{},{},{},{}]},{"senderKeyId":514143383,"senderChainKey":{"iteration":191,"seed":"qSJbte4tTXokHRCb1QjVylj0ajxS12bklooDuiyiZK8="},"senderSigningKey":{"public":"BYldogxaYG4L4n4G1SyGLWoHpWmXVPCVlEY/qoN5kVVT"},"senderMessageKeys":[]},{"senderKeyId":514143383,"senderChainKey":{"iteration":209,"seed":"LLNc9EV12gNLEfEPdPSFrU9fyphu46Pyq0Euq5Qox4I="},"senderSigningKey":{"public":"BYldogxaYG4L4n4G1SyGLWoHpWmXVPCVlEY/qoN5kVVT"},"senderMessageKeys":[]},{"senderKeyId":514143383,"senderChainKey":{"iteration":215,"seed":"ZHvDLmmAuywEFfPJgZ/Hqq0sV7fjvXEb+ft+xrAogr4="},"senderSigningKey":{"public":"BYldogxaYG4L4n4G1SyGLWoHpWmXVPCVlEY/qoN5kVVT"},"senderMessageKeys":[]},{"senderKeyId":514143383,"senderChainKey":{"iteration":223,"seed":"3zYviMG9nx6M9izYHRA7yXFtnyTG71dR+ZNUXqk95bY="},"senderSigningKey":{"public":"BYldogxaYG4L4n4G1SyGLWoHpWmXVPCVlEY/qoN5kVVT"}}]