[{"senderKeyId":771933279,"senderChainKey":{"iteration":4,"seed":"GWFjIE1ftSxelAR1b8NGZyMRELzcNcs/ORKUZF1YiNY="},"senderSigningKey":{"public":"BczL6lyro4PIjToZ0fPip9I4r1GYUJb8mxROid4OyTw8"},"senderMessageKeys":[]},{"senderKeyId":686327646,"senderChainKey":{"iteration":34,"seed":"f5VYHukXs72OaCYMzrixMNVaBmKEBu84qrOIE+YLGPs="},"senderSigningKey":{"public":"BV+0Z6OuuKg6BpQV0wRArEwRzzC/njPVlJLP3B5kaeJZ"},"senderMessageKeys":[]},{"senderKeyId":266418350,"senderChainKey":{"iteration":0,"seed":"OEf7dEPrYBi1Lkya5wp7ZLEufeZ9hv+OveOyvvB6WYw="},"senderSigningKey":{"public":"Bam9tfuf+cW90mDPutZd4tM+3qIZbXj1q/2QgHDtZcVk"},"senderMessageKeys":[]},{"senderKeyId":1784714356,"senderChainKey":{"iteration":0,"seed":"K+8U0760NK9/xeqEM5hgytgSsOCJ64dFUblsKJXlrwY="},"senderSigningKey":{"public":"BXFomu0OZSQFCv5kKwEAEaTm9jwcBIzMqUHCfhc1ZTpQ"},"senderMessageKeys":[]},{"senderKeyId":844532523,"senderChainKey":{"iteration":6,"seed":"hdyHQTsq7PXWdDRUl4EivUZZUaplcKxofYiYI1NIuhE="},"senderSigningKey":{"public":"BUpFeK5cBPVam7cMRCuo7T6jGx/UzGjyGAgcLu8gsW9g"}}]