[{"senderKeyId":1963995926,"senderChainKey":{"iteration":20,"seed":"JkfYcwNisqmOTT5Q8B5PVoD7H2Tm0v/6gkZlnb0T5bY="},"senderSigningKey":{"public":"BWJF5GVPjcHcXH4QKIDbqvatgyc1m+1MhEc4JR8J7pEF"},"senderMessageKeys":[]},{"senderKeyId":1070170371,"senderChainKey":{"iteration":3,"seed":"gdsUZpuBgvoescQLN+wER0S0ab8zeboT4sGie9dJ4Vc="},"senderSigningKey":{"public":"BdPoof0iR5Qok1cRjv8xSkDRhisy2DWqjtuzkgVaN3wN"},"senderMessageKeys":[]},{"senderKeyId":819880654,"senderChainKey":{"iteration":7,"seed":"hviZKTi66Hj9+Kh69szKrgROqnSHmRiJkQXYybxbk+Y="},"senderSigningKey":{"public":"BWV2lhBgOcOspH0rOqGEJ5xiTAz8QbpQ8pIdVuizoYpi"},"senderMessageKeys":[]},{"senderKeyId":1516896638,"senderChainKey":{"iteration":41,"seed":"fuOAa3IruAZormZCkKBUNRH1qCAjyKKFK/UxP/o78WU="},"senderSigningKey":{"public":"BdQDNjVOW8Q3p7XGKu+dJCFCOGF5c4KxleHX9iPL7Ow5"},"senderMessageKeys":[]},{"senderKeyId":1516896638,"senderChainKey":{"iteration":39,"seed":"6MDavV+0Wrbw9fRiEo9pdGmwJ4KS2z7xhmpfL5Lrd+k="},"senderSigningKey":{"public":"BdQDNjVOW8Q3p7XGKu+dJCFCOGF5c4KxleHX9iPL7Ow5"}}]