[{"senderKeyId":1905485510,"senderChainKey":{"iteration":241,"seed":"MFFSr4Ov3F9ZPqu+5Oc0NVxgG46mH0GwrLHmavtZJuM="},"senderSigningKey":{"public":"BbS4dSr3EqX5eUAEmKZ2as+jSiUt4fJCoHfpff1tP2U0","private":"SD5VzXsjW/9gJyAZYFz63N/eveOLYUjQXqOskQxeFXk="},"senderMessageKeys":[{"iteration":1,"seed":"EYovMuaPeUxM8pIVl9hjwM9tZF0tuhhjGa8iZNzR+m4="},{"iteration":3,"seed":"+6dnklyXQ+Hkx/R6aUpmHTwE2vlK4B32TtCXYS3XK34="},{"iteration":5,"seed":"Ji2MjhUXwgWvlA0G0d+hj25bmQyb1WGOL5+baOpUsfg="},{"iteration":7,"seed":"z7/s4KBnYwCAaPvlSP9pHILaRrxK1ZvBl5BSiLA0xjk="},{"iteration":9,"seed":"kwduGSzEyV+ya1NEb2HAptbCLHB5OnwCP8Mor4Ra2mE="},{"iteration":11,"seed":"QtLj2hV3B9aGvmUrmOl62h0pCxBWlLGPAkhZ7aIv85s="},{"iteration":13,"seed":"30Hm0nTnCfrCwBfGYVnZ707z0v++VFrohS69+r9DVnw="},{"iteration":15,"seed":"FP8GjuVjkn7jCmuxDITOz8GinEkrZ942dbAR7X8Tkv4="},{"iteration":17,"seed":"lNwVNDQk5aJgp8jJr9A5galv+keGVGcN1U38XPUYhpg="},{"iteration":19,"seed":"S2BEThdXRajbveAvg8fYkq9qybyFtVlTE/mqj+Ib4pM="},{"iteration":21,"seed":"5HnEagQKCF3/0lt8YJdQspZhQHU7an1RdLWPNWNpR6M="},{"iteration":23,"seed":"A1SdJa1tOivdYDJZG2UOs7XkhRTufjZanLyE/R4rhh0="},{"iteration":25,"seed":"rxGQ3DHBzGCcETZAjxRqI0GpTb3fd1in6KFrS2BV0ac="},{"iteration":27,"seed":"0Pl1BYgmIpgesiz7ZcNRsPidacdtWkxpbDDi+Ar/eh8="},{"iteration":29,"seed":"ZWnPoaHgsSyT4OM7cIv1KHvVoClwIBk5DwECPk8+gO8="},{"iteration":31,"seed":"jYBqS+Lp0C0jAOT7E6KosXlLDDYskmtVenuE0nYg2Uk="},{"iteration":33,"seed":"eCCMOGZLRy8d2y3aYTosNq2E8m1U0ahh+R7TE2s9G78="},{"iteration":35,"seed":"LZXt6dTkKyn5PIcUxwUfN1U+o3kN+NS1rtl1boE81jE="},{"iteration":37,"seed":"IJn2Q4NeQG9VRffWlyMbZ/4Y8g88qLpUR2b3f0Nciwc="},{"iteration":39,"seed":"FNIfQ0IB9hs4I+wk+qpKTUU/qiQYBNYxlwXLBtnhvZo="},{"iteration":41,"seed":"WCyHTde/7xS+cb9fz3JNY8IrQCou3HwxIWGwTi7xBJo="},{"iteration":43,"seed":"c31DiJ2sejilzifK/0HydbGw6vCgwlUZyuuLKghD/hI="},{"iteration":45,"seed":"n+pilstecDFPngkdveixRP4q5JQzuKv+tPF8duq0CdQ="},{"iteration":47,"seed":"Ty2TC5alQ4AyKH58aUOuG2QFOSoHxk6/aUjOa5G3cos="},{"iteration":49,"seed":"/LiUCuTr/1rirNPZKg/O/vbFl9Zw9AdUMrQ74b2G9wU="},{"iteration":51,"seed":"pEJg2JfQ+jvKJypx95yrjPGf23qyrkB1A0vBEeAg+B0="},{"iteration":53,"seed":"MIFnOlcxRkUXZPRoSl2/EF5Aw0KAEms5YMz3SAurtuk="},{"iteration":55,"seed":"ZsF2mCNGPmsBVhDPDqohXEvzEDtcu9xhx4MIo/Y2gWY="},{"iteration":57,"seed":"wlILjEEsGldz5mshFrApsRpZJAbWXmgkLuuWX/Rx+9Q="},{"iteration":59,"seed":"5WyDIkphXNfq+Ow69VzlnYeg1Ii2sxUrCaIC/Z0n7H8="},{"iteration":61,"seed":"fudyAPj0HWjik3216pXX3I0He0gnRIwY2xLM6Q4MG+4="},{"iteration":63,"seed":"jgDk0MDGofrkJveODPGMPPY+cpHiwbmkpeqPVKo1554="},{"iteration":65,"seed":"OpBS33t+mU/lsUb0nORm2bwtBr5GMQ9rAIrFBPWuD5o="},{"iteration":67,"seed":"oFc+kro1y+2cVdsuDFFU4Zk4SFCUdVfD/ObEjyL5Phs="},{"iteration":69,"seed":"ADWtALqYFbu+1AnyBtPxlFvZ4JC/mJKygTaAvGn5IgM="},{"iteration":71,"seed":"sL9iIluNMUW2LqVhjLypEfMBmRfEnpHJPCanJeJz8nM="},{"iteration":73,"seed":"nUwNk9BrrWCuW4l0lER1ovY/ol/4z2FdTI4QLNS3K+I="},{"iteration":75,"seed":"FfxRoblV45fff5v9LIvDmWntZNU0410rDmSB+fkt3bY="},{"iteration":77,"seed":"eMIzxQSNO+fGQU52Un2kcs/jtULR9AADHekD1+PPQks="},{},{},{},{},{},{},{},{},{},{},{},{},{},{},{},{},{},{},{},{},{},{},{},{},{},{},{},{},{},{},{},{},{},{},{},{},{},{},{},{},{},{},{},{},{},{},{},{},{},{},{},{},{},{},{},{},{},{},{},{},{},{},{},{},{},{},{},{},{},{},{},{},{},{},{},{},{},{},{},{},{}]}]