[{"senderKeyId":1282240050,"senderChainKey":{"iteration":29,"seed":"LdpOMUazhmwv4n3Z45kLiaVnNP7x/AwFXok/aZIXycY="},"senderSigningKey":{"public":"BbdDGbIKHNywcL89LRnhTufLg67kxyCTxmM7uzVNGw4t"},"senderMessageKeys":[{"iteration":5,"seed":"Zrp65YBrJI7ti0+fIAjfd+oW/Sl3JbWXa8uLtdRd7iw="},{"iteration":7,"seed":"NIaoZMLJ8+FVKKwf6URuoKpxS6s2uB/MIvKsvo+b8QM="},{"iteration":9,"seed":"1Y2PdBJp1GUn8VnGrSz06l//odPF3k4NjeiJc5TKzZk="},{"iteration":11,"seed":"k/dBAHrxsllEhEPAdvGIQOdAJ2vNsWlQeRn5ZJVvn5I="},{"iteration":13,"seed":"JHXzPc/NKu+/nOnn1Ipji/HHzA0rLiww5Hm82k6zulk="},{"iteration":15,"seed":"U1uBqO2dghgigi/blcQRJg7joSPtQa4bOkozEnw6zYs="},{"iteration":17,"seed":"tA0lTjDzTGDgOjOnWcpbunKbemEmIIqvP5jeeQb31PY="},{"iteration":19,"seed":"R6RcCVsYg00GcQs8WGQJ2hNU6GNtOsbOWDLs7McnnoE="},{"iteration":21,"seed":"M5eJ+KITL1azAMObCl1ptoBUbuQhlEXQ5Q9YCMw2yzk="},{"iteration":23,"seed":"btBeDWDj8B35vwhDkHNmbVSgkamzNqVsgH0GuRIl1G8="},{"iteration":25,"seed":"ZGfkKLFyU43cWr/gXajbUM6pt1wH3ARxGqbE/gQgI0s="},{}]}]