[{"senderKeyId":398990497,"senderChainKey":{"iteration":7,"seed":"W+V6fszXkfKOrhAXF7HIbg3Yzw8tHhLvchPPtn4aRNE="},"senderSigningKey":{"public":"Bb1KwWNCF+AXYBb65PtH0yjW7BztN3OMcRtIOUpg8Noh"},"senderMessageKeys":[{"iteration":1,"seed":"OSdPLbVgt7deD0S3kLyiXN59YUSUrcTK0NsFA/2PDtU="},{},{}]},{"senderKeyId":398990497,"senderChainKey":{"iteration":1,"seed":"CLLP9GF9iE+VMkSTQA1j2Pk5hvuuNdVng7TZ/McX4bw="},"senderSigningKey":{"public":"Bb1KwWNCF+AXYBb65PtH0yjW7BztN3OMcRtIOUpg8Noh"},"senderMessageKeys":[]}]