[{"senderKeyId":94371748,"senderChainKey":{"iteration":101,"seed":"IH7/op4yydpPMuJMqDV17d0LL3KesZuXLp6BjR8IpK8="},"senderSigningKey":{"public":"BSKqD4gvXAc8eKdkBSwMoZQ0YYgFrZpbROi3ktvNf9dj"},"senderMessageKeys":[]},{"senderKeyId":1473822069,"senderChainKey":{"iteration":91,"seed":"gRKXlROWZFOkNfzm3YwKBM+NZHiLRmQ5JbERvW+ir6w="},"senderSigningKey":{"public":"BWBJUUsgiC4FxhM3T89IJXX35cOp6dl9pU3FvqSeoh5z"},"senderMessageKeys":[]},{"senderKeyId":437723590,"senderChainKey":{"iteration":6,"seed":"B5E7rudEkQsgGOv3kGzVGMXzGVG3fUicitM86NTzIho="},"senderSigningKey":{"public":"BZT/wr09i7c8gxlP9V6CqhO8yDCGIYEs5JXeT8e/o0IX"}}]