[{"senderKeyId":120390428,"senderChainKey":{"iteration":3,"seed":"KmQUf+p5OjuORI9s21JKTeGUZC4yb532iXS3Xc2ImIA="},"senderSigningKey":{"public":"Bbm2cS2lKhUXoQsIWAcvdbbrZiWLburi1A2+elczFXIE"},"senderMessageKeys":[]},{"senderKeyId":120390428,"senderChainKey":{"iteration":2,"seed":"yEU5gA3sNLuivnavzoZvIUbP5jzcqfjAMd5uZVT97tA="},"senderSigningKey":{"public":"Bbm2cS2lKhUXoQsIWAcvdbbrZiWLburi1A2+elczFXIE"},"senderMessageKeys":[]},{"senderKeyId":839445664,"senderChainKey":{"iteration":2,"seed":"t3/ClPBBch2MV/sKoNLvYQhLUh8l4mQNhnyshbjjd+M="},"senderSigningKey":{"public":"BfQKcP/BMzddd32xGlxVC9U3vsf6fUY4YbIFxjqjMrAZ"},"senderMessageKeys":[]},{"senderKeyId":879621806,"senderChainKey":{"iteration":6,"seed":"kLY/9UzsPSm/s7oGnK+70+uftaamz4/kosAk2luXD3I="},"senderSigningKey":{"public":"BSnWYyxyQeILTi85GKbecKD6Ep/FetIUBX2LyBoZKkMu"},"senderMessageKeys":[]},{"senderKeyId":1692334663,"senderChainKey":{"iteration":10,"seed":"mhVFcG5khMYTVMTfsB+q7qVtQLtDlaOlRA34y/T6rFQ="},"senderSigningKey":{"public":"Bb9S1ehcm2k6Q6gyKwooRngX72eqOL3DSuyVi7TIOJlJ"},"senderMessageKeys":[]}]