[{"senderKeyId":1742408875,"senderChainKey":{"iteration":20,"seed":"XzmwgyJWYHlFap7CXYUWZ7Ju8niwMZI3QkVWgT8j8zw="},"senderSigningKey":{"public":"BXtbgAGyWP6w0qj5kvP13JtRYx38ktNvcjU2iAdk0Pc5"},"senderMessageKeys":[{"iteration":13,"seed":"Grw1T0kKuXUrUoqYTmAaTMcvbalOqi9dJCg8JywlRxI="}]},{"senderKeyId":61167293,"senderChainKey":{"iteration":1,"seed":"I6xRg1LmQfbW3z3ej82rRtNXo52OlrdAF1/4QNr0/OM="},"senderSigningKey":{"public":"BQSqQU/CrurhWOWnmYGJBXcJ2SvKV3jTtu/bJjzbq+Zg"},"senderMessageKeys":[]},{"senderKeyId":716956291,"senderChainKey":{"iteration":7,"seed":"sjy2qSvH1htL/+9e+VSSGOhJcX2B7XZteDA1jUMdnus="},"senderSigningKey":{"public":"Bfnvjpn7Xii6Ysv6jna8MIoKLU9be72n57nfVHVs/VUn"},"senderMessageKeys":[]},{"senderKeyId":602464503,"senderChainKey":{"iteration":16,"seed":"y3nzAjBNkhqwoe/mFvzeK4DAh1/q57a1PcMjTsmjDLY="},"senderSigningKey":{"public":"BYZ0WTXEOwOGDwGyGG4jL26khTaZkOXEvbjH6pCoK6d+"},"senderMessageKeys":[]}]