[{"senderKeyId":2140359361,"senderChainKey":{"iteration":64,"seed":"FYXzKbCv7KD2GBWATi5XG3mac8CTbpWAKTBZbSd3IxY="},"senderSigningKey":{"public":"BeeAS6N2XQ2DXX+kTjFuyio+UFBh2nL1yZBico3I6WtC"},"senderMessageKeys":[]},{"senderKeyId":1182351120,"senderChainKey":{"iteration":10,"seed":"eruHhOA/5PkjRHP1GP5fN243VuSJTMoa/QiaiF3fTjE="},"senderSigningKey":{"public":"BcjUUuWhuZ2vTa0dQpse4bBdVB7HlzuTCpDVQYfzV6lp"},"senderMessageKeys":[]},{"senderKeyId":1182351120,"senderChainKey":{"iteration":4,"seed":"SBQgadrLSKv7YU1MSkdaWtgovEpB4YDeL+XWD6708Yk="},"senderSigningKey":{"public":"BcjUUuWhuZ2vTa0dQpse4bBdVB7HlzuTCpDVQYfzV6lp"},"senderMessageKeys":[]},{"senderKeyId":1182351120,"senderChainKey":{"iteration":7,"seed":"54HibO6e5z3kUUdElR27xOa0jelmRzxxvhjMDygxxn0="},"senderSigningKey":{"public":"BcjUUuWhuZ2vTa0dQpse4bBdVB7HlzuTCpDVQYfzV6lp"},"senderMessageKeys":[]},{"senderKeyId":1182351120,"senderChainKey":{"iteration":9,"seed":"Zg+Bq57YMk/eSGfUjLb6cWXxWuW6sFx2WspMyatYIRg="},"senderSigningKey":{"public":"BcjUUuWhuZ2vTa0dQpse4bBdVB7HlzuTCpDVQYfzV6lp"}}]