[{"senderKeyId":1151683353,"senderChainKey":{"iteration":128,"seed":"w6PxysiGOlMWA+W4GKsNvrJcMcHxGyE9BhZJdIXY6XU="},"senderSigningKey":{"public":"BcJgnZgsS30Ruj5bovc19jsp1XnSDfERPeKC1melDoJq"},"senderMessageKeys":[{},{},{},{},{},{},{},{},{},{},{},{},{},{},{},{},{},{},{},{},{},{},{},{},{},{},{}]},{"senderKeyId":1151683353,"senderChainKey":{"iteration":47,"seed":"6GB2UUuFR5h3oBnviDBLx7tUvWmn3sd6va1tPudXzOw="},"senderSigningKey":{"public":"BcJgnZgsS30Ruj5bovc19jsp1XnSDfERPeKC1melDoJq"},"senderMessageKeys":[]},{"senderKeyId":1151683353,"senderChainKey":{"iteration":48,"seed":"sBt7RvzWr//Zy/eRU93TZWDet5V3hjLkpNRY4MvchG0="},"senderSigningKey":{"public":"BcJgnZgsS30Ruj5bovc19jsp1XnSDfERPeKC1melDoJq"},"senderMessageKeys":[]},{"senderKeyId":1151683353,"senderChainKey":{"iteration":51,"seed":"PrG8+7NH9+v9CVXQ+exGmUvECP8aciGtEXbdTerJtjg="},"senderSigningKey":{"public":"BcJgnZgsS30Ruj5bovc19jsp1XnSDfERPeKC1melDoJq"},"senderMessageKeys":[]},{"senderKeyId":1151683353,"senderChainKey":{"iteration":61,"seed":"TTRXQnNU2geHcdMC9XZFS+BY8XGVfBVZwgRbvf4DQao="},"senderSigningKey":{"public":"BcJgnZgsS30Ruj5bovc19jsp1XnSDfERPeKC1melDoJq"},"senderMessageKeys":[]}]