[{"senderKeyId":765444047,"senderChainKey":{"iteration":1075,"seed":"Tk/qkJ59Cr3pbUu6zCOhUP6zMB/Jr61oWwEy970yLvo="},"senderSigningKey":{"public":"BUKVhio6wAr8pFlVwI7K1iWeatwz2ol4aNw1Ot2P7VMt","private":"0LodUYKqJP4oTrv8v2fPOtR0GLCW6W4ppvZxGOyEI1Y="},"senderMessageKeys":[{"iteration":1,"seed":"8wrEWT0PYyUNm93yUfJwO0umVfeUo47ZKRhNB/B1tMg="},{"iteration":3,"seed":"NUfZ2rXD/Fbces4dopFv8zJmdGciCOAd2imhMef5EkU="},{"iteration":5,"seed":"NoHmTVFpF7UaNniO4EIg9iFdTwfkHJypYehmtetmzYA="},{"iteration":7,"seed":"PMtkkkYiiEuvTTrFQlvwumpII12gDlnxIFHeDRF6PQo="},{"iteration":9,"seed":"wZ6COTusVhhQS/srdrOeQpeU/W/Xox0vB1/QhhovbKs="},{},{},{},{},{},{},{},{},{},{},{},{},{},{},{},{},{},{},{},{},{},{},{},{},{},{},{},{},{},{},{},{},{},{},{},{},{},{},{},{},{},{},{},{},{},{},{},{},{},{},{},{},{},{},{},{},{},{},{},{},{},{},{},{},{},{},{},{},{},{},{},{},{},{},{},{},{},{},{},{},{},{},{},{},{},{},{},{},{},{},{},{},{},{},{},{},{},{},{},{},{},{},{},{},{},{},{},{},{},{},{},{},{},{},{},{},{},{},{},{},{},{},{},{},{},{},{},{},{},{},{},{},{},{},{},{},{},{},{},{},{},{},{},{},{},{},{},{},{},{},{},{},{},{},{},{},{},{},{},{},{},{},{},{},{},{},{},{},{},{},{},{},{},{},{},{},{},{},{},{},{},{},{},{},{},{},{},{},{},{},{},{},{},{},{},{},{},{},{},{},{},{},{},{},{},{},{},{},{},{},{},{},{},{},{},{},{},{},{},{},{},{},{},{},{},{},{},{},{},{},{},{},{},{},{},{},{},{},{},{},{},{},{},{},{},{},{},{},{},{},{},{},{},{},{},{},{},{},{},{},{},{},{},{},{},{},{},{},{},{},{},{},{},{},{},{},{},{},{},{},{},{},{},{},{},{},{},{},{},{},{},{},{},{},{},{},{},{},{},{},{},{},{},{},{},{},{},{},{},{},{},{},{},{},{},{},{},{},{},{},{},{},{},{},{},{},{},{},{},{},{},{},{},{},{},{},{},{},{},{},{},{},{},{},{},{},{},{},{},{},{},{},{},{},{},{},{},{},{},{},{},{},{},{},{},{},{},{},{},{},{},{},{},{},{},{},{},{},{},{},{},{},{},{},{},{},{},{},{},{},{},{},{},{},{},{},{},{},{},{},{},{},{},{},{},{},{},{},{},{},{},{},{},{},{},{},{},{},{},{},{},{},{},{},{},{},{},{},{},{},{},{},{},{},{},{},{},{},{},{},{},{},{},{},{},{},{},{},{},{},{},{},{},{},{},{},{},{},{},{},{},{},{},{},{},{},{},{},{},{},{},{},{},{},{},{},{},{},{},{},{},{},{},{},{},{},{},{},{},{},{},{},{},{},{},{},{},{},{},{},{},{},{},{},{},{},{},{},{},{},{},{},{},{},{},{},{},{},{},{},{},{},{},{},{},{},{},{},{},{},{},{}]}]