[{"senderKeyId":245509847,"senderChainKey":{"iteration":503,"seed":"l1pMSod4H2KLEf2eE6qneECoMNzdAnuqWWCW4GM0Kjk="},"senderSigningKey":{"public":"BREBMt+4OKaY/khfOmm/sz2OKEXjYkyCaK+e7evEwRVa"},"senderMessageKeys":[{},{},{},{},{},{},{},{},{},{},{},{},{},{},{},{},{},{},{},{},{},{},{},{},{},{},{},{},{},{},{},{},{},{},{},{},{},{},{},{},{},{},{},{},{},{},{},{},{},{},{},{},{},{},{},{},{},{},{},{},{},{},{},{},{},{},{},{},{},{},{},{},{},{},{},{},{},{},{},{},{},{},{},{},{},{},{},{},{},{},{},{}]},{"senderKeyId":245509847,"senderChainKey":{"iteration":339,"seed":"4/UYCk70t99T70lU6gEZkeDuSwZfuO/Be8p7Ybn//VI="},"senderSigningKey":{"public":"BREBMt+4OKaY/khfOmm/sz2OKEXjYkyCaK+e7evEwRVa"},"senderMessageKeys":[]},{"senderKeyId":245509847,"senderChainKey":{"iteration":341,"seed":"gzY66fmm4Sky6zPVSLscWb5fH4Fkc0TzakWxlM5NitA="},"senderSigningKey":{"public":"BREBMt+4OKaY/khfOmm/sz2OKEXjYkyCaK+e7evEwRVa"},"senderMessageKeys":[]},{"senderKeyId":245509847,"senderChainKey":{"iteration":345,"seed":"0g77y7JB7OfGg0Qkmwn0jtPBYQfVccttwwQPbt/GkyI="},"senderSigningKey":{"public":"BREBMt+4OKaY/khfOmm/sz2OKEXjYkyCaK+e7evEwRVa"},"senderMessageKeys":[]},{"senderKeyId":245509847,"senderChainKey":{"iteration":347,"seed":"rHprbhHTr7rql5epBhiqBAgHRu7MojonsKNLI3GYFNE="},"senderSigningKey":{"public":"BREBMt+4OKaY/khfOmm/sz2OKEXjYkyCaK+e7evEwRVa"},"senderMessageKeys":[]}]