[{"senderKeyId":1326746943,"senderChainKey":{"iteration":0,"seed":"qURhOlENT/SLDo/5XOaFELwBkq/yE5mgcPnezikYAXc="},"senderSigningKey":{"public":"BTN1kBcTB3KiWLV3YxuSFvrd1eWXLpHO/pHFL4xo0Y1w"},"senderMessageKeys":[]},{"senderKeyId":60279124,"senderChainKey":{"iteration":0,"seed":"2pzCkVJDFzfxSoWlbELUQUs8Jvgf4EfRUf8GarDjWnk="},"senderSigningKey":{"public":"BcSd6w/agILc/5BzvvlpDNmTMYxOwJ6EkDQs8LbjQcM1"},"senderMessageKeys":[]},{"senderKeyId":1383560504,"senderChainKey":{"iteration":0,"seed":"3KcbC7CDMrEOi8iajqw0guL04FPkuvkJBytjN+eQOKI="},"senderSigningKey":{"public":"BTteSrdMiCWtj56xbqz29pw0aSMnV4eveRuZrqSku6BS"},"senderMessageKeys":[]},{"senderKeyId":558399146,"senderChainKey":{"iteration":0,"seed":"tXsg3L2C4y5VLNOLt0jyw+mkGB4H0LZHFNPGBNmTlcQ="},"senderSigningKey":{"public":"BXpybDbzKN7YltpMG9K8KKEdCDlOtVfGbMa3HB2/x6wO"}}]