[{"senderKeyId":1840542488,"senderChainKey":{"iteration":711,"seed":"7qTrAHO844Iid1Nhzq/u7qeSiY6PxloRmxFm1pD9sCI="},"senderSigningKey":{"public":"BeaTDVhPlWTbknLJnEL+NiSoUlJxiKXRv7NfxZaQE3Zw"},"senderMessageKeys":[{},{},{},{},{},{},{},{},{},{},{},{},{},{},{},{},{},{},{},{},{},{},{},{},{},{},{},{},{},{},{},{},{},{},{},{},{},{},{},{},{},{},{},{},{},{},{},{},{},{},{},{},{},{},{},{},{},{},{},{},{},{},{},{},{},{},{},{},{},{},{},{},{},{},{},{},{},{},{},{},{},{},{},{},{},{},{},{},{},{},{},{},{},{},{},{},{},{},{},{},{},{},{},{},{},{},{},{},{},{},{},{},{},{},{},{},{},{},{},{},{},{},{},{},{},{},{},{},{},{},{},{},{},{},{},{},{},{},{},{},{},{},{},{},{},{},{},{},{},{},{},{},{},{},{},{},{},{},{},{},{},{},{},{},{},{},{},{},{},{},{},{},{},{},{},{},{},{},{},{},{},{},{},{},{},{},{},{},{},{},{},{},{},{},{},{},{},{},{},{},{},{},{},{},{},{},{},{},{},{},{},{},{},{},{},{},{},{},{},{},{},{},{},{},{},{},{},{},{},{},{},{},{},{},{},{},{},{},{},{},{},{},{},{}]},{"senderKeyId":1840542488,"senderChainKey":{"iteration":321,"seed":"/e18gAlDTeSe5+UOSrbZ2kzyF1pV7RpR8f3UxKZ/wBs="},"senderSigningKey":{"public":"BeaTDVhPlWTbknLJnEL+NiSoUlJxiKXRv7NfxZaQE3Zw"},"senderMessageKeys":[]},{"senderKeyId":1840542488,"senderChainKey":{"iteration":373,"seed":"26J9jvLBrmvH4QB6yNlVDwCUOcmgJpokMlmnTIdAaLU="},"senderSigningKey":{"public":"BeaTDVhPlWTbknLJnEL+NiSoUlJxiKXRv7NfxZaQE3Zw"},"senderMessageKeys":[]},{"senderKeyId":1840542488,"senderChainKey":{"iteration":377,"seed":"JZv+mdcV5IZGt1uRAM7IU8+m9kCxpwbXH1Zwc4ZPZXM="},"senderSigningKey":{"public":"BeaTDVhPlWTbknLJnEL+NiSoUlJxiKXRv7NfxZaQE3Zw"},"senderMessageKeys":[]},{"senderKeyId":1840542488,"senderChainKey":{"iteration":395,"seed":"rrkBxmZevxPO5vYy2oh5ypfIkLq3/L0pAdbCDzRo+nU="},"senderSigningKey":{"public":"BeaTDVhPlWTbknLJnEL+NiSoUlJxiKXRv7NfxZaQE3Zw"},"senderMessageKeys":[]}]