[{"senderKeyId":350402403,"senderChainKey":{"iteration":20,"seed":"cUMrBE8g5TS44zQYCBhCo+gw/saurCrg0hNMoIpyQw8="},"senderSigningKey":{"public":"BcMuMp1MnVCbqR7ua51qKbTPOoOeTWu9MnhwWC4mOGVk"},"senderMessageKeys":[]},{"senderKeyId":957720329,"senderChainKey":{"iteration":7,"seed":"3dTSHgbu5rfiTcN1fqx+A1ih+tdj4sMNKxKbhZAQZao="},"senderSigningKey":{"public":"BUhHLmhae6eD7PlMDv/35WSgqFdkSnmVAqy8P4TlW6JN"},"senderMessageKeys":[]},{"senderKeyId":714118232,"senderChainKey":{"iteration":9,"seed":"AaRsNKurtKE6wJxa7/lLV3AzFjQPJc6pRy33BgP+37U="},"senderSigningKey":{"public":"BXK/nEreMH7ZicneUx8zFvLNp3525WDGT/vtgH4t4rAX"},"senderMessageKeys":[]},{"senderKeyId":2068208087,"senderChainKey":{"iteration":103,"seed":"PLIELOujH6L36w6mi+f9egpbgYkB4mp2oZbLXZOAvnA="},"senderSigningKey":{"public":"BVX4M13ognfWf+cw8DSuLahsPHH5v5jVwL5bI5Far/gl"},"senderMessageKeys":[]}]