[{"senderKeyId":1922398364,"senderChainKey":{"iteration":449,"seed":"bh2eczMRG2ljaSfxeR47hxCT7NB4t6GmOJCqbpQ/U/k="},"senderSigningKey":{"public":"BcKlVWlmi7qJNNSOGWrQBDcuuDoR2Ndzcn9olEImPPBC","private":"yFczlJUzbNQgLteR4mO/+cYaId3tCUC6D7XfE398jkQ="},"senderMessageKeys":[{"iteration":1,"seed":"SI9QYqTo4ILEDvEXdhcjyFk/VGa3zDup5EK4p2IVY8g="},{},{},{},{},{},{},{},{},{},{},{},{},{},{},{},{},{},{},{},{},{},{},{},{},{},{},{},{},{},{},{},{},{},{},{},{},{},{},{},{},{},{},{},{},{},{},{},{},{},{},{},{},{},{},{},{},{},{},{},{},{},{},{},{},{},{},{},{},{},{},{},{},{},{},{},{},{},{},{},{},{},{},{},{},{},{},{},{},{},{},{},{},{},{},{},{},{},{},{},{},{},{},{},{},{},{},{},{},{},{},{},{},{},{},{},{},{},{},{},{},{},{},{},{},{},{},{},{},{},{},{},{},{},{},{},{},{},{},{},{},{},{},{},{},{},{},{},{},{},{},{},{},{},{},{},{},{},{},{},{},{},{},{},{},{},{},{},{},{},{},{},{},{},{},{},{},{},{},{},{},{},{},{},{},{},{},{},{},{},{},{},{},{},{},{},{},{},{},{},{},{},{},{},{},{},{},{},{},{},{},{},{},{},{},{},{},{},{},{},{},{},{},{}]}]