[{"senderKeyId":154089577,"senderChainKey":{"iteration":357,"seed":"apDrhgmpdkpXXb80hcZwwtSxVQKoHx5Z3FGPaRFjU3M="},"senderSigningKey":{"public":"BXazLGMT25bvfVG/vfpldrEaB4QipEqBzBT8w4hzeq49"},"senderMessageKeys":[{"iteration":349,"seed":"arGGeKKvQtK17sBqXFen8c8Ap0CHumkEo+8PA+JLgbE="},{"iteration":351,"seed":"L5fkR3YSk2B/F1UnWbciseRHAfcVhVRkufefO1PBuZw="},{"iteration":353,"seed":"E8OHSQMySQSmDZFrMg5j2VeJC9EVxzKvNB/NB6KaA0o="},{"iteration":355,"seed":"w9YrOVykpUtk4LrVbjQac79pWEp7lD5ZLibzM9RZeg8="}]},{"senderKeyId":1627656151,"senderChainKey":{"iteration":49,"seed":"8leIqmy7i9rr0hphJAUYhrX7kJeHdat3LF/ie1/rXnI="},"senderSigningKey":{"public":"BSlaNU3honGJKlBdGxgNVVtqDht2fpWuYS5w+gHzjs1i"},"senderMessageKeys":[{"iteration":1,"seed":"vLKvd1/6VJcBv307a2r36hZmZmfdxnWVGiGMyp2EOdo="},{"iteration":3,"seed":"3dnpTOXwrMzQD7VDaJgsREJU+VbE6suMa/C4hJjKvuM="},{"iteration":5,"seed":"sEaeOgWgC8dCfahDARE+VdOpdINvI3dPaJeBIfBcI/o="},{"iteration":7,"seed":"phyTEAFbxTirHCHGFg8Q1Zj0n8gxLJvZwH+xI7Qv6O0="},{"iteration":9,"seed":"2drWAtiOLVFbOd9Lab3R8n2iO3GV5IjwuAKf6vW4e58="},{},{},{},{},{},{},{},{},{},{},{},{},{},{},{},{},{},{},{}]},{"senderKeyId":560338429,"senderChainKey":{"iteration":85,"seed":"KATb/beTc+vmkKfLOXPJ4zRKVg8a0zngm9kQB6crnv8="},"senderSigningKey":{"public":"BQOE0b1MszN0ZAmqtdJZbIgKMeMZhyRf3r4kX1J6qRlA"},"senderMessageKeys":[{"iteration":1,"seed":"7lWbcrvQN33m8k0Us57vCHyXCTHWmSNV53ePwHfnMUM="},{"iteration":3,"seed":"hoCRMYmLiss+8BImKo3BAaUdOR5dFkGC+CYQdgjhoug="},{"iteration":5,"seed":"6si2nrOkH5ZZCtdjaUIvY+WUpy95VFn/Fm6DAtpBFcA="},{},{},{},{},{},{},{},{},{},{},{},{},{},{},{},{},{},{},{},{},{},{},{},{},{},{},{},{},{},{},{},{},{},{},{},{},{},{},{}]},{"senderKeyId":758542008,"senderChainKey":{"iteration":7,"seed":"ikhTW0MS+ZHndZ/lsOHIOgNAuysya9POJsoPbaA6cWc="},"senderSigningKey":{"public":"BfFHQtnRtXuJlJLrLnWr0fdGuLl/WPj/pGdqYukzzZYl"},"senderMessageKeys":[{"iteration":1,"seed":"gW+HISzGnxDuG37GIp4uggFXHGAHXZGAc9awu2Ef4Eo="},{"iteration":3,"seed":"3wnd8RbGM7kUwjoP/q26xCpXD0yZNNu09UTwPTn9b0s="},{"iteration":5,"seed":"WHQ7BMmvJSmWq5HWbuJW4LXjYFx5UPl+d/eIAi2RzqI="}]}]