[{"senderKeyId":766055119,"senderChainKey":{"iteration":90,"seed":"6CLjbk5aYx3C3sG4E/fd58hc6g50OLn96Hw1v51Go4w="},"senderSigningKey":{"public":"BfEQzZj9hctLV0qUZ1iGF32Lz7ydTgRHaSYGmV1qYV03"},"senderMessageKeys":[]},{"senderKeyId":1920258259,"senderChainKey":{"iteration":88,"seed":"DMo2ZOP/u/QsY0R9LNSIzsMUYPB+2Kld1D7wu3uEp0Q="},"senderSigningKey":{"public":"BTunYuPz1vAFHXrwpy8jYb9kXgJefhJFQXKmAavYXU9F"},"senderMessageKeys":[{}]},{"senderKeyId":371626786,"senderChainKey":{"iteration":120,"seed":"i4p9Dccy6DO+MhDPxCGtRr2oYj7xckkA4S63mjHWpdg="},"senderSigningKey":{"public":"Bd+kgR2aaW8+CHhNMUuNSKTqiCUPbnyV3PCZkyoJYjM2"},"senderMessageKeys":[]},{"senderKeyId":502980305,"senderChainKey":{"iteration":32,"seed":"UK0AwRZzUeayNKMEd6FsndtcxEY1tYr/ku0TYYr4mxM="},"senderSigningKey":{"public":"Bchg+B77dOk93BTj57ZpOVbkmoDXMt4LZvtY5kWPJ8Fn"},"senderMessageKeys":[]},{"senderKeyId":213004367,"senderChainKey":{"iteration":49,"seed":"WFQX6jKaj/Ai6jssqmm7rRWBkYeOj7npOPYm1Fz5Psg="},"senderSigningKey":{"public":"BarIt7aJemZk6SdYXWTtG11Ai1AtALsH0rJPaePFBngP"}}]