[{"senderKeyId":91676632,"senderChainKey":{"iteration":0,"seed":"MOrbyGqcgBS5R7+47/BxgrZLfBPVFoYV3dBzPnEhNB4="},"senderSigningKey":{"public":"BVDFcj0XUD1yG7WjuIQwIW4wUPJExvHEoO4kCcC2esZd"},"senderMessageKeys":[]},{"senderKeyId":277717392,"senderChainKey":{"iteration":0,"seed":"g1zBEl0hDK51ykbAWwl405BhOV7Xy9plKvWxMuEAAFQ="},"senderSigningKey":{"public":"BVMD1fyRE+qkdofwcYleq4cSpN5JAmP+2hMmzPOGO+IA"},"senderMessageKeys":[]},{"senderKeyId":277717392,"senderChainKey":{"iteration":0,"seed":"g1zBEl0hDK51ykbAWwl405BhOV7Xy9plKvWxMuEAAFQ="},"senderSigningKey":{"public":"BVMD1fyRE+qkdofwcYleq4cSpN5JAmP+2hMmzPOGO+IA"},"senderMessageKeys":[]},{"senderKeyId":277717392,"senderChainKey":{"iteration":0,"seed":"g1zBEl0hDK51ykbAWwl405BhOV7Xy9plKvWxMuEAAFQ="},"senderSigningKey":{"public":"BVMD1fyRE+qkdofwcYleq4cSpN5JAmP+2hMmzPOGO+IA"}},{"senderKeyId":277717392,"senderChainKey":{"iteration":0,"seed":"g1zBEl0hDK51ykbAWwl405BhOV7Xy9plKvWxMuEAAFQ="},"senderSigningKey":{"public":"BVMD1fyRE+qkdofwcYleq4cSpN5JAmP+2hMmzPOGO+IA"}}]