[{"senderKeyId":514143383,"senderChainKey":{"iteration":85,"seed":"zT55lfWVnWsTO3AxSaj86xXJGrTjnEXy+o3AVFX4jB0="},"senderSigningKey":{"public":"BYldogxaYG4L4n4G1SyGLWoHpWmXVPCVlEY/qoN5kVVT"},"senderMessageKeys":[{},{},{},{},{},{},{},{},{},{},{},{},{},{},{},{},{},{},{},{},{},{},{},{},{},{},{},{},{},{},{},{},{},{},{},{},{},{},{},{},{},{},{},{},{},{},{},{},{},{},{},{},{},{},{},{},{},{},{},{},{},{},{},{},{},{},{},{}]},{"senderKeyId":514143383,"senderChainKey":{"iteration":27,"seed":"ZnEPdG3be/pc73jWTxsvah6QubETcMc+FVp7LOyeYqc="},"senderSigningKey":{"public":"BYldogxaYG4L4n4G1SyGLWoHpWmXVPCVlEY/qoN5kVVT"},"senderMessageKeys":[]},{"senderKeyId":514143383,"senderChainKey":{"iteration":69,"seed":"PDb9ByziqIrX3qARYbMSHTf2ljmKYUY57Y7Cf9GPcOU="},"senderSigningKey":{"public":"BYldogxaYG4L4n4G1SyGLWoHpWmXVPCVlEY/qoN5kVVT"},"senderMessageKeys":[]},{"senderKeyId":514143383,"senderChainKey":{"iteration":83,"seed":"mMf+7Qcb12yRm+oqru8zsQE1A2qUO+dihnvC31KLuyw="},"senderSigningKey":{"public":"BYldogxaYG4L4n4G1SyGLWoHpWmXVPCVlEY/qoN5kVVT"}}]