[{"senderKeyId":1189473966,"senderChainKey":{"iteration":7,"seed":"ua5IJJT1E5lxlgCneVq81Q81XfvmBkuN4IYavK198OM="},"senderSigningKey":{"public":"BbdUjI/hWRmG+r3ZFebA1FULSSoYjAmvVdh+iXTtvs1y"},"senderMessageKeys":[{"iteration":1,"seed":"PXDZF8AQOGNQ1vVTlNenMzJCaIYoxPkUev3SoGLNzZo="},{},{}]},{"senderKeyId":1189473966,"senderChainKey":{"iteration":1,"seed":"DdDuDs4QePFDbRYzcVRJ+VdC7XIJUw+GaokKycxgA1g="},"senderSigningKey":{"public":"BbdUjI/hWRmG+r3ZFebA1FULSSoYjAmvVdh+iXTtvs1y"},"senderMessageKeys":[]},{"senderKeyId":1189473966,"senderChainKey":{"iteration":3,"seed":"cfU3UOtOI2v9Z+x8UGusWhv/BON3YiqA1pCV3ok6TAU="},"senderSigningKey":{"public":"BbdUjI/hWRmG+r3ZFebA1FULSSoYjAmvVdh+iXTtvs1y"},"senderMessageKeys":[]},{"senderKeyId":1189473966,"senderChainKey":{"iteration":5,"seed":"Kr6NgrhiBXwE4Fai6rl05brunDrN3KpFxbyo6/mrQAk="},"senderSigningKey":{"public":"BbdUjI/hWRmG+r3ZFebA1FULSSoYjAmvVdh+iXTtvs1y"}}]