[{"senderKeyId":1544070605,"senderChainKey":{"iteration":1,"seed":"+osJ5Xrhac9Ok+xbKy2VfOjNYBSfITnMAHfeN638hCg="},"senderSigningKey":{"public":"BWWmRLO46Uvd7S18pDm1xVRQD296AM1T9aT4zfWyS+cq"},"senderMessageKeys":[]},{"senderKeyId":1410789652,"senderChainKey":{"iteration":7,"seed":"SR9d/iHeRyb3azlwv/Rigjkol87ANf7f+Gb9f6WT3JY="},"senderSigningKey":{"public":"BXkzI4koK5XheMIHeQL8XUJ8WGlAO3ee16nv3XetIFhd"},"senderMessageKeys":[]},{"senderKeyId":1410789652,"senderChainKey":{"iteration":5,"seed":"Lr9L0kPy0/CaZ2XF8H5/BVS6hKaMqEuB34d8J3udbKw="},"senderSigningKey":{"public":"BXkzI4koK5XheMIHeQL8XUJ8WGlAO3ee16nv3XetIFhd"}}]