[{"senderKeyId":1078910311,"senderChainKey":{"iteration":19,"seed":"KoPgsch71DwAM9FgidooY6JHFzFO4xqyW2ryFTZ0zdo="},"senderSigningKey":{"public":"BULpug2Ls9D2ye4fUDroXqUXGhD6Q/eUag9700a3AOoZ"},"senderMessageKeys":[{"iteration":1,"seed":"YofvaDh/uSOY6IfldZFeFqElVPFf20e75RX6tUPWmLY="},{"iteration":3,"seed":"NtNgjoPuNKzPZplEVnwKLKai1U++FwUtrF76A8Mf7ek="},{},{},{},{},{},{},{}]},{"senderKeyId":1078910311,"senderChainKey":{"iteration":3,"seed":"8D57rEV576yb6OG/A6x9BJ7nWY+2A37UPIHhJwDGXAI="},"senderSigningKey":{"public":"BULpug2Ls9D2ye4fUDroXqUXGhD6Q/eUag9700a3AOoZ"},"senderMessageKeys":[]},{"senderKeyId":1078910311,"senderChainKey":{"iteration":7,"seed":"z08sjlhgn2AEZ3AdAp55BHyQmVJEZLSh+NlQAQMF4yI="},"senderSigningKey":{"public":"BULpug2Ls9D2ye4fUDroXqUXGhD6Q/eUag9700a3AOoZ"},"senderMessageKeys":[]}]