[{"senderKeyId":1550356752,"senderChainKey":{"iteration":1265,"seed":"ghEbtZH29xCKVSA5x/rqbUY4caTEOx6ZnwAK4x2OlZA="},"senderSigningKey":{"public":"BeFGm7B0PH0qfy8IOOEJnBKy0ZMukZVGx8Wr0rTh7qEh"},"senderMessageKeys":[{"iteration":1065,"seed":"ZGAOSazHDuS7B35GuJ2KRZghVA8d9Zxtig/z51thKwA="},{"iteration":1067,"seed":"mb5kOHait7q0NGgcvJuXIJ1YJYYmUwMsAk13gQnwHCs="},{},{},{},{},{},{},{},{},{},{},{},{},{},{},{},{},{},{},{},{},{},{},{},{},{},{},{},{},{},{},{},{},{},{},{},{},{},{},{},{},{},{},{},{},{},{},{},{},{},{},{},{},{},{},{},{},{},{},{},{},{},{},{},{},{},{},{},{},{},{},{},{},{},{},{},{},{},{},{},{},{},{},{},{},{},{},{},{},{},{},{},{},{},{},{},{},{},{}]},{"senderKeyId":1550356752,"senderChainKey":{"iteration":1069,"seed":"C16DAt8kBf4GkecWuDhYTRGvIEkO9O74XPUcoAfBQ9U="},"senderSigningKey":{"public":"BeFGm7B0PH0qfy8IOOEJnBKy0ZMukZVGx8Wr0rTh7qEh"},"senderMessageKeys":[]},{"senderKeyId":1550356752,"senderChainKey":{"iteration":1137,"seed":"J/eI2WetwTDhndWyOn8nKoeau8yk0GMQR8aDFo+2F4c="},"senderSigningKey":{"public":"BeFGm7B0PH0qfy8IOOEJnBKy0ZMukZVGx8Wr0rTh7qEh"},"senderMessageKeys":[]},{"senderKeyId":1550356752,"senderChainKey":{"iteration":1139,"seed":"J59AC+M3mvkR39vuRHE21iIuMlGOLHgkGvEhkm1YwFw="},"senderSigningKey":{"public":"BeFGm7B0PH0qfy8IOOEJnBKy0ZMukZVGx8Wr0rTh7qEh"},"senderMessageKeys":[]},{"senderKeyId":1550356752,"senderChainKey":{"iteration":1169,"seed":"JV4hxWFdm4JepXVteksX74BibvZxZICqjoXQ8PV8XUU="},"senderSigningKey":{"public":"BeFGm7B0PH0qfy8IOOEJnBKy0ZMukZVGx8Wr0rTh7qEh"},"senderMessageKeys":[]}]