[{"senderKeyId":606194956,"senderChainKey":{"iteration":91,"seed":"/WGjI9aFERPgfEvVVREp5NtBEyVP1q77uNUwK7yfwqs="},"senderSigningKey":{"public":"BVqs3MfjhHpvkztLVWWAif8SLsDxRHFcKoDTHTEJbog+"},"senderMessageKeys":[{},{},{},{},{},{},{},{},{},{},{},{},{},{},{},{},{},{},{},{},{},{},{},{},{},{},{},{},{},{},{},{},{},{},{},{},{},{},{},{},{},{},{},{},{},{},{},{},{},{},{},{},{},{}]},{"senderKeyId":606194956,"senderChainKey":{"iteration":39,"seed":"tpaoE0DMbgHGWQsvTlvT15ypL+zVaRUlp+nHreKKOfA="},"senderSigningKey":{"public":"BVqs3MfjhHpvkztLVWWAif8SLsDxRHFcKoDTHTEJbog+"},"senderMessageKeys":[]},{"senderKeyId":606194956,"senderChainKey":{"iteration":51,"seed":"75iP04JNtXwKjs5QEVDas+nZiac7iuVoWXK47s6HLXM="},"senderSigningKey":{"public":"BVqs3MfjhHpvkztLVWWAif8SLsDxRHFcKoDTHTEJbog+"},"senderMessageKeys":[]},{"senderKeyId":606194956,"senderChainKey":{"iteration":67,"seed":"3A56ytT6NvWj7eK0S0t3bx1ukzGeo49iNoc4kEANIRs="},"senderSigningKey":{"public":"BVqs3MfjhHpvkztLVWWAif8SLsDxRHFcKoDTHTEJbog+"},"senderMessageKeys":[]},{"senderKeyId":606194956,"senderChainKey":{"iteration":75,"seed":"mwk4qHYCJsUDoTnX9FzuuZOBR3vnaCUpoiuqJQTqqm4="},"senderSigningKey":{"public":"BVqs3MfjhHpvkztLVWWAif8SLsDxRHFcKoDTHTEJbog+"},"senderMessageKeys":[]}]