[{"senderKeyId":1484228611,"senderChainKey":{"iteration":169,"seed":"+37hLq47SDlrATQdcjzQFp0xwTlioIOKOG2Jh4qPZZQ="},"senderSigningKey":{"public":"BV7IyQkeC+HJOiL3ednn0Xokwv5AROMdl0P/82SBmm0W"},"senderMessageKeys":[]},{"senderKeyId":1484228611,"senderChainKey":{"iteration":47,"seed":"dmrTF4EgFv/rk3Wc6eqIKfshXN7ppeoslMiKuFSG8x0="},"senderSigningKey":{"public":"BV7IyQkeC+HJOiL3ednn0Xokwv5AROMdl0P/82SBmm0W"},"senderMessageKeys":[]},{"senderKeyId":1484228611,"senderChainKey":{"iteration":66,"seed":"FVVYHzDhKXHqOgnEQJiqiOLKT0Y3dkJeLQQOPZlVqms="},"senderSigningKey":{"public":"BV7IyQkeC+HJOiL3ednn0Xokwv5AROMdl0P/82SBmm0W"},"senderMessageKeys":[]},{"senderKeyId":1484228611,"senderChainKey":{"iteration":152,"seed":"UJWOwGyj9Fj/MW0KIUY8dR0xuB6d8ZfyjylRx2nKwEk="},"senderSigningKey":{"public":"BV7IyQkeC+HJOiL3ednn0Xokwv5AROMdl0P/82SBmm0W"},"senderMessageKeys":[]}]