[{"senderKeyId":191267247,"senderChainKey":{"iteration":52,"seed":"j+OtV7x9wdidAPb9eh1SrDugdr6RuSukWMrFYOXZG2Q="},"senderSigningKey":{"public":"BUxm2FwQYUEBKwr41fNnpdnjh0dmAAwvq8BYCwzFpCEK"},"senderMessageKeys":[]},{"senderKeyId":1073678808,"senderChainKey":{"iteration":1,"seed":"5EzeSMxPu1N4yNeKQD+qlyXPAqotr5DiUyrmo8fLdpc="},"senderSigningKey":{"public":"BYflhec1Sv5T8CttKTfnKU4dG/x30FX3S2b2dn6/OM8u"},"senderMessageKeys":[]},{"senderKeyId":751202580,"senderChainKey":{"iteration":2,"seed":"Ke5/pp6RtL7ZAYoxwWtgjbejqLe2oefnBga3VwECoeQ="},"senderSigningKey":{"public":"BWJTa6pRV1otPTpR7SYJnD4rmNw/Vx6VS4Ze1IMDi7lh"},"senderMessageKeys":[]},{"senderKeyId":126575504,"senderChainKey":{"iteration":1,"seed":"HSFU2qTCO8qskphluXAxVUKEvqI4Y50/6wMW19++3kw="},"senderSigningKey":{"public":"BSEO545r1ZcAvJDGvERq6kFWAfpvr/8twttUJ6BhOltc"}}]