[{"senderKeyId":707534028,"senderChainKey":{"iteration":17,"seed":"s8/KaaOg6DetIW127nipqe7v1NtkPy75Ct7f8HNzIYY="},"senderSigningKey":{"public":"BdakIpKDRQz7UatK3P74cCntFdiaYXypMbn9SYv8kzxK"},"senderMessageKeys":[{},{},{},{},{},{},{},{}]},{"senderKeyId":707534028,"senderChainKey":{"iteration":1,"seed":"R53xpqMaW2x80ce91RKz+U6FxssPUEvwke36wJ81eRs="},"senderSigningKey":{"public":"BdakIpKDRQz7UatK3P74cCntFdiaYXypMbn9SYv8kzxK"},"senderMessageKeys":[]},{"senderKeyId":707534028,"senderChainKey":{"iteration":3,"seed":"U9EoSEEQMXFQk0+jYs+DZQu8lULWijARe+Y4MkNz6BU="},"senderSigningKey":{"public":"BdakIpKDRQz7UatK3P74cCntFdiaYXypMbn9SYv8kzxK"},"senderMessageKeys":[]},{"senderKeyId":707534028,"senderChainKey":{"iteration":5,"seed":"7PDTdzVVqx094KPjxk0RODXhJ5wRRbcmMo8dgqRY3sI="},"senderSigningKey":{"public":"BdakIpKDRQz7UatK3P74cCntFdiaYXypMbn9SYv8kzxK"},"senderMessageKeys":[]},{"senderKeyId":707534028,"senderChainKey":{"iteration":11,"seed":"FioGGfsv+AFrz4RN7PO+LmzIXXC4p7k8SQd7oTprOO4="},"senderSigningKey":{"public":"BdakIpKDRQz7UatK3P74cCntFdiaYXypMbn9SYv8kzxK"},"senderMessageKeys":[]}]