[{"senderKeyId":1109661912,"senderChainKey":{"iteration":0,"seed":"2m0rHM7AxafQjM5LVF7zNq/PxV0VqNkl2+nJjnfrUPU="},"senderSigningKey":{"public":"BRx2rDcrZz2z6k2B7oMdzJ3hUJBCpUptIM8S7m8ZTQQ/"},"senderMessageKeys":[]},{"senderKeyId":486918442,"senderChainKey":{"iteration":1,"seed":"fJWMICE+kPeiTI2I8xVnkQipIBfvGDJrER6Pzbm+hnQ="},"senderSigningKey":{"public":"BdgEGwId/jLD0CftwzYMUau/7Qwdu7v5uyEtdJ3UT4IU"},"senderMessageKeys":[]},{"senderKeyId":944198837,"senderChainKey":{"iteration":3,"seed":"crQTFoKkM0ILKSyGY4yCQareu23W8WA3gTFTspnrJHQ="},"senderSigningKey":{"public":"BaRMIVhqpkdkaHDiPfau98yZhGyMjVkojeXi7wxOlYp5"}}]