[{"senderKeyId":1185062750,"senderChainKey":{"iteration":285,"seed":"wL7yzxv7ZFKvgbETLrDXC6b+F2tx82aaBoIv2P6fjmc="},"senderSigningKey":{"public":"BdJqUlt86TAflxjZuPTLx/dpw03W5ZgPZaoFqIrtOEoO"},"senderMessageKeys":[{"iteration":1,"seed":"+6KjS1EMTtlKq0Vb4OEhoocl5BdD4a6Canc6nq2X8Ro="},{"iteration":2,"seed":"LM90L4yLyZ7ENy3bCXsbbQeaTuyzmXcnw1u+gtFmRs8="},{"iteration":3,"seed":"MUripEEa1XYbDPmhTSfTAkUUAVa45asCJX9sqbZdOPI="},{"iteration":4,"seed":"C3k7bHwpqmX7rhXIj11iftpgk3V5ikZpTw/nQ2L6je8="},{"iteration":5,"seed":"TJeJCONYD3CO5GSHztvxg6SiyZzeB8RiYLcbBe/qdFI="},{"iteration":7,"seed":"YQDJ6u0/QPaqv86OI2Y6HoBC9oySYZK4X3WljbsX0Qg="},{"iteration":8,"seed":"5IzeZj57ddWuYjRhjmdUCqAQeOFfy7Qs4dyqTtL6Hes="},{"iteration":9,"seed":"9P33niGBuzj6/1HXJWRKDmZMMWlm23UiTGXcxQGB7GM="},{"iteration":10,"seed":"UV8Zb0QNpV52/+mKEYKgADzyGYwEM66H4hPpd/jP6BM="},{"iteration":11,"seed":"7okXVNs4aou/BO4DsKJa6KKPBKJ/eHi9SIKoQMc6yg0="},{"iteration":13,"seed":"aDgtXhmyloUfcL45QB0b+aRH2GBZTgQcJ68MxktOTEU="},{"iteration":14,"seed":"8RxDgBMId0gz+aGepKcxsPxxjkdyFM0tHYj8p2u7j0s="},{"iteration":15,"seed":"9rwtlNhR74osEVCG7AH+uFGDhDfzX6TtKm8Tx6M4rGA="},{"iteration":16,"seed":"S7hYS4D6YJCdC7Es1e3AlhKocby3DqLcD6RW/FoB7jQ="},{"iteration":17,"seed":"zVh3pv17yVkNgvr2mR1PFfgloWXdsByTxAjZqIvPxjY="},{"iteration":19,"seed":"ALGDxMjnO6jsgyDaS0hAII48xz+YOjtzhBT/ujfegXo="},{"iteration":20,"seed":"JO8PEHIKDkex/DBtIFIp2Ff0KI2y7xeeIyV5Ri9PUME="},{"iteration":21,"seed":"VfEgZPyPXs8gwuakcwSgZyHD20Qtnu79XMRpyZLHyCM="},{"iteration":22,"seed":"5Cb6yzqljX92EgAhe+V7C1tAM0glJZk46GEXcQkGB80="},{"iteration":23,"seed":"NdOGdKa8Czhn7+gGfxj/wNfWC6FTecxSFQKsme2e3gs="},{"iteration":25,"seed":"JrzN0IvuDnqynOAFYpEvx8lAWwVmN+Q/KCfURPsuhz0="},{"iteration":26,"seed":"SgRG9txDbaJjnrFpv0nx4jV6xf6JziMqGvAcDyxHyws="},{"iteration":27,"seed":"mdU6fv01mrNlfRQuWlKIaTwxRsCVgMKlHgERtaeuldY="},{"iteration":28,"seed":"5SJ85trQfszTxbzKjU4taizavwahAQYuBMK6kj7dHZU="},{"iteration":29,"seed":"Q/cD4o4z9BLMuGmkJ2x7vRO/7b9MsaaIGtC1Cr+Mtgk="},{"iteration":31,"seed":"OSNHjbhnBxd6wEdJQF1crKjc0kCKh4IfKAMl9y37goc="},{"iteration":32,"seed":"OA9hmAJzr2EPnhOUyYTleowG5II/K8WotVAqDTfinBs="},{"iteration":33,"seed":"hcrRaocPuY3XU04D96BTXf4m2zmgg+0q/aCGnayWCzY="},{"iteration":35,"seed":"hyiXkPRCxlZDWYMlwvXN5J/Vq1FhY9Y6asZlAKsPNxc="},{"iteration":36,"seed":"Y0Hq7X0ok7d5fUWELDppcvL4ixmPzVKXSy1FI5wXIM0="},{"iteration":37,"seed":"uuMNCx4HlgPeo0PhwqBGfaPHAsR+V1Glz1knC71zVBA="},{"iteration":39,"seed":"UHT03DyVvSqKvbWDHzcJu+llnVvwiUyT0R1HHG0kC24="},{"iteration":40,"seed":"DXX58phMyJm/gLj99eg2JEb3UJYF1muN1+nFzcJPlDk="},{"iteration":41,"seed":"8c1WLyZ8dTY6BbWIpovcSBr9Kv3xFlnQ4IsEtEIH0+Q="},{"iteration":42,"seed":"lwAAyoxlUXe5F+Rj4F7QBycOVr/HbzV+LRlxvma4i0Y="},{"iteration":43,"seed":"9X/Iziz0btsyNaR1WGjFmTBw/gT/YEgxTQtj1N/eSCk="},{"iteration":45,"seed":"ulJsFq+GB3dUU19ivzixb3dZg6Aob89kGUNigGuMCgU="},{"iteration":46,"seed":"dTPWN2ygRSsm3fwiMXmnePVVy45xIPkn7jqwCfZmVvA="},{"iteration":47,"seed":"lbZ0dZRd2lfxIQZ7hYBikorIdnn7m4gck8YTMHTkpbc="},{},{},{},{},{},{},{},{},{},{},{},{},{},{},{},{},{},{},{},{},{},{},{},{},{},{},{},{},{},{},{},{},{},{},{},{},{},{},{},{},{},{},{},{},{},{},{},{},{},{},{},{},{},{},{},{},{},{},{},{},{},{},{},{},{},{},{},{},{},{},{},{},{},{},{},{},{},{},{},{},{},{},{},{},{},{},{},{},{},{},{},{},{},{},{},{},{},{},{},{},{},{},{},{},{},{},{},{},{},{},{},{},{},{},{},{},{},{},{},{},{},{},{},{},{},{},{},{},{},{},{},{},{},{},{},{},{},{},{},{},{},{},{},{},{},{},{},{},{},{},{},{},{},{},{},{},{},{},{},{},{},{},{},{},{},{},{},{},{},{},{},{},{},{},{},{}]},{"senderKeyId":1185062750,"senderChainKey":{"iteration":37,"seed":"F6Z3Ftg7nof3/zOyP9y3gqaIcgmDdGBtxCybwxGpNnQ="},"senderSigningKey":{"public":"BdJqUlt86TAflxjZuPTLx/dpw03W5ZgPZaoFqIrtOEoO"},"senderMessageKeys":[]}]