[{"senderKeyId":1350635126,"senderChainKey":{"iteration":6,"seed":"gTL4YNF1OJ6+7QZdxuKvWnK0RlIFI8TsM0qjlkXYyjI="},"senderSigningKey":{"public":"BfL0rlmgdl4GzHq3b0x+oDCLGs2KCLp1hIeFJR7aFZIJ"},"senderMessageKeys":[]},{"senderKeyId":1788983445,"senderChainKey":{"iteration":17,"seed":"U/mKGTc9X663Fyu1lXRbJjPUObo9XgeAiRUTOZTo56o="},"senderSigningKey":{"public":"BfzRpKY/Y1opH/AEX81ZQrqPWafCKWcsN2e+CECrselq"},"senderMessageKeys":[]},{"senderKeyId":1788983445,"senderChainKey":{"iteration":3,"seed":"3ApR6c458cvQIpNb6QklqxSF5czycviQZSLMl/woz58="},"senderSigningKey":{"public":"BfzRpKY/Y1opH/AEX81ZQrqPWafCKWcsN2e+CECrselq"},"senderMessageKeys":[]}]