[{"senderKeyId":1405612520,"senderChainKey":{"iteration":83,"seed":"EGmG3zhT9Dh8NYWBhjSZnldV7sjOFudMFGUktArtcw8="},"senderSigningKey":{"public":"BQieVsaGEaESvf4jfKC7Z7yDtQ6MSIgb1jhNEVD1h45p"},"senderMessageKeys":[]},{"senderKeyId":1376116120,"senderChainKey":{"iteration":6,"seed":"tZWAyyBkPmMndCzjhptVkiUosNE8BYEHZAScrlzrO6E="},"senderSigningKey":{"public":"Bdxd12WIjNvyZwZ6h1bbE+SWs6ammHSo5ADE9s6iu3sI"},"senderMessageKeys":[]},{"senderKeyId":1376116120,"senderChainKey":{"iteration":1,"seed":"uYFb5QQQKhz3qA+n3Z9Kadidnon55SI6sFs74rlWo2I="},"senderSigningKey":{"public":"Bdxd12WIjNvyZwZ6h1bbE+SWs6ammHSo5ADE9s6iu3sI"},"senderMessageKeys":[]},{"senderKeyId":2099337588,"senderChainKey":{"iteration":2,"seed":"tziP7nxqNzP5fzDv1FhuEsewGMf3oyBq/lfmaL70TJY="},"senderSigningKey":{"public":"Bd7NrqE/x7TmMp+Ns5wRqNdYgCIDyhz1KQ67T5g6JvF8"},"senderMessageKeys":[]},{"senderKeyId":689726038,"senderChainKey":{"iteration":2,"seed":"m7mQFOzyX8+yg8lOaq5ZImV4Ff2L5HJmLuiv1Z0U/Uw="},"senderSigningKey":{"public":"BdW5ldllD/i4Y8L1j2yWQOelAcMtCZWfySSPerbqMl1N"}}]