[{"senderKeyId":1340576316,"senderChainKey":{"iteration":32,"seed":"gH78z2o3U5pZPMlRUWOycgN1YfDeURE7UFcfomLRpDk="},"senderSigningKey":{"public":"BY2l+Qyqd592gSgd4pdbVkptZc3WTEsueV2awsG4kXZu"},"senderMessageKeys":[]},{"senderKeyId":326048964,"senderChainKey":{"iteration":16,"seed":"QD2bjga4hlIMKmASsfA+KeLv3Joa8C23wisKVm/FWzs="},"senderSigningKey":{"public":"BfGLJC8y5FYm5PBy7oNax9M8vj5m97JA+1lselZCzJIy"},"senderMessageKeys":[]},{"senderKeyId":2091253939,"senderChainKey":{"iteration":2,"seed":"jC7BVMGI0HUVE1kFu4et6op25YjCZfYH9aTtj+aJ/Gs="},"senderSigningKey":{"public":"BdISuGQonTzK7jmRhrTtcp037Zc5+xsRkulc/ziJeiJQ"},"senderMessageKeys":[]},{"senderKeyId":1192794439,"senderChainKey":{"iteration":10,"seed":"A+A6PJJNAIR0Od345tSN7ajYjIEyIPnoRI4nBBwfRMA="},"senderSigningKey":{"public":"BRPAqVJMeAtKXjM1TE28eeKZ4ewo5pCf0vY69x8B2e9r"},"senderMessageKeys":[]}]