[{"senderKeyId":1347863460,"senderChainKey":{"iteration":2,"seed":"jo5w+UzlYcSr2nwa8aCxeWRhwzcVbIDB7vtxbbiOThg="},"senderSigningKey":{"public":"BduY24ugJmH7L78KgP5QSHA3pXBdOT6kzGcGiHUkWl4o"},"senderMessageKeys":[]},{"senderKeyId":195138783,"senderChainKey":{"iteration":22,"seed":"HHCxngy6JOAygk3uFSCtX8HV/jKfONBdr4AnXT8X0tc="},"senderSigningKey":{"public":"BTw4Bs4Bxo4BdTRV5kknKYOAnV149oahpTQnO6pqFytI"},"senderMessageKeys":[]},{"senderKeyId":484237136,"senderChainKey":{"iteration":11,"seed":"CkPH/wplcxaruIpQe9skX0KNx4O/xxQ1k+DpvazcjRE="},"senderSigningKey":{"public":"Bdr3ZCR2z/xIjyvkGMwiHUIFrrHtSAT3msUbcYKeYVNo"},"senderMessageKeys":[]}]