[{"senderKeyId":1076490287,"senderChainKey":{"iteration":15,"seed":"/ervqe/uCi82qvpXJGwK+e18R/HEp3q5Ji3rn5d7GaY="},"senderSigningKey":{"public":"BWbz1W1Nr0/aFOSRyINnriaaNc8tL5kQvOMVN546ndk1"},"senderMessageKeys":[]},{"senderKeyId":1076490287,"senderChainKey":{"iteration":2,"seed":"HpJC4CbQA82kdMd7+SE+5rPdMFwO/JQWRqOYU8jypEw="},"senderSigningKey":{"public":"BWbz1W1Nr0/aFOSRyINnriaaNc8tL5kQvOMVN546ndk1"},"senderMessageKeys":[]},{"senderKeyId":1863442427,"senderChainKey":{"iteration":0,"seed":"KChfH8SE88471ZxwKVUnrjhpw0Tp2x+sa8JFR5XQro4="},"senderSigningKey":{"public":"BWWp7e6byNOy0SbhRXT+bWSUZ/bpCDHQ9YAxULtOQE0t"}}]