[{"senderKeyId":1561660280,"senderChainKey":{"iteration":17,"seed":"8Vm4/AfWVag+nx8DwH5FeHdGJitYK2imk4KXvbAQr8M="},"senderSigningKey":{"public":"BTqC389deDdp9M2uGD1glEm/nGU6wmjsCHSLTGy4tvpM"},"senderMessageKeys":[{"iteration":1,"seed":"seiw5D2hFUT9AN57ufQzrTbNQ6hijIqnt/fXTYLVmis="},{"iteration":2,"seed":"XzDJS9XYWX0BxlsCjQoavX9LQPjSOz808ISjrJFPRGA="},{"iteration":3,"seed":"l+l6XMRU3Yu31d4e1UcjpsPpRFcpQz5rGYoV0fUs4x8="},{"iteration":4,"seed":"rh0icUAwH5EyHT0GFgphoA3ZZRfPylEEqRf9dnHEDfw="},{"iteration":5,"seed":"XmWyggDpGeDO+hqr44+tapS5+FKTxQ70jZfnSPm/3UU="},{"iteration":7,"seed":"9jCGGYLJ/fshhtXmwCjviDCEmkyOpGridSU0zqNMfIA="},{"iteration":9,"seed":"+T4hxg7xTqwFabY9Ae9JR9LUlyai/TGcRUCR59/oLHY="},{"iteration":10,"seed":"8QVWm7Wd1C+yUHRN9/0dkbiYdj9YLuJKoe8w73FpVdY="},{"iteration":11,"seed":"jNtQrlcJM5FV6Cp+R0YCmVyCtgso5cKqv3G/dO4abhE="},{"iteration":12,"seed":"ObhKOP+PwQlgZuwqIA+V6EFc9Mi4Mjvh186oqAGVly4="},{"iteration":13,"seed":"/rsprPrmELEpwrNpX2bUTHriyVFBy8us3J1lzDC3BIc="},{"iteration":14,"seed":"qqzKKx1C8JuKhKs29QwhCYLyqCmLMwDucIoOnnYdJho="},{"iteration":15,"seed":"fvPzgon/AEE9BuUtSCAqFAyr9ExXVOLJiW+2Bk2G5Og="}]}]