[{"senderKeyId":806141701,"senderChainKey":{"iteration":333,"seed":"b79z0wyob4xrIl8BzQSArpMoCBcbK+i9c0vofD9339g="},"senderSigningKey":{"public":"BSHebq1u7q+zlqd+g/1BNbglTqGlc9DmByag6oI2ltUw"},"senderMessageKeys":[{"iteration":233,"seed":"x2zbIgXfAop5LXnNnDgMAaFH/U9sCZQ9JaTBAShZrDY="},{},{},{},{},{},{},{},{},{},{},{},{},{},{},{},{},{},{},{},{},{},{},{},{},{},{},{},{},{},{},{},{},{},{},{},{},{},{},{},{},{},{},{},{},{},{},{},{},{}]},{"senderKeyId":806141701,"senderChainKey":{"iteration":235,"seed":"d+N8EL+92FPa+HTSwrXln0KgAOSNs8fB3IB9g6rNMJQ="},"senderSigningKey":{"public":"BSHebq1u7q+zlqd+g/1BNbglTqGlc9DmByag6oI2ltUw"},"senderMessageKeys":[]},{"senderKeyId":806141701,"senderChainKey":{"iteration":279,"seed":"XnLkv7se8GHupZk3KXXaeWM5gazK83jcBH0ogA5zfXs="},"senderSigningKey":{"public":"BSHebq1u7q+zlqd+g/1BNbglTqGlc9DmByag6oI2ltUw"},"senderMessageKeys":[]},{"senderKeyId":806141701,"senderChainKey":{"iteration":307,"seed":"CmYYnawjYOivsKQ0T9n6Ib1DeP1iTSI2T1WHX8tBY2A="},"senderSigningKey":{"public":"BSHebq1u7q+zlqd+g/1BNbglTqGlc9DmByag6oI2ltUw"},"senderMessageKeys":[]},{"senderKeyId":806141701,"senderChainKey":{"iteration":319,"seed":"oyGp82nR0GhEkfhr/7xjPUzrB9dm8LNMVMguyCgLTEc="},"senderSigningKey":{"public":"BSHebq1u7q+zlqd+g/1BNbglTqGlc9DmByag6oI2ltUw"},"senderMessageKeys":[]}]