[{"senderKeyId":601955192,"senderChainKey":{"iteration":31,"seed":"AAvhND1Y4rMntf75LSrbdYsoyA+iWBZO30oo8FOKLeQ="},"senderSigningKey":{"public":"BWX+NV7K3nLL6MUX15dO1/GSADAMBp4gWVTcVJffSJQK"},"senderMessageKeys":[]},{"senderKeyId":601955192,"senderChainKey":{"iteration":14,"seed":"KsGw+Pxp1qXv+JHHsqGoNFcVTGsr5ck7bT5FJ8Q6oig="},"senderSigningKey":{"public":"BWX+NV7K3nLL6MUX15dO1/GSADAMBp4gWVTcVJffSJQK"},"senderMessageKeys":[]},{"senderKeyId":601955192,"senderChainKey":{"iteration":24,"seed":"UMcZALaW3ZUx2uDDImsaUAZmjdtzg6/KnihHeEULVxI="},"senderSigningKey":{"public":"BWX+NV7K3nLL6MUX15dO1/GSADAMBp4gWVTcVJffSJQK"},"senderMessageKeys":[]}]