[{"senderKeyId":245509847,"senderChainKey":{"iteration":841,"seed":"KtidgSU8lj25ScBvdETm/jffF3YIGckvX7VxsP082LE="},"senderSigningKey":{"public":"BREBMt+4OKaY/khfOmm/sz2OKEXjYkyCaK+e7evEwRVa"},"senderMessageKeys":[{},{},{},{},{},{},{},{},{},{},{},{},{},{},{},{},{},{},{},{},{},{},{},{},{},{},{},{},{},{},{},{},{},{},{},{},{},{},{},{},{},{},{},{},{},{},{},{},{},{},{},{},{},{},{},{},{},{},{},{},{},{},{},{},{},{},{},{},{},{},{},{},{},{},{},{},{},{},{},{},{},{},{},{},{},{},{},{},{},{},{},{},{},{},{},{},{},{},{},{},{},{},{},{},{},{},{},{},{},{},{},{},{},{},{},{},{},{},{},{},{},{},{},{},{},{},{},{},{},{},{},{},{},{},{},{},{},{},{},{},{},{},{},{},{},{},{},{},{},{},{},{},{},{},{},{},{},{},{},{},{},{},{},{},{},{},{},{},{},{},{},{},{},{},{},{},{},{},{},{},{}]},{"senderKeyId":245509847,"senderChainKey":{"iteration":529,"seed":"zVDfQ3o+rJwxIwDJ9sPVjTd9KDX9LE1EyQjTHCkCS0A="},"senderSigningKey":{"public":"BREBMt+4OKaY/khfOmm/sz2OKEXjYkyCaK+e7evEwRVa"},"senderMessageKeys":[]},{"senderKeyId":245509847,"senderChainKey":{"iteration":539,"seed":"JOh1j8P9kUcBfVrHCIFZMwM55VtoMS+AU4s7npQsKlY="},"senderSigningKey":{"public":"BREBMt+4OKaY/khfOmm/sz2OKEXjYkyCaK+e7evEwRVa"},"senderMessageKeys":[]},{"senderKeyId":245509847,"senderChainKey":{"iteration":541,"seed":"FEA6uIPTlnS5SwcC26mhH7vjuAmps+HnFv+BnqnLUaw="},"senderSigningKey":{"public":"BREBMt+4OKaY/khfOmm/sz2OKEXjYkyCaK+e7evEwRVa"},"senderMessageKeys":[]},{"senderKeyId":245509847,"senderChainKey":{"iteration":543,"seed":"tn7Z5vH1vuJ4nrm84pvcIPisdOpFvcN3sgBPo1fjn/k="},"senderSigningKey":{"public":"BREBMt+4OKaY/khfOmm/sz2OKEXjYkyCaK+e7evEwRVa"},"senderMessageKeys":[]}]