[{"senderKeyId":822199926,"senderChainKey":{"iteration":1,"seed":"KAyulkYzUUTiDZikF1CpKV6i06lepp3Us7LDiRjW+Po="},"senderSigningKey":{"public":"BR7e6o7eRAa2qqomMkgCI4nNxFuZPe6TLvnlcdnypf0M"},"senderMessageKeys":[]},{"senderKeyId":2068013369,"senderChainKey":{"iteration":5,"seed":"PgoP4G1xEzxOEiOYF3jJC2WnVDHkE/QeFMqJU4fIvpY="},"senderSigningKey":{"public":"BccP5gYMicJEDQQanW/t1OJlJL93aAHpaVI2sE2u+pAw"},"senderMessageKeys":[]},{"senderKeyId":2068013369,"senderChainKey":{"iteration":2,"seed":"btJwJ7PxOCaX8XNpJ+Lpdp9trw69ttFo2c0NlGZ01PE="},"senderSigningKey":{"public":"BccP5gYMicJEDQQanW/t1OJlJL93aAHpaVI2sE2u+pAw"},"senderMessageKeys":[]}]