[{"senderKeyId":505332137,"senderChainKey":{"iteration":8,"seed":"q69C9ttjZdJy3HKg5lSHABr/wrNOG090W9QTHNWGpZo="},"senderSigningKey":{"public":"BSy33X3S2hXdT/gPJuxPKdIulyPZg+LIWttjSROlTb5w"},"senderMessageKeys":[]},{"senderKeyId":1018631452,"senderChainKey":{"iteration":29,"seed":"pSrZgcn4eRIX/smSt0ljrwosHYpiZSZM9u6TY4hCiws="},"senderSigningKey":{"public":"BdgMlOhsnRpYoTuM2kp/1kGZqPYRfMgBm0ljMYD3nWAw"},"senderMessageKeys":[]},{"senderKeyId":287285643,"senderChainKey":{"iteration":0,"seed":"cwxkL80H9/8xzWsOkdGXOZZa/i/b5vrVYcMwRg/6oAE="},"senderSigningKey":{"public":"BVucIUag/auf5fGe7QGLBfWFczAD4FDolIP7WAw0TE41"},"senderMessageKeys":[]},{"senderKeyId":1872872245,"senderChainKey":{"iteration":1,"seed":"/U8dM51QRVO8UO8H7rtfJKtFgrml79+SetEJFeOfcGg="},"senderSigningKey":{"public":"BWr+KNFvyI68dGnU8ycA1xgkpVdvlwW9Npng1JzIhZ1T"}}]