[{"senderKeyId":575630675,"senderChainKey":{"iteration":69,"seed":"E7WsZflavgeW1jsNNAhsl26flPBka8GVGKeZ5bdo7GM="},"senderSigningKey":{"public":"BeWt2O5UhRC/BfuMneTUq73Ca/OTZtlAqWXPkGTtIBFu"},"senderMessageKeys":[{"iteration":23,"seed":"8uEKaxynp+2FcEC0feqlcQgH1lIBCo74czoeFDefnC0="},{"iteration":25,"seed":"aDcr0V/5L7RGDkC7K/MLxGFAw1OCU4k+0hryegL1FZs="},{"iteration":26,"seed":"bWruIMrzjE/bgoXeW8gJVep4EIidl4cxldP6D56P/Bg="},{"iteration":27,"seed":"sKFdFF1lM8G/c5pvD+XeDCpobMITcke/haL/RxiU940="},{"iteration":29,"seed":"0QMDoIhKtWBddBb9jEctiQAXn5aNO8rQiToCA4Xx8t4="},{"iteration":30,"seed":"HneA3zi3Q26P4Tmj0/W2aLcWQmyBeQFq8DtoMyIetT4="},{"iteration":31,"seed":"/vUhr8LMLXjVDbpl9Nx1Cbu3qNxQII7sliDH8A9NZhw="},{},{},{},{},{},{},{},{},{},{},{},{},{},{},{},{},{},{},{},{},{},{},{},{},{},{}]}]