[{"senderKeyId":2099025214,"senderChainKey":{"iteration":52,"seed":"owTUMa5WtCDHQa/jBIBj4/rwmgYnZTIhb65DEZnrk2c="},"senderSigningKey":{"public":"BZLZyzlL0Ct+oQtTWRO+TKXOP08kzb3pkvV5ZXV+Z/dN"},"senderMessageKeys":[{},{},{},{},{}]},{"senderKeyId":2099025214,"senderChainKey":{"iteration":5,"seed":"pZPf9zhWmaGnPRhnGD2vA8lDfpBspMsJeGQ3wDOy4ec="},"senderSigningKey":{"public":"BZLZyzlL0Ct+oQtTWRO+TKXOP08kzb3pkvV5ZXV+Z/dN"},"senderMessageKeys":[]},{"senderKeyId":2099025214,"senderChainKey":{"iteration":45,"seed":"CIa9io9ez79nyBa8ZXZijJRbWXrwE4sZmVkQQxjWtt8="},"senderSigningKey":{"public":"BZLZyzlL0Ct+oQtTWRO+TKXOP08kzb3pkvV5ZXV+Z/dN"},"senderMessageKeys":[]},{"senderKeyId":2099025214,"senderChainKey":{"iteration":46,"seed":"AvmiTVY4/Y4D4yFbG+/AVlRyjb75hUtcV+mYwWX4MOg="},"senderSigningKey":{"public":"BZLZyzlL0Ct+oQtTWRO+TKXOP08kzb3pkvV5ZXV+Z/dN"}}]