[{"senderKeyId":1681266530,"senderChainKey":{"iteration":23,"seed":"cRwb4zLoX87wgOkt8WfNlofD59xu3ZEr3yorWPtw8rk="},"senderSigningKey":{"public":"BXNilq7iTBhGdFrbO0gHAHBkhN9div65zb3D195+cHgm"},"senderMessageKeys":[]},{"senderKeyId":1681266530,"senderChainKey":{"iteration":1,"seed":"d7NavGKs1CfLUekuwV4FFShfZhLipvW/5auk9mRquvs="},"senderSigningKey":{"public":"BXNilq7iTBhGdFrbO0gHAHBkhN9div65zb3D195+cHgm"},"senderMessageKeys":[]},{"senderKeyId":1681266530,"senderChainKey":{"iteration":17,"seed":"AlZDFmJhmyOxIDcmwwJPccgzzJugk3sEeXS1/WHZISU="},"senderSigningKey":{"public":"BXNilq7iTBhGdFrbO0gHAHBkhN9div65zb3D195+cHgm"},"senderMessageKeys":[]},{"senderKeyId":534372988,"senderChainKey":{"iteration":126,"seed":"oAA5oHdnw4hzJmebWtomX5Tg6lwhW2LTZTx1kH1qXg0="},"senderSigningKey":{"public":"BR4m4MDhpZqdN4bylnOLWEsErbjXV6toE3edUsCuPtRl"},"senderMessageKeys":[]},{"senderKeyId":534372988,"senderChainKey":{"iteration":122,"seed":"lJSmc4Mq1F44hB9FYMAj6Pxx3VjWItzbx9eUvCYM5f0="},"senderSigningKey":{"public":"BR4m4MDhpZqdN4bylnOLWEsErbjXV6toE3edUsCuPtRl"},"senderMessageKeys":[]}]