{"_sessions":{"BbND+Vda1mnLqkH/yYVZziT0DF+pTdqrQ62f+p0zm/Fv":{"registrationId":690071786,"currentRatchet":{"ephemeralKeyPair":{"pubKey":"BTTxBnr5e3dDtCwugNT9mTAA01tVe19nSG/hSNPd55Ns","privKey":"6B6PPP0uRo4kZwJJxpuuAOw1t+bVHYOAKO+F+m5P92M="},"lastRemoteEphemeralKey":"BbacVomOzo2y1aHfUGRvqXllCKH3FJ0yV38f1C/LRCd/","previousCounter":0,"rootKey":"R7IG4Gn5ZGqNFhrQYU7RSWyn0E/xRZkEW2mENAEilcw="},"indexInfo":{"baseKey":"BbND+Vda1mnLqkH/yYVZziT0DF+pTdqrQ62f+p0zm/Fv","baseKeyType":1,"closed":-1,"used":1726747942486,"created":1726747942486,"remoteIdentityKey":"BRNAw6GAyXr9V+CFtWGg14xVkxPMbSq7Yxi9+LE5YoUu"},"_chains":{"BTTxBnr5e3dDtCwugNT9mTAA01tVe19nSG/hSNPd55Ns":{"chainKey":{"counter":0,"key":"/H2ZIsPs8EZYaOX0MKZ4KUHPquYbosORQbMhQO2fNhY="},"chainType":1,"messageKeys":{}}},"pendingPreKey":{"signedKeyId":1,"baseKey":"BbND+Vda1mnLqkH/yYVZziT0DF+pTdqrQ62f+p0zm/Fv","preKeyId":1895}}},"version":"v1"}