{"_sessions":{"BVfPmVSesue96xSAVGcijuvtBjvwUKIJd/jHXyEG4jkO":{"registrationId":231397506,"currentRatchet":{"ephemeralKeyPair":{"pubKey":"BdKY/Ywdx0zFmSN0yo6gPbGOU/IHrfyA/5igZR3V2rZ2","privKey":"aKfDCuW3u7XqVbgU40uoq7KTHbSyyoSY0cXxwI6+d14="},"lastRemoteEphemeralKey":"BavmEA7opRaGLLzfzgaa1ztHnOHK/jduOMJS4PRJV6pf","previousCounter":0,"rootKey":"ayc2GCvkf4ItHdkt1jR1rpq7UkJ3ant2BQUP1aXnyyU="},"indexInfo":{"baseKey":"BVfPmVSesue96xSAVGcijuvtBjvwUKIJd/jHXyEG4jkO","baseKeyType":2,"closed":-1,"used":1726757291488,"created":1726748075008,"remoteIdentityKey":"BVU43Tgk605buu9z/RKiY8U3RMFw0XyH99HBB0nT0tYF"},"_chains":{"BZk6EwuAiBN45jfpnn+FBGiigvL84Jw1VWyT+aSkC09a":{"chainKey":{"counter":2},"chainType":2,"messageKeys":{}},"BUqn7Tp+suSJghEwBtbmhyApWQYNFBHGAtYXkPsfsl5h":{"chainKey":{"counter":3},"chainType":2,"messageKeys":{}},"BbvsXSuGrSI5u+Y0hjvs8uacdqH3irN3THJ4+WaXIORw":{"chainKey":{"counter":2},"chainType":2,"messageKeys":{}},"BZ2SZ4MaQHEB2ZmkE9Os5sNo1VmliDWbG06odkSW1uNI":{"chainKey":{"counter":0},"chainType":2,"messageKeys":{}},"BRzHmkermHBNqTEwjwDd+8PSULMGc56HLoyF/WyBXsM3":{"chainKey":{"counter":0},"chainType":2,"messageKeys":{}},"BbkJEjIxchyE5hcroaQgJZx2OUPe4AfQzghrYDgAb9FM":{"chainKey":{"counter":0},"chainType":2,"messageKeys":{}},"BZ9VgFTdnFNXApBfX5pYB2jJBYABQACXGz5HEfZQLIEX":{"chainKey":{"counter":0},"chainType":2,"messageKeys":{}},"BWvBYdvYNBQx0bNetvOnrsbhdCIfEAuT0tiXjD01wtVV":{"chainKey":{"counter":0},"chainType":2,"messageKeys":{}},"Ba8Av7XvFa28wjkxWhmqP+p2WFmCqlSvHHsCgL/37UYe":{"chainKey":{"counter":0},"chainType":2,"messageKeys":{}},"BQSyQRdFNf/7UPA1mefS/Q4063d+8e3RF36mWgT7omID":{"chainKey":{"counter":0},"chainType":2,"messageKeys":{}},"BX2ePfI0R0btYmk1NhM0QrXmPjLa7+QVn4lT8zOuYW8w":{"chainKey":{"counter":0},"chainType":2,"messageKeys":{}},"BbnUPWE30kawxEBx2fvnBPf8JpCdI+BDHucpv5Rjd3wa":{"chainKey":{"counter":0},"chainType":2,"messageKeys":{}},"BU5cbRrdEZEbyPU3m3p7p6dRsY2I3sL1Tq6GAZBwbv43":{"chainKey":{"counter":0},"chainType":2,"messageKeys":{}},"BZFKdh6MUz6WfVvaL4LXDkM8xwyR6V9zmpICgKXGHqVP":{"chainKey":{"counter":0},"chainType":2,"messageKeys":{}},"BWL5MOZJU8y6bQFtO8s8PoeNY9zOQf0ft7FCFRHUQR8Y":{"chainKey":{"counter":1},"chainType":2,"messageKeys":{}},"BciXF4wj3eYMUwsN1tOOlVpkN4Gv/b/BXFs3YsGU0dNW":{"chainKey":{"counter":0},"chainType":2,"messageKeys":{}},"BbRfinP/Cw/bkB36n7gE1yEvigD4+GqpJbB74MzxGu88":{"chainKey":{"counter":0},"chainType":2,"messageKeys":{}},"BZ//pTCj0OFRvu16w3FxPi9U8vW8nkB+hruovX+xeVkA":{"chainKey":{"counter":0},"chainType":2,"messageKeys":{}},"BVWYZeftDEz7aNVja3NmvQ486s9kMIKdVh0/ZJRYDrVh":{"chainKey":{"counter":0},"chainType":2,"messageKeys":{}},"BSAFtQUmUG6yzr7VpHEv45JdmC7dLdfnEDXy2VZm5a06":{"chainKey":{"counter":1},"chainType":2,"messageKeys":{}},"BSpIfofHvcXBj9tLVUY6g+G7HeVJoJVMKypThMeUYW93":{"chainKey":{"counter":0},"chainType":2,"messageKeys":{}},"BaDH4aYQSrwX+dygyO1ugLu5JicMXppcv6evc065cn49":{"chainKey":{"counter":0},"chainType":2,"messageKeys":{}},"BRYqsbL2A3N+DjYsD5xH20fnqdBPCpuq/NTpgC/jE61s":{"chainKey":{"counter":0},"chainType":2,"messageKeys":{}},"Bdl41GPQTl3FiLXWIax4NkSAPnloyyE7pvYsDG9DRnEL":{"chainKey":{"counter":0},"chainType":2,"messageKeys":{}},"BWum8Y6/ROpvGkfCrHYyUXhu4WTltw0IdbBCZkGon0RQ":{"chainKey":{"counter":0},"chainType":2,"messageKeys":{}},"BbAM+Z05H5xD7FaNwXwIk0EzGCONgl5HCVHRYWfbQYxz":{"chainKey":{"counter":0},"chainType":2,"messageKeys":{}},"BYTn9kLRo/78u5QLTRDaKC2c2w8Eevl1cWMmr+u5vAcT":{"chainKey":{"counter":0},"chainType":2,"messageKeys":{}},"Bap6hTTMBjBFEsrNImkLMD6/MwFG9ABjDzyJaLH1dndG":{"chainKey":{"counter":0},"chainType":2,"messageKeys":{}},"BT1qTAasGLHt7Cj8MR32V8rYn/8ylQVjNhcPbz7wbXZZ":{"chainKey":{"counter":0},"chainType":2,"messageKeys":{}},"BYgV5zBrmmX0mm482Yg1AFK+Pzu+4h5hUbosarxerlJU":{"chainKey":{"counter":0},"chainType":2,"messageKeys":{}},"BYsdKKw0mmCsIX4aRw0wbcC3HvkS1uh3gkCIEVu8W5kG":{"chainKey":{"counter":0},"chainType":2,"messageKeys":{}},"BQwTQyS7vQ/jeuvAVBgSd8RrRREcMoUyvwKOe4LIU9YI":{"chainKey":{"counter":0},"chainType":2,"messageKeys":{}},"BXbGdZR4iRvMKl/BSeb644qn3G5OTZxXn/YK8Cs+6IBS":{"chainKey":{"counter":0},"chainType":2,"messageKeys":{}},"Bdt0guFJA7aj5023G6aTuC/kcMetPKMR6oMxWDVGM/BF":{"chainKey":{"counter":0},"chainType":2,"messageKeys":{}},"BSPhCZxTQjtbyIVzfcfH04IO3R22osLP+xSgabBiirF2":{"chainKey":{"counter":0},"chainType":2,"messageKeys":{}},"BV+64gKSaBLXiLTBtNetbtTqGTS3eUJK7DxCZ4VjCXBz":{"chainKey":{"counter":0},"chainType":2,"messageKeys":{}},"BavmEA7opRaGLLzfzgaa1ztHnOHK/jduOMJS4PRJV6pf":{"chainKey":{"counter":0,"key":"wn23jeCP71bMc3WvWVmR8SyP3gPgC+WuL/YLFSMEzYw="},"chainType":2,"messageKeys":{}},"BdKY/Ywdx0zFmSN0yo6gPbGOU/IHrfyA/5igZR3V2rZ2":{"chainKey":{"counter":5,"key":"epfUtRpB2ZZP6WHsdWwZJTsVYush75ozllTaRwEPFj8="},"chainType":1,"messageKeys":{}}}}},"version":"v1"}