{"_sessions":{"Bf5hgUb+KuBplUK0E3uUDR8ZQaxVVfW3MTxFsBLZ/24C":{"registrationId":1226395434,"currentRatchet":{"ephemeralKeyPair":{"pubKey":"BdSXqhjGx37mi3pC/KXg2NKh+T662w5BacUBeundy2Aj","privKey":"kL12PXx+/RYz/nX4W0TAIMiEi790ooTy+JXutN1/cXc="},"lastRemoteEphemeralKey":"BdWPF24T6Ga0WaGmksyVEtzvSN6m4TCKseE+AIRVEFBW","previousCounter":1,"rootKey":"FsBFZF2trNTFZMRWmf2kbp5PwnNz2prGLUmGp2iISzk="},"indexInfo":{"baseKey":"Bf5hgUb+KuBplUK0E3uUDR8ZQaxVVfW3MTxFsBLZ/24C","baseKeyType":2,"closed":-1,"used":1726746979246,"created":1726540508987,"remoteIdentityKey":"BUW8Kv+idXpl5q2U9Hm5AyuVB/z2NRrH0ICaKl5nPeE2"},"_chains":{"BVkzf0Xb3Tzsj1YzsfD6/E1ogjtzd2WcqpTgOKTaZaQI":{"chainKey":{"counter":5},"chainType":2,"messageKeys":{}},"BWZDAg55vW7Xktge/TXOBzcsumrZqvxspdiDWjGl0Gsj":{"chainKey":{"counter":0},"chainType":2,"messageKeys":{}},"BU9QhVeTz5b59bVgnfIVC+L5RWzlVahvdT/jLrDPaJ96":{"chainKey":{"counter":0},"chainType":2,"messageKeys":{}},"BZz+TnGYiuWvrC2Faa50nCkxGr3PPvsR31cRSUkE4ppR":{"chainKey":{"counter":0},"chainType":2,"messageKeys":{}},"BdWPF24T6Ga0WaGmksyVEtzvSN6m4TCKseE+AIRVEFBW":{"chainKey":{"counter":0,"key":"K+qHH67++n5mmrdNTjrzwpklAFrHzjs6XWGK4roCWXA="},"chainType":2,"messageKeys":{}},"BdSXqhjGx37mi3pC/KXg2NKh+T662w5BacUBeundy2Aj":{"chainKey":{"counter":1,"key":"jvktvifsQOGTkXF3ATXh96Xm4PlB0B04bf7t69suvX4="},"chainType":1,"messageKeys":{}}}}},"version":"v1"}