{"_sessions":{"BSeHNsHVJM0Q5Lfll90Bs2knU4xWlW3peYm1eNsW89hu":{"registrationId":943973244,"currentRatchet":{"ephemeralKeyPair":{"pubKey":"BTrngWWzcfxXGtQjUIdPEpEKE2yxc/AvwXdt44pvQro8","privKey":"+C1pCxYuy5ArAMPEmhRwQciFx1aQslWpKhDfwprNIFs="},"lastRemoteEphemeralKey":"BXPD1wYgGgtk+ycImZ6+frkJQk6ULAqwYiBRmNINC7ga","previousCounter":6,"rootKey":"XRuH9vkQXVf1MylnFhCcB4UTxJR6IprupkYHCrDG1OM="},"indexInfo":{"baseKey":"BSeHNsHVJM0Q5Lfll90Bs2knU4xWlW3peYm1eNsW89hu","baseKeyType":1,"closed":-1,"used":1726753211657,"created":1726465605222,"remoteIdentityKey":"BfWY5pcu+MX3h+JNkMCcdqs1qzxWDSuh1o7xFkqg6yYu"},"_chains":{"BSg9gRD23PMF0HUg3osIyipucMqtfArX8gRiSNfrSR8j":{"chainKey":{"counter":0},"chainType":2,"messageKeys":{}},"Bf29+6L51z5DZmkSplFOMrp00xsRu9+qpc04SMAt6Ics":{"chainKey":{"counter":0},"chainType":2,"messageKeys":{}},"BXPD1wYgGgtk+ycImZ6+frkJQk6ULAqwYiBRmNINC7ga":{"chainKey":{"counter":0,"key":"XuZWyDUrLmGBi2Ne+Gc5AkNFJY/qZe9E9NDo3d1calA="},"chainType":2,"messageKeys":{}},"BTrngWWzcfxXGtQjUIdPEpEKE2yxc/AvwXdt44pvQro8":{"chainKey":{"counter":-1,"key":"7tfu2P3TJetho2EuQ9KdCvavxWS0bKT8cBtZa0Sokuc="},"chainType":1,"messageKeys":{}}}}},"version":"v1"}