{"_sessions":{"BbA6X+55VsF+mQpLkyYnaFqm7SxZdz/2J5Qsqvce3Ihh":{"registrationId":8005,"currentRatchet":{"ephemeralKeyPair":{"pubKey":"BYPg1c++O0JzE9btVoZBhimjU1cIk+4QQ4me+yFmGzkq","privKey":"yNCJLkkyViIm5AuVHCa1ynznsVfG6c80QFR+wRtCNUw="},"lastRemoteEphemeralKey":"BdIMT0Oa13/8uMKXbMhfbQEn2iemY+wKt/LIHOqvrbwa","previousCounter":0,"rootKey":"N53jz0C7Su3RtAwAZBO1sBThtb1eZJ8b7QG0i019eNE="},"indexInfo":{"baseKey":"BbA6X+55VsF+mQpLkyYnaFqm7SxZdz/2J5Qsqvce3Ihh","baseKeyType":1,"closed":-1,"used":1726492603556,"created":1726492603556,"remoteIdentityKey":"Bc0vJiv4NhFdlbcDxyY5l1LF7DqX7VCGebXZdNtlBxAS"},"_chains":{"BYPg1c++O0JzE9btVoZBhimjU1cIk+4QQ4me+yFmGzkq":{"chainKey":{"counter":23,"key":"qB55AOnAg8PyKBBpgeJkv0LmpA3OhSaJTvpEWEM7BPM="},"chainType":1,"messageKeys":{}}},"pendingPreKey":{"signedKeyId":0,"baseKey":"BbA6X+55VsF+mQpLkyYnaFqm7SxZdz/2J5Qsqvce3Ihh"}}},"version":"v1"}