{"_sessions":{"Bfr2CeMQRudKwNN+MyykKnMP62aTlKbYvwL7Rn0ERwgn":{"registrationId":11529,"currentRatchet":{"ephemeralKeyPair":{"pubKey":"BVtB0AEDpdocwrZSR2DfgCexjslz0nU78xwafYjMWkMX","privKey":"2M9C8RojADsyFSiV1vKvFhqRnNRKGrQ0BgS/0YKPIU0="},"lastRemoteEphemeralKey":"BU9/Dl0dxcLeCF15Mtyvvs/zCmW1aaJrwSAwz/XswE9i","previousCounter":0,"rootKey":"qCEP8Tx3bi4Ur+FZTa6SVQO7ZBIvkACHVwWcVMDEmP4="},"indexInfo":{"baseKey":"Bfr2CeMQRudKwNN+MyykKnMP62aTlKbYvwL7Rn0ERwgn","baseKeyType":1,"closed":-1,"used":1726750531087,"created":1726750531087,"remoteIdentityKey":"BRtZsITmn0OvfCDaeoYTq+AdgsH+fxbLl7GVKfEmk305"},"_chains":{"BVtB0AEDpdocwrZSR2DfgCexjslz0nU78xwafYjMWkMX":{"chainKey":{"counter":0,"key":"w6OmQalDBCqmEHLAmwABXUfKIuuajS2aY4t3FuzQtsA="},"chainType":1,"messageKeys":{}}},"pendingPreKey":{"signedKeyId":1,"baseKey":"Bfr2CeMQRudKwNN+MyykKnMP62aTlKbYvwL7Rn0ERwgn"}}},"version":"v1"}