{"_sessions":{"BXyF3U7pNE6TyCGheDOweqnlj1DxOFQ0iuI31SpTf2l9":{"registrationId":649698596,"currentRatchet":{"ephemeralKeyPair":{"pubKey":"BUGgNlhUPYqHghC5vn7TNMZAWvft/qdNtZz2n7ve9gxZ","privKey":"oO19gw2Jch+QnZ8CFDkNEkszX6RevIl1rEd7HRXUT2g="},"lastRemoteEphemeralKey":"BWwQKHQHv4XEqyV0wt4znd0W+Kv5361KWKXTlkftHYQU","previousCounter":0,"rootKey":"N0mc+6csuOoeRhbNyINiIJ1C6YaYVyJ0OiB+xjoYVU0="},"indexInfo":{"baseKey":"BXyF3U7pNE6TyCGheDOweqnlj1DxOFQ0iuI31SpTf2l9","baseKeyType":1,"closed":-1,"used":1726507252292,"created":1726507252292,"remoteIdentityKey":"BST3lbfCXO+4lFECQo7WC7uNDq6GHoFUaJaWE+P4g+1u"},"_chains":{"BUGgNlhUPYqHghC5vn7TNMZAWvft/qdNtZz2n7ve9gxZ":{"chainKey":{"counter":31,"key":"xnqiDSbn+pUT8Pa8E1TDLxAhQoACuyKwA8CM1MwGXXM="},"chainType":1,"messageKeys":{}}},"pendingPreKey":{"signedKeyId":2,"baseKey":"BXyF3U7pNE6TyCGheDOweqnlj1DxOFQ0iuI31SpTf2l9","preKeyId":10464829}}},"version":"v1"}