{"_sessions":{"BWFSlDO7eyePtK9l2sbc27tQdYGM98Xqud+IZ7QBFl94":{"registrationId":247702808,"currentRatchet":{"ephemeralKeyPair":{"pubKey":"BfDJeH8msqvOrqTfILYHGhgmE7h9K0cUT2bRRbQWzH4g","privKey":"mPiQT9rH07s+wE2tnnw722Y4FdiI94TTaIxy33bD2mk="},"lastRemoteEphemeralKey":"BdN1PQRry8PS7+kIJCvgtwXsP+/YujxDC9zvsyYkqhFl","previousCounter":31,"rootKey":"HdRM+DNN/EX/Zvp2ZYRNOT0tK1R7lKVGdJd1fPH8H5c="},"indexInfo":{"baseKey":"BWFSlDO7eyePtK9l2sbc27tQdYGM98Xqud+IZ7QBFl94","baseKeyType":1,"closed":-1,"used":1726757599766,"created":1726507252084,"remoteIdentityKey":"BXuhDwwGYcUzJ6v/LzgvH2iJjfxnLfvRNPpYmw258ogl"},"_chains":{"BdN1PQRry8PS7+kIJCvgtwXsP+/YujxDC9zvsyYkqhFl":{"chainKey":{"counter":0,"key":"LmQcpMdCv9W8HocvPyaJYH2TYsSc3nqd/8ZXrMrPEIM="},"chainType":2,"messageKeys":{}},"BfDJeH8msqvOrqTfILYHGhgmE7h9K0cUT2bRRbQWzH4g":{"chainKey":{"counter":-1,"key":"OsYwErir5FxjfbpunNXtN8423yhChiRsS41BjhVdNpg="},"chainType":1,"messageKeys":{}}}}},"version":"v1"}