{"_sessions":{"BRy4TAD11h3LSAmMNvCAgPNYbISSPZYZ9C4j5PdEBBEG":{"registrationId":1640627161,"currentRatchet":{"ephemeralKeyPair":{"pubKey":"BRxw0L1nevn7XnwnCySmM9TmnQmHsU4GCdZD+YOz2Od7","privKey":"6BtT4uvE27hlmwlYvibtDJp1IH314JLQiI0AEDY0x0A="},"lastRemoteEphemeralKey":"BXkxZo7G5MQjNkWh3sv6SiF9hBqx6QV8rJmCrVZ6LMoT","previousCounter":0,"rootKey":"Xcpeh0IoCP4Hc2m0BJYzpzVq+N1afaFL/0EP8Fe1m3M="},"indexInfo":{"baseKey":"BRy4TAD11h3LSAmMNvCAgPNYbISSPZYZ9C4j5PdEBBEG","baseKeyType":1,"closed":-1,"used":1726683085208,"created":1726651275588,"remoteIdentityKey":"BXK4ig7NanP9YF9SOCy0zgOtTMPo2MhdcFBkpLM1b81T"},"_chains":{"BXkxZo7G5MQjNkWh3sv6SiF9hBqx6QV8rJmCrVZ6LMoT":{"chainKey":{"counter":1,"key":"0ifK6AuXf7WGQX5CWlX1qVuXQSOlkxNJOLhD7XZYy94="},"chainType":2,"messageKeys":{}},"BRxw0L1nevn7XnwnCySmM9TmnQmHsU4GCdZD+YOz2Od7":{"chainKey":{"counter":-1,"key":"TCa6pLwVWPoT2EM97Y3F+oS4Wa6Gy0OlmkKbkgymiwo="},"chainType":1,"messageKeys":{}}}}},"version":"v1"}