{"_sessions":{"BQ4ctEreu1TTweaY5rJT0GVlyxo9qKHyaf8cF6ByaJEu":{"registrationId":1484802744,"currentRatchet":{"ephemeralKeyPair":{"pubKey":"BVe7F9YdTrDSNJ6WRkzJiJgHdGUjkJx+K2tjtyc6NxZT","privKey":"CKObhh9mZDZhQxLnyCi/IJT1iUhKXUi9sCYYq9rdI1c="},"lastRemoteEphemeralKey":"Ba7dVEYlTc4iqRI2EnuH2vb4l9teExiVaqIuwJRrLVA3","previousCounter":0,"rootKey":"gI9P9+E5lXp6grJZ5Q07jfTove71J+V7wgMcKSeSm4M="},"indexInfo":{"baseKey":"BQ4ctEreu1TTweaY5rJT0GVlyxo9qKHyaf8cF6ByaJEu","baseKeyType":1,"closed":-1,"used":1726492603588,"created":1726492603588,"remoteIdentityKey":"BYtENypWTrjTeJVv3nD2n+L8qnqrIus/foJSdISsn8sE"},"_chains":{"BVe7F9YdTrDSNJ6WRkzJiJgHdGUjkJx+K2tjtyc6NxZT":{"chainKey":{"counter":23,"key":"OlW5dUJb+hjpKArp969dSQpH6L/FiteZvZxZcTF2sO4="},"chainType":1,"messageKeys":{}}},"pendingPreKey":{"signedKeyId":0,"baseKey":"BQ4ctEreu1TTweaY5rJT0GVlyxo9qKHyaf8cF6ByaJEu"}}},"version":"v1"}