{"_sessions":{"BcjbsWQ7FWHgPyrf8tBkmKoJhkmyfU0+k1U2Q0sD8U9e":{"registrationId":1940342391,"currentRatchet":{"ephemeralKeyPair":{"pubKey":"BWduTmBB0SAFcitzD4uJttv3aWlChlrSx8v9h5BzxCgk","privKey":"kI7YRLQ/tRF1B3RRK3x1ABtnVnzwuAXjCuJDj46fSHM="},"lastRemoteEphemeralKey":"BXKK5zOSpbyYVZfDhEZvweySjHT82tPy+1DvYpsty7R9","previousCounter":9,"rootKey":"Azs4E8/I6YoIsUgpCBM2siojTTHxOuZd/DYOasAx4PI="},"indexInfo":{"baseKey":"BcjbsWQ7FWHgPyrf8tBkmKoJhkmyfU0+k1U2Q0sD8U9e","baseKeyType":1,"closed":-1,"used":1726594157950,"created":1726492603597,"remoteIdentityKey":"BRYMm1EBbKEBzfHqvLcPSo+mVzNz+l3OSdOqnttrOeV5"},"_chains":{"BUkupUrW22VHxtWMhv5SNfeZuyjI424VCzfuOpIqB0l4":{"chainKey":{"counter":1},"chainType":2,"messageKeys":{"0":"YzPd39r7nVxl8U7nxXSzk35zRH/imX+n8FM+KFZjbcA="}},"BXKK5zOSpbyYVZfDhEZvweySjHT82tPy+1DvYpsty7R9":{"chainKey":{"counter":0,"key":"shpT3crGKf1juBzvw1k4oOudS7Z8hixNybvASJkpRsE="},"chainType":2,"messageKeys":{}},"BWduTmBB0SAFcitzD4uJttv3aWlChlrSx8v9h5BzxCgk":{"chainKey":{"counter":10,"key":"ro4UTJrgr4wtRmxtZP5nOpLgtusoaI1AkkU3fzk6mhg="},"chainType":1,"messageKeys":{}}}}},"version":"v1"}