{"_sessions":{"BbgTJhhTPSfc8a5DpdkrE/PeViFfiukYt02T3sniEDxd":{"registrationId":647038101,"currentRatchet":{"ephemeralKeyPair":{"pubKey":"BfR3/HB0pD+BQtjerG6j96tFvK19K1bBvW41GVAtKltI","privKey":"uEQu/AIcfyMEpiAzMZaZyqjPjmDIKkSUtvcN5qUFjk4="},"lastRemoteEphemeralKey":"BewZD0/0LwYKErxUfhqv32hmPpUu3QLD6jE+0hUdk7dC","previousCounter":0,"rootKey":"7ZKPE+3LT8ha/NNCF79xt9KMayN0M9pvDABGrFZ/BK0="},"indexInfo":{"baseKey":"BbgTJhhTPSfc8a5DpdkrE/PeViFfiukYt02T3sniEDxd","baseKeyType":1,"closed":-1,"used":1726480767702,"created":1726480767702,"remoteIdentityKey":"BUvxH/M3WCO3ndclyPDoX9/a9nL0rFo1Onx1ALCSkl0T"},"_chains":{"BfR3/HB0pD+BQtjerG6j96tFvK19K1bBvW41GVAtKltI":{"chainKey":{"counter":0,"key":"pV7SzeCD4Z6maEUZIgcfESvIHOI/xAZKHC8yB7L02a8="},"chainType":1,"messageKeys":{}}},"pendingPreKey":{"signedKeyId":4,"baseKey":"BbgTJhhTPSfc8a5DpdkrE/PeViFfiukYt02T3sniEDxd","preKeyId":2484987}}},"version":"v1"}