{"_sessions":{"BRJ1vgDMSnSlJUxuJz7RyzzilPp7ofZ/YLdptTYENR5j":{"registrationId":2118024234,"currentRatchet":{"ephemeralKeyPair":{"pubKey":"BT/Zj1yi+A6vlb7fINPmZZuc2QMmyEj34zKI2JM4vMx9","privKey":"kDmcbAyA7L4b40WuX9vsp2YFEip9sR96EHVLosw50lA="},"lastRemoteEphemeralKey":"BaUAjnFdPANERb66tPWaenQDThF/4+OEgEJK6K6UgBkb","previousCounter":0,"rootKey":"O7FXIiVofhopxiY17Mdb1NkmBjm2wBqOc5l4vtRPqLo="},"indexInfo":{"baseKey":"BRJ1vgDMSnSlJUxuJz7RyzzilPp7ofZ/YLdptTYENR5j","baseKeyType":2,"closed":-1,"used":1726740522458,"created":1726740445060,"remoteIdentityKey":"BWDldnRMVT8s0Kv9Thg6vdNYvODgTAGszmWNcsT+h/g2"},"_chains":{"BQrK1HVt0myx9nroNQoJSftfQdjZ4RaAaYC0y2Ojt7NT":{"chainKey":{"counter":4},"chainType":2,"messageKeys":{"0":"Gw8NdRBj+k6CjiGA32RBq5iOqVqBz4wbFeEXaIDE5IY=","1":"Cr4eWC68oOCh3TkPVzJXG6mrPdSNmrMerIe0Pc4fSEM=","2":"6ycw2dlD9QfGgLorIDx37KRiKmr5Ar81a2shPWB2k7U=","3":"UJzfXW/WgB18aF5KZxW6oU5KpW1zvo6VzKNhMFAFlt0="}},"BZMNFSPqpX8DzhtLXnV37G0754vJQX0nMuS8DDkHtIU8":{"chainKey":{"counter":1},"chainType":2,"messageKeys":{}},"BaUAjnFdPANERb66tPWaenQDThF/4+OEgEJK6K6UgBkb":{"chainKey":{"counter":0,"key":"8m8WSSQyMAqtxSrUfrrH6DRaGlQmdMPcS5PJdi9UXwY="},"chainType":2,"messageKeys":{}},"BT/Zj1yi+A6vlb7fINPmZZuc2QMmyEj34zKI2JM4vMx9":{"chainKey":{"counter":-1,"key":"WNazeOAMrLT/Kg4AiiMMCs8Djkpzb3WvUmnIF9UeFV0="},"chainType":1,"messageKeys":{}}}}},"version":"v1"}