{"_sessions":{"BVIxIGGpa8EFWnqHPJHjsVi+DTdK+JFKLO/yTorTGzMH":{"registrationId":209344544,"currentRatchet":{"ephemeralKeyPair":{"pubKey":"BaE2iL+tj0OyiC+DRy0/wuiLanLMcIdeF4SRJSRbb0xv","privKey":"6Ca0+8ypFEj++XFvF7xuwMU+NRsbjrhcCtwSG+KqqUM="},"lastRemoteEphemeralKey":"Bft5cdpFYGx82Sq2A5lR9oVtKvIZdNsMGKmFz+HHFo10","previousCounter":0,"rootKey":"Rzlw2ps2+QGmNPPzlUWQhgiGFbncCwXEloiBY6TAZ4Q="},"indexInfo":{"baseKey":"BVIxIGGpa8EFWnqHPJHjsVi+DTdK+JFKLO/yTorTGzMH","baseKeyType":2,"closed":-1,"used":1726596444987,"created":1726596444987,"remoteIdentityKey":"BZmOs+BevlZ3KsLNje1tUuKAQldUqRk5oKL1BUPULF51"},"_chains":{"Bft5cdpFYGx82Sq2A5lR9oVtKvIZdNsMGKmFz+HHFo10":{"chainKey":{"counter":5,"key":"AN79GmfRZgnQk86SudhYSUHTqdzM4RWDFtcK39E2yfY="},"chainType":2,"messageKeys":{}},"BaE2iL+tj0OyiC+DRy0/wuiLanLMcIdeF4SRJSRbb0xv":{"chainKey":{"counter":-1,"key":"Kfc0dZBqY9wppvsoNC7evIGuY+Pb0+nP2hglJzc/jH8="},"chainType":1,"messageKeys":{}}}}},"version":"v1"}