{"_sessions":{"BVEryVn8AeqSvhUDA1qZ79eLGSSYy73h7ywAejQ4qVwd":{"registrationId":2034972013,"currentRatchet":{"ephemeralKeyPair":{"pubKey":"BQVUey3+SM7HEnO1wiR5o5P1b7IQ5KpJ8FEZwZeBZ341","privKey":"+Bal4SOavPE3W3o2RmLMEtpwasO1SUwpMSWpP8xyfH8="},"lastRemoteEphemeralKey":"BataN7slGc068daBfDZbGddhWFTCMPsnB59I+EU6yXVy","previousCounter":0,"rootKey":"dZZZjjIFcqmLDuhSelAmI8TaT6A2KVFsEO3kRTSP5IA="},"indexInfo":{"baseKey":"BVEryVn8AeqSvhUDA1qZ79eLGSSYy73h7ywAejQ4qVwd","baseKeyType":1,"closed":-1,"used":1726507251873,"created":1726507251873,"remoteIdentityKey":"BZF2MNJnlJ8uMjJtLrX+XfIr1LUgZTRUeqdnP7iqgi4w"},"_chains":{"BQVUey3+SM7HEnO1wiR5o5P1b7IQ5KpJ8FEZwZeBZ341":{"chainKey":{"counter":31,"key":"0pgcpiqrA0p7QrKvPt9HcWbs72VrXyeIAwsCzYd+6tQ="},"chainType":1,"messageKeys":{}}},"pendingPreKey":{"signedKeyId":2,"baseKey":"BVEryVn8AeqSvhUDA1qZ79eLGSSYy73h7ywAejQ4qVwd","preKeyId":10029451}}},"version":"v1"}