{"_sessions":{"BS3XDJ1TSGJ1p15Tea6xrcyoBW2glfeww6EgdcqsSp5Q":{"registrationId":818095411,"currentRatchet":{"ephemeralKeyPair":{"pubKey":"BQBNCAi5cBC3G5GVmklauXG+xP/O9aXo5/X7AJoFmDVm","privKey":"2LXqoaSCZ1uBvtFZ5a87FEH/aw+MrqI/F5LyVtvx/Go="},"lastRemoteEphemeralKey":"BSimjGOXxXrLJPd1j3c5CYebIR0f6yk7/f+rDJA1Kwc1","previousCounter":0,"rootKey":"ZA5VQD7/g0zUuigBZs7+RskIcnoL0snkBdvrYfsDapk="},"indexInfo":{"baseKey":"BS3XDJ1TSGJ1p15Tea6xrcyoBW2glfeww6EgdcqsSp5Q","baseKeyType":1,"closed":-1,"used":1726492603625,"created":1726492603625,"remoteIdentityKey":"BaJyCytZw3DOOIDdeDC6AfaiHCWdSzvYKMGPaCiPMjpy"},"_chains":{"BQBNCAi5cBC3G5GVmklauXG+xP/O9aXo5/X7AJoFmDVm":{"chainKey":{"counter":23,"key":"UyzZmfS5ZzPkVJjaapinfGuTNwm9TIhy0HhPu0cJJvY="},"chainType":1,"messageKeys":{}}},"pendingPreKey":{"signedKeyId":0,"baseKey":"BS3XDJ1TSGJ1p15Tea6xrcyoBW2glfeww6EgdcqsSp5Q","preKeyId":5000390}}},"version":"v1"}