{"_sessions":{"BZFJJgTBoo++ZgNdyZGfSNMKeQLDwgzxLcCUMQk1Tw5j":{"registrationId":25413153,"currentRatchet":{"ephemeralKeyPair":{"pubKey":"BQZOOxjJfkNHYArUWgaL4WtXgrD+Q6jXs7Pw9MJlHwRE","privKey":"8F67soqmuVodYdfD0nh0zH4HvGCyGunkhMqyzdWVkks="},"lastRemoteEphemeralKey":"BdDFn6uwwVobL1E97r77f/GfIvs9arVCSlQaxi9adelY","previousCounter":0,"rootKey":"YE5+rmFXQwTNszjWRRtwAx6ZzXdGzMH5np6Q19b3jtg="},"indexInfo":{"baseKey":"BZFJJgTBoo++ZgNdyZGfSNMKeQLDwgzxLcCUMQk1Tw5j","baseKeyType":1,"closed":-1,"used":1726507252080,"created":1726507252080,"remoteIdentityKey":"BXOLwluNF8ABHuLk+KfGVNlLGPz40vGk/fpbShp1ueRF"},"_chains":{"BQZOOxjJfkNHYArUWgaL4WtXgrD+Q6jXs7Pw9MJlHwRE":{"chainKey":{"counter":31,"key":"FcH0a6Q/Ic/Ne56+Moas5hLxb+JyEd0zRBzxRQG4Hy4="},"chainType":1,"messageKeys":{}}},"pendingPreKey":{"signedKeyId":1,"baseKey":"BZFJJgTBoo++ZgNdyZGfSNMKeQLDwgzxLcCUMQk1Tw5j","preKeyId":13580796}}},"version":"v1"}