{"_sessions":{"BZBXCfYs6NFC+JKs/lxoee6c/J8Jfq2JGo24T6Xs6Gpk":{"registrationId":1282946394,"currentRatchet":{"ephemeralKeyPair":{"pubKey":"BXuFV0sqWBUJPZR41OcYyBrusEa0+jCZP3pbzpGUN39c","privKey":"6IgLcgiJmzae3BCzjbqKLcUuZpOgc8oTBO5nSHSGaFQ="},"lastRemoteEphemeralKey":"BZZcw8tBXL3TXMSnOTsVTw3BmvCUNqUGGRgoUGE4hhAJ","previousCounter":0,"rootKey":"PN0JAI6qSIbjCbemeEToXaS4sCLgqoSqzXzKz+zRbXI="},"indexInfo":{"baseKey":"BZBXCfYs6NFC+JKs/lxoee6c/J8Jfq2JGo24T6Xs6Gpk","baseKeyType":1,"closed":-1,"used":1726465605233,"created":1726465605233,"remoteIdentityKey":"BReDJ8Iv8dG8YIGutcUFZxpUyAs0uR17ahjOB88ELdYH"},"_chains":{"BXuFV0sqWBUJPZR41OcYyBrusEa0+jCZP3pbzpGUN39c":{"chainKey":{"counter":37,"key":"+2oIktLql7ePjkwEOedXy4Ti5Z3oiaXAZC3hd93b9yw="},"chainType":1,"messageKeys":{}}},"pendingPreKey":{"signedKeyId":6,"baseKey":"BZBXCfYs6NFC+JKs/lxoee6c/J8Jfq2JGo24T6Xs6Gpk","preKeyId":14290846}}},"version":"v1"}