{"_sessions":{"BdG7XnrsDq/a9SYMv8C/G1sLV9Coe+5i5arHCeUUvFgN":{"registrationId":215039819,"currentRatchet":{"ephemeralKeyPair":{"pubKey":"BQ6mhguudIGzoZ2bHIQp0iScTJn7LZJroZaBnH8kAY5+","privKey":"8PGnCC4gY1CxlHloQibTunlClWHuaaDbZdkp+fMsimg="},"lastRemoteEphemeralKey":"BYw6Yq3G4Je/8pzl1wxtV63zS+UwSJOOLxaEko9VSYw2","previousCounter":0,"rootKey":"5NX2rarV9XQeeJpi8gRTYLEMg904PzrAGes5GSsaVZg="},"indexInfo":{"baseKey":"BdG7XnrsDq/a9SYMv8C/G1sLV9Coe+5i5arHCeUUvFgN","baseKeyType":1,"closed":-1,"used":1726475933457,"created":1726475933457,"remoteIdentityKey":"BfCRhBxJCT5FWtLDVha3wFWdFfBt5ffkz9CU+ji15w4M"},"_chains":{"BQ6mhguudIGzoZ2bHIQp0iScTJn7LZJroZaBnH8kAY5+":{"chainKey":{"counter":3,"key":"R7GwDNISGJh/toRh2krrnTpfEOdCQPAn6bFVLDYiqjI="},"chainType":1,"messageKeys":{}}},"pendingPreKey":{"signedKeyId":3673046,"baseKey":"BdG7XnrsDq/a9SYMv8C/G1sLV9Coe+5i5arHCeUUvFgN"}}},"version":"v1"}