{"_sessions":{"BY7YhH0iXVjdOiFeFDY8t+tl059SNUMRW3k4H0GlXlIE":{"registrationId":205,"currentRatchet":{"ephemeralKeyPair":{"pubKey":"Bd6DGiTyomZARM5FxKVRHC4A+oS73zIpj6odjyL/bEUo","privKey":"uP+CEryavTZC9tyIAurFVjcOmqE+1GjSMjv5OpAthXQ="},"lastRemoteEphemeralKey":"Bey2Cesdw7Ww0L/QiYpmJU+2xPSH7C+xqUNoVvevTrpD","previousCounter":0,"rootKey":"TRaG6RC70hVVxPbgB35woHW11w7JBU8lEBuDvsqLSU8="},"indexInfo":{"baseKey":"BY7YhH0iXVjdOiFeFDY8t+tl059SNUMRW3k4H0GlXlIE","baseKeyType":1,"closed":-1,"used":1726733483981,"created":1726733483981,"remoteIdentityKey":"BYWiA7qJGhIvNO0D9lyypi6kLOuJpBWprA3Zp1+S04Vr"},"_chains":{"Bd6DGiTyomZARM5FxKVRHC4A+oS73zIpj6odjyL/bEUo":{"chainKey":{"counter":0,"key":"NRjICMgsugEAV1pkMSW3g/9iviors7LlNch+//KckfM="},"chainType":1,"messageKeys":{}}},"pendingPreKey":{"signedKeyId":1,"baseKey":"BY7YhH0iXVjdOiFeFDY8t+tl059SNUMRW3k4H0GlXlIE","preKeyId":20}}},"version":"v1"}