{"_sessions":{"BUAKa2KuauGkjENeUfvnuVu11PMGkFwGyyMMJP2G6md3":{"registrationId":1803371125,"currentRatchet":{"ephemeralKeyPair":{"pubKey":"BX1JFzCJ9VfQkZSDof/9ERPLlCUcJAxjTvZmxVaSNro9","privKey":"CNyeKePcNrGl34gI2aNjEMI1GUsbigPATg1kKER+nmU="},"lastRemoteEphemeralKey":"BT5mACfqEd7HGlzOiCaPT1W4NI7aQbCCpumF3XNsB/M9","previousCounter":2,"rootKey":"Dmn1p38Kflllyg3gE05aosTOZsQU5vEQ3BWzal3fgp0="},"indexInfo":{"baseKey":"BUAKa2KuauGkjENeUfvnuVu11PMGkFwGyyMMJP2G6md3","baseKeyType":2,"closed":-1,"used":1726540508955,"created":1726492593667,"remoteIdentityKey":"Baze3QgkdSwUn5FwkBi+hyslY8gigpRpyl1+5GlDhwgK"},"_chains":{"BVNZOSnEjGOl0TZuDO+dEQWTUybXMeALKkr9FiO0GZMD":{"chainKey":{"counter":0},"chainType":2,"messageKeys":{}},"BT5mACfqEd7HGlzOiCaPT1W4NI7aQbCCpumF3XNsB/M9":{"chainKey":{"counter":0,"key":"6cqsrWqsAs590mrv1OwBGSv8vjwW3TJs28+2hQfJN58="},"chainType":2,"messageKeys":{}},"BX1JFzCJ9VfQkZSDof/9ERPLlCUcJAxjTvZmxVaSNro9":{"chainKey":{"counter":20,"key":"pXUAimVDoll2DNIWmWLcvCeVYdBiVgFyKWrnxhbXl1c="},"chainType":1,"messageKeys":{}}}}},"version":"v1"}