{"_sessions":{"BQvOrNSDxBN92jbz5vOz+7JtY36ZRPO2m0ma/gl+8C1H":{"registrationId":1827382783,"currentRatchet":{"ephemeralKeyPair":{"pubKey":"BVx3yKmWpWKiy8Z7pC03ciYn98FvX+8x7W8txq/HXCNV","privKey":"eH+Niyig/gYXgCw9kV0O9GPZy5GTzKOzVTNX5Vm66kE="},"lastRemoteEphemeralKey":"BaACXzTS+rVqK2XVFxQ8mbch/ejlKZ0JlpmyiSXBvxJA","previousCounter":0,"rootKey":"RN6OiCEHXRjlLuSR7ljDS/zkEJHLL/tMQkob+mVyyu4="},"indexInfo":{"baseKey":"BQvOrNSDxBN92jbz5vOz+7JtY36ZRPO2m0ma/gl+8C1H","baseKeyType":1,"closed":-1,"used":1726507252145,"created":1726507252145,"remoteIdentityKey":"BYvPQtdAgkv2JTdcibL8F9LYNiZAXfhEPkZFb7VEQU5S"},"_chains":{"BVx3yKmWpWKiy8Z7pC03ciYn98FvX+8x7W8txq/HXCNV":{"chainKey":{"counter":31,"key":"+rk0x8KcBK733OPvgro+Ahd0xH5GDPyfd6kwyuPMWYs="},"chainType":1,"messageKeys":{}}},"pendingPreKey":{"signedKeyId":1,"baseKey":"BQvOrNSDxBN92jbz5vOz+7JtY36ZRPO2m0ma/gl+8C1H","preKeyId":4225486}}},"version":"v1"}