{"_sessions":{"BQ6fLjdmPrIlGYFxb7ij7g17pEnT7Cvsangoyxz9zPxC":{"registrationId":91766178,"currentRatchet":{"ephemeralKeyPair":{"pubKey":"BQ9BBZ1iGAJ7O+80pdmRCGpLgWmpFEgk6im9R+E3x51V","privKey":"eDgocqxfhlycu2C58aOM9VZxeKWB8SRW7lKOECrg23A="},"lastRemoteEphemeralKey":"BWF4eVH5l7dVp9uRM/J/fbmzFhJRC6kPOoxNwRBk7VIP","previousCounter":0,"rootKey":"ImxVji0iP0vjJ2CVV/YgZ3PoyggdX7bSpbF04bh48VY="},"indexInfo":{"baseKey":"BQ6fLjdmPrIlGYFxb7ij7g17pEnT7Cvsangoyxz9zPxC","baseKeyType":1,"closed":-1,"used":1726740043058,"created":1726492603630,"remoteIdentityKey":"BdK2Rol2GARoJXUgxwTnA9T+dITfjg9iCIOFxVOTpc9M"},"_chains":{"BSS9tCi3we4QHh1hWA9bZcALAF+eJjynOejp7HeCUGs2":{"chainKey":{"counter":0},"chainType":2,"messageKeys":{}},"BflYNCXlzBvUjW94+SWvoCnFBNn/MEop7neEvUecwt4d":{"chainKey":{"counter":0},"chainType":2,"messageKeys":{}},"BbH982IGZAmMenlKLlIR1lvobzDWkqgikiFDsasPcTVt":{"chainKey":{"counter":0},"chainType":2,"messageKeys":{}},"BSKP0bCqwum6yKtx4ET4Cse0g6UzASw7lIyipin7iAVh":{"chainKey":{"counter":1},"chainType":2,"messageKeys":{}},"BUCDYhuvuXgo16pBN6sLml0Nc87zi/0ArV/p+iRxUksm":{"chainKey":{"counter":0},"chainType":2,"messageKeys":{}},"BWF4eVH5l7dVp9uRM/J/fbmzFhJRC6kPOoxNwRBk7VIP":{"chainKey":{"counter":0,"key":"P/PFEu7pVFBdS08/G2ast+KX+87RtS01nefQ+avIQ/k="},"chainType":2,"messageKeys":{}},"BQ9BBZ1iGAJ7O+80pdmRCGpLgWmpFEgk6im9R+E3x51V":{"chainKey":{"counter":1,"key":"0F3WjDqilVxe6GRRJ1oEnfKzeydFyn6f9aKvptECloA="},"chainType":1,"messageKeys":{}}}}},"version":"v1"}