{"_sessions":{"Bfk8qePQfJI01Nz8rlI9grsjf7GIIraBvQAktAjm4QdY":{"registrationId":1892162730,"currentRatchet":{"ephemeralKeyPair":{"pubKey":"BandAo1rCbz9jE7jOoviG1dcVc/LC893qgykYd3A1YkC","privKey":"qJzfCNPPKrxjCISTnfKLyA3MG06iUqU+zMabIfIWc2A="},"lastRemoteEphemeralKey":"BV/J3Hxkg0bfoyiUvB2/cU2p5sAhlD5RvRY80RRQPAct","previousCounter":35,"rootKey":"S1XVvjXHCILH2i6LJTyNg+IRxaUvfbFiyq4Pb/NCptU="},"indexInfo":{"baseKey":"Bfk8qePQfJI01Nz8rlI9grsjf7GIIraBvQAktAjm4QdY","baseKeyType":1,"closed":-1,"used":1726686056578,"created":1726465605227,"remoteIdentityKey":"BZZr8aQvCnsl+7HP+xYzMXn/pggC/M01eQ8yRUlkP98N"},"_chains":{"BSAV+QpG0NmUJpYD7tNK/LCwBu3fq14dUcV3k7PPWo57":{"chainKey":{"counter":0},"chainType":2,"messageKeys":{}},"BV/J3Hxkg0bfoyiUvB2/cU2p5sAhlD5RvRY80RRQPAct":{"chainKey":{"counter":0,"key":"iOPXUyCm/AvrmWMXwK+4j/yH6ZwkCFqwWnAxcxLFjl8="},"chainType":2,"messageKeys":{}},"BandAo1rCbz9jE7jOoviG1dcVc/LC893qgykYd3A1YkC":{"chainKey":{"counter":0,"key":"p4PEThoKmDKE90wOj7rRK/9BpgOPfoKLVzMdAmUP1wQ="},"chainType":1,"messageKeys":{}}}}},"version":"v1"}