{"_sessions":{"BYk7CaDIxMWT6ODp7lJ/YfB0JY6a2w+bYUZkxKRZIywi":{"registrationId":1709455733,"currentRatchet":{"ephemeralKeyPair":{"pubKey":"BeElx0B7WL6eE0gT+9uyMIq6G9YVo5uO19WvBaZDsHRQ","privKey":"CBJ5KEUdO1vfErSQH9kGeFmwny1H43rdJ28juwMn8no="},"lastRemoteEphemeralKey":"BajMfUl2Uu+oizSwa6i7bXQMJPBhY1L8+UZN8VWnEDdU","previousCounter":0,"rootKey":"vF9VnX4GTCMD81W1qogMIOb+3MgTTWu0lX4njCVSgGo="},"indexInfo":{"baseKey":"BYk7CaDIxMWT6ODp7lJ/YfB0JY6a2w+bYUZkxKRZIywi","baseKeyType":2,"closed":-1,"used":1726725426358,"created":1726725426358,"remoteIdentityKey":"Baax3gbgMPQf/QY1qQ1OCwdu/qoVoo7Tqhg2c4BT0r8w"},"_chains":{"BajMfUl2Uu+oizSwa6i7bXQMJPBhY1L8+UZN8VWnEDdU":{"chainKey":{"counter":0,"key":"8bOyLArp7anPbxO5bI+qprWGSWlI0N+30+Ct8VC4/Jw="},"chainType":2,"messageKeys":{}},"BeElx0B7WL6eE0gT+9uyMIq6G9YVo5uO19WvBaZDsHRQ":{"chainKey":{"counter":0,"key":"tvBeOaF8tz9sbMKesfu6eFEvrneeallxj3u5ZF9TfKQ="},"chainType":1,"messageKeys":{}}}}},"version":"v1"}