{"_sessions":{"BUu9jIv/EvpSJ9bRUUGvlSG9bYmWfGMLoyEZJIsv4uE3":{"registrationId":235,"currentRatchet":{"ephemeralKeyPair":{"pubKey":"BdvmCBrsWpCRRZviaxYFwLFBnrlca/tjLb/0CqNe/1gO","privKey":"UFYrm/wP4DjQe3z9c84UcgE7sBV2VAKk1Jhr3JpoElA="},"lastRemoteEphemeralKey":"BVfFnfO/OfOI1oG6aCb4XF30i5ojCQjzOXZ6OAwzofhj","previousCounter":0,"rootKey":"Ibck8O1c/jyPFlQ7nE52fYl2OT8uaR4kQlc8MNK9+fk="},"indexInfo":{"baseKey":"BUu9jIv/EvpSJ9bRUUGvlSG9bYmWfGMLoyEZJIsv4uE3","baseKeyType":2,"closed":-1,"used":1726480765888,"created":1726480765888,"remoteIdentityKey":"BRg5N1Pjrfj/B1qrVAlzkgcWZZPg93YelLHStXRWUcFD"},"_chains":{"BVfFnfO/OfOI1oG6aCb4XF30i5ojCQjzOXZ6OAwzofhj":{"chainKey":{"counter":0,"key":"GpEvXeUdpK1ZoHsc5naqWSRxaKt3/8mqmkgg7ydvQOA="},"chainType":2,"messageKeys":{}},"BdvmCBrsWpCRRZviaxYFwLFBnrlca/tjLb/0CqNe/1gO":{"chainKey":{"counter":0,"key":"DfEpknqIHAOOkewk3K5dtHAsuzoCs+C5j3K4PGRZW6g="},"chainType":1,"messageKeys":{}}}}},"version":"v1"}