{"_sessions":{"BU5FU7S9v9hwnszRDlk76xmzdelluubkyPH+MIywASFN":{"registrationId":1373,"currentRatchet":{"ephemeralKeyPair":{"pubKey":"BZo4wtj4NmuKBpx+G0DOks55wV5/XoLirYvMVdadKIwc","privKey":"6ADCiyyS6hYR9j14vwYWwTBTAtzg0xQeruDKgOzFhGw="},"lastRemoteEphemeralKey":"BSsnvD7GSvUS291iUa6H04R1XhxzuzitOowfgMUi5hJM","previousCounter":0,"rootKey":"NN5nymsskQjKksN+OvggwzBocoD34PjugMiqC0EfRyw="},"indexInfo":{"baseKey":"BU5FU7S9v9hwnszRDlk76xmzdelluubkyPH+MIywASFN","baseKeyType":1,"closed":-1,"used":1726507251978,"created":1726507251978,"remoteIdentityKey":"BQCQUeArmkQer9i+dYViYTPDJCJowNkF3SIaoBmIr1MI"},"_chains":{"BZo4wtj4NmuKBpx+G0DOks55wV5/XoLirYvMVdadKIwc":{"chainKey":{"counter":31,"key":"a0siXlTmXudFvwUByy+sc2wrHIEtwBiP1mdH8JDHpdE="},"chainType":1,"messageKeys":{}}},"pendingPreKey":{"signedKeyId":1,"baseKey":"BU5FU7S9v9hwnszRDlk76xmzdelluubkyPH+MIywASFN","preKeyId":1733}}},"version":"v1"}