{"_sessions":{"BbMb5EYeK+gXC0efjFrvLMW8gNYPyc9H9yfovo3W99dJ":{"registrationId":1216377413,"currentRatchet":{"ephemeralKeyPair":{"pubKey":"BfN7ps6qOY9qEKGldwOWUjKysbgHCwpgC0ujgW62Zsxf","privKey":"YJ0/DHVv0epkOy4KpWrRS/vnXKdrGRfOZfKfVyeUWFs="},"lastRemoteEphemeralKey":"BWbQxSJStrK0kZxO48k6HLfFBT6Ltqxp76UjalBPVPIP","previousCounter":0,"rootKey":"4YUDxLp5ygSk2YG5sXly2Y7nQkqCQICrPPAN2vmiOc8="},"indexInfo":{"baseKey":"BbMb5EYeK+gXC0efjFrvLMW8gNYPyc9H9yfovo3W99dJ","baseKeyType":1,"closed":-1,"used":1726507252046,"created":1726507252046,"remoteIdentityKey":"BWMfTQzXmNnFrZqKdnB7aG7YuQ5+Za6qrB4BxCNAN+UD"},"_chains":{"BfN7ps6qOY9qEKGldwOWUjKysbgHCwpgC0ujgW62Zsxf":{"chainKey":{"counter":31,"key":"WjA7luu4ONHZtiq3gYo8FnOZUZWy4VpgVsPaMrPqizE="},"chainType":1,"messageKeys":{}}},"pendingPreKey":{"signedKeyId":2,"baseKey":"BbMb5EYeK+gXC0efjFrvLMW8gNYPyc9H9yfovo3W99dJ","preKeyId":10138917}}},"version":"v1"}