{"_sessions":{"Ba8WyVBO9kEsoVbsRxCONC88GV8mIKw7m/NAGZLsGXAU":{"registrationId":18,"currentRatchet":{"ephemeralKeyPair":{"pubKey":"Bey06nTmZOdfJFu+GVztNiCi713q9uclrfVxW6sntmFC","privKey":"qArpdZBOvTvQxp1MZxLxT/1h7hJA7+7UHN9omHyJOV0="},"lastRemoteEphemeralKey":"BeVQC0qpAncNbASAwpi/seh0CdfU1UEm1BX3ZX7pH+4N","previousCounter":0,"rootKey":"bZS86UdQOjzOyjutTibZCvtAX3J7Y2mDmzJ4FGnri6c="},"indexInfo":{"baseKey":"Ba8WyVBO9kEsoVbsRxCONC88GV8mIKw7m/NAGZLsGXAU","baseKeyType":1,"closed":-1,"used":1726465605127,"created":1726465605127,"remoteIdentityKey":"BWEHpfGYtZM+k1gEkEfSx5LPc8Ur40P0iOEfLXM7JxtE"},"_chains":{"Bey06nTmZOdfJFu+GVztNiCi713q9uclrfVxW6sntmFC":{"chainKey":{"counter":41,"key":"L4z1hyhjhre/FEo5ZfmNgynIGmNRFV0o3go8UAtx4+I="},"chainType":1,"messageKeys":{}}},"pendingPreKey":{"signedKeyId":1,"baseKey":"Ba8WyVBO9kEsoVbsRxCONC88GV8mIKw7m/NAGZLsGXAU"}}},"version":"v1"}