{"_sessions":{"BT+hwEJ3I7K18Kps8apCa3POIpMOOEc6ip5nr2vfYOcb":{"registrationId":189226715,"currentRatchet":{"ephemeralKeyPair":{"pubKey":"BVD27kXVuAqCMPyGHmRq9sy6F9uiUO6bCAyGz8TdAEM5","privKey":"gOUi0+zjEJaNjz7J2ShFixw+4gHUtZ643SbfecvcaV0="},"lastRemoteEphemeralKey":"BSS9OIyC9nFPSWKVbfvlQPGDoWTdzqHmPppVum2Iap19","previousCounter":0,"rootKey":"aXwXFzkLtTkAF8StoYCeVjL/JRrlxImE11enKkuE9OU="},"indexInfo":{"baseKey":"BT+hwEJ3I7K18Kps8apCa3POIpMOOEc6ip5nr2vfYOcb","baseKeyType":1,"closed":-1,"used":1726507252359,"created":1726507252359,"remoteIdentityKey":"Bc7jhAnOs9tRnUDGPUI8K4Pz163iATeiZVxExN4oFYlC"},"_chains":{"BVD27kXVuAqCMPyGHmRq9sy6F9uiUO6bCAyGz8TdAEM5":{"chainKey":{"counter":31,"key":"4hUSRVAgYOd69fqwCky6gdNNNmO8SznitbOR6H/tK7Q="},"chainType":1,"messageKeys":{}}},"pendingPreKey":{"signedKeyId":1,"baseKey":"BT+hwEJ3I7K18Kps8apCa3POIpMOOEc6ip5nr2vfYOcb","preKeyId":2016291}}},"version":"v1"}