{"_sessions":{"BVs6iytul4Jch44XHau4E1Gif4D/x75AVxEIeolkX2NV":{"registrationId":230342875,"currentRatchet":{"ephemeralKeyPair":{"pubKey":"BR5K+njQkChjGqnW9p9Nd59u08R9py/ODQgFcaEPhmpt","privKey":"KCwGnut9iLmbu3JaHOF3EqO9ipkDkqyV7lMTYQZ3LlI="},"lastRemoteEphemeralKey":"BehJPxhm3NnUCarastjVsIQSQNsxvCQ8QjR1WHXZcjst","previousCounter":0,"rootKey":"bltVMns7faY2bNOCScJTpy5dmQ0qWVS5ndWM8kUm+M8="},"indexInfo":{"baseKey":"BVs6iytul4Jch44XHau4E1Gif4D/x75AVxEIeolkX2NV","baseKeyType":1,"closed":-1,"used":1726507252253,"created":1726507252253,"remoteIdentityKey":"Bepz0zTr9K8B2cOsZ7tD2mr+JoTb/T4i7bHcDNGn5TYk"},"_chains":{"BR5K+njQkChjGqnW9p9Nd59u08R9py/ODQgFcaEPhmpt":{"chainKey":{"counter":31,"key":"az5bsUJ99oWiJQJetF3l/hOGhlSwa9lXAzdIKb5BKMg="},"chainType":1,"messageKeys":{}}},"pendingPreKey":{"signedKeyId":3,"baseKey":"BVs6iytul4Jch44XHau4E1Gif4D/x75AVxEIeolkX2NV"}}},"version":"v1"}