{"_sessions":{"BYFWm/kBHRWlKVWY0sG6sP/SWHOwKd46vy7G/bTZvoMz":{"registrationId":2139101754,"currentRatchet":{"ephemeralKeyPair":{"pubKey":"BcO9hXxi/Ve9E8vEs11jTnf6sgig2mnJShZfL5lmKn5J","privKey":"oAwikc9T5ERn6LvsCZO5OBhfFH2ieehuoVxGmGkUJWw="},"lastRemoteEphemeralKey":"BdnmoDaQxwij1a5b/L4nkpIsVksPFif6zUsWbr6SJQQ7","previousCounter":0,"rootKey":"OJ34E54UQt69A9s32aG5nlD8aHiCa3OQdkpltA1Ey4w="},"indexInfo":{"baseKey":"BYFWm/kBHRWlKVWY0sG6sP/SWHOwKd46vy7G/bTZvoMz","baseKeyType":1,"closed":-1,"used":1726465605203,"created":1726465605203,"remoteIdentityKey":"BZi3PEEj9+YIdKjrq2oIt+G00PA/YJLxa5x5kBgHQPRg"},"_chains":{"BcO9hXxi/Ve9E8vEs11jTnf6sgig2mnJShZfL5lmKn5J":{"chainKey":{"counter":37,"key":"ogl6d37W1iAGpoCHAgjIu4+MN+WptLdso8xPfEduPEA="},"chainType":1,"messageKeys":{}}},"pendingPreKey":{"signedKeyId":0,"baseKey":"BYFWm/kBHRWlKVWY0sG6sP/SWHOwKd46vy7G/bTZvoMz"}}},"version":"v1"}