{"_sessions":{"BYcOXwWf0qNu+tP43sSOM2GhFr3JL+b3uF8kcG8Re9tX":{"registrationId":1048745779,"currentRatchet":{"ephemeralKeyPair":{"pubKey":"Bc6vOp0Z8c649UAKv1EmS5SPRXEWqu5zBeuyx6FWEoJb","privKey":"4Dg2ChJwnlAFfqiQXTT7HTihT4if+9ubig9C+4pbJ0I="},"lastRemoteEphemeralKey":"BUpE8vEfPjt9fB9146L8hiPDUD8JTgKZfyd/I0Dx93U9","previousCounter":0,"rootKey":"ylU6DACNZfSX68ziOMzhVixOJ7pJSDpTFlnss6qbF28="},"indexInfo":{"baseKey":"BYcOXwWf0qNu+tP43sSOM2GhFr3JL+b3uF8kcG8Re9tX","baseKeyType":1,"closed":-1,"used":1726507252128,"created":1726507252128,"remoteIdentityKey":"BfY7fSFK1x4r1ayo6ZHfs8yz5SxAzILN66NE27wC1Q4p"},"_chains":{"Bc6vOp0Z8c649UAKv1EmS5SPRXEWqu5zBeuyx6FWEoJb":{"chainKey":{"counter":31,"key":"Ngd48KEPmQUQw4rV+k62q2GQDFE/aFOxlPOuSjr014k="},"chainType":1,"messageKeys":{}}},"pendingPreKey":{"signedKeyId":14,"baseKey":"BYcOXwWf0qNu+tP43sSOM2GhFr3JL+b3uF8kcG8Re9tX"}}},"version":"v1"}