{"_sessions":{"Bckr5U/1zoxWKmvgjpddcg/iUMU7+IisRZckUQ25SQV+":{"registrationId":538687486,"currentRatchet":{"ephemeralKeyPair":{"pubKey":"BVpWrrPD5ck0ITZgwzhPL3qG259z4bjg5QgQeMDTmxV3","privKey":"KDCHtraNdLOtBFa80pAKnpl5QxWvNH0kOo3LxMcHAFA="},"lastRemoteEphemeralKey":"BfHq1zHSt2/aQM0yqHBYFoJwKa+3qb7oNCbUH2Xi1/8v","previousCounter":0,"rootKey":"lr80PBEtN32w+G4Kp8/9Rp1/YcEMctbnpQ64ZhDj4p0="},"indexInfo":{"baseKey":"Bckr5U/1zoxWKmvgjpddcg/iUMU7+IisRZckUQ25SQV+","baseKeyType":1,"closed":-1,"used":1726750373677,"created":1726750373677,"remoteIdentityKey":"BbrdBMlvldtdXuNSDNm045rjCWLmMic7teUAxrqJvGxV"},"_chains":{"BVpWrrPD5ck0ITZgwzhPL3qG259z4bjg5QgQeMDTmxV3":{"chainKey":{"counter":0,"key":"lYdrtQ2tQLKuJrw4uC0cryzQXLP6RDA+dcs/qC5pfw0="},"chainType":1,"messageKeys":{}}},"pendingPreKey":{"signedKeyId":5,"baseKey":"Bckr5U/1zoxWKmvgjpddcg/iUMU7+IisRZckUQ25SQV+","preKeyId":16013253}}},"version":"v1"}