{"_sessions":{"BcWUTJLnbucic5m12bKjEs+JG7SS/v51ubhazt7Jf1FC":{"registrationId":981671481,"currentRatchet":{"ephemeralKeyPair":{"pubKey":"BdyWJVaheJLwQlh/3OMbhcRE+ah3llPqfziGxX2aaQMZ","privKey":"CGyyy1K4Jizo9p8Pi5F62CEHaCDUuN7Jb/vsfPF0xFw="},"lastRemoteEphemeralKey":"BVqvQ13IBW64x/YeYET6pj4gHWRrXCxxoZ0+olUO3dhp","previousCounter":0,"rootKey":"FQjHoV8Mfh6GOu346yvpw062bBFM1OAdqFYixZQXUAw="},"indexInfo":{"baseKey":"BcWUTJLnbucic5m12bKjEs+JG7SS/v51ubhazt7Jf1FC","baseKeyType":2,"closed":-1,"used":1726737777469,"created":1726737777469,"remoteIdentityKey":"BSzIupMOAseNjZ53ht5pnXlQ2AViQWwyKRXxn4n+tx0c"},"_chains":{"BVqvQ13IBW64x/YeYET6pj4gHWRrXCxxoZ0+olUO3dhp":{"chainKey":{"counter":1,"key":"88MHZA6ThxJux2VzKbPndSYV354TPzCIOaNL7hOGjVk="},"chainType":2,"messageKeys":{}},"BdyWJVaheJLwQlh/3OMbhcRE+ah3llPqfziGxX2aaQMZ":{"chainKey":{"counter":0,"key":"RG0us2BdsytCiyTfj4j+l7QPUut+k8ZZuhjEscE1Vtg="},"chainType":1,"messageKeys":{}}}}},"version":"v1"}