{"_sessions":{"BaxZgg0/NwtqJbYyZVCgfnUcXnI/Vb3vHc4am67K/VIX":{"registrationId":1336084979,"currentRatchet":{"ephemeralKeyPair":{"pubKey":"BfApCkmvVDOX2TgQACye3W7bFwve8spCtv8y10pZ/6RL","privKey":"8ADeDiDfqFFIqa7J7jFiU0dS2/N5Geg4e2YZqQPIzm8="},"lastRemoteEphemeralKey":"BSHjHAcvKreD6zhwZ5K7yjXuAmH8UgR2TswEu0uWTOFJ","previousCounter":0,"rootKey":"em/7mWV0wofQWMOnfGuvfrZu5joN5thFA9s+WpMlJT0="},"indexInfo":{"baseKey":"BaxZgg0/NwtqJbYyZVCgfnUcXnI/Vb3vHc4am67K/VIX","baseKeyType":2,"closed":-1,"used":1726466649158,"created":1726466649158,"remoteIdentityKey":"BdGPxha4RJ78ryOr3aL69pAd7Xk05muhyf4e5UT/vJZT"},"_chains":{"BSHjHAcvKreD6zhwZ5K7yjXuAmH8UgR2TswEu0uWTOFJ":{"chainKey":{"counter":1,"key":"wPMAmCutd/8d/bfX2B9nPU+zcG1MKvjYrMaU11mOTu8="},"chainType":2,"messageKeys":{}},"BfApCkmvVDOX2TgQACye3W7bFwve8spCtv8y10pZ/6RL":{"chainKey":{"counter":0,"key":"K7CTUUby78TDYjdhr8YDMtxpoviUl1YBHTbmozn3DMU="},"chainType":1,"messageKeys":{}}}}},"version":"v1"}