{"_sessions":{"BcGJKaCN+X6KaTdt9465WzaeBxMkuQ+cQ6vEplgZS6A8":{"registrationId":1491232557,"currentRatchet":{"ephemeralKeyPair":{"pubKey":"Bb9vZLEzhrUziSrWSMGuAekXAtlo3+IA5yY/EIbJGz9G","privKey":"UKW+IGiYK549UWEFc1p0e3P0Hfeot3GUE305YzAtF10="},"lastRemoteEphemeralKey":"Ba78Pp0z89mrp5ZSDkJGdB8QivC+IE2L2D97YAJn0H8T","previousCounter":0,"rootKey":"a3kUBFSX3ZwLDkpSJjgO+tbAXfXLr4taIHG9QeSKgfs="},"indexInfo":{"baseKey":"BcGJKaCN+X6KaTdt9465WzaeBxMkuQ+cQ6vEplgZS6A8","baseKeyType":1,"closed":-1,"used":1726480767589,"created":1726480767589,"remoteIdentityKey":"BYRszMgKL1b72guy5H4dBuNoASNQXpFanWdWLnHN3CJc"},"_chains":{"Bb9vZLEzhrUziSrWSMGuAekXAtlo3+IA5yY/EIbJGz9G":{"chainKey":{"counter":0,"key":"2P+kIvocU3Yg/sK02RC1nDa9RKmyCspmGATzM9ZJMAE="},"chainType":1,"messageKeys":{}}},"pendingPreKey":{"signedKeyId":9,"baseKey":"BcGJKaCN+X6KaTdt9465WzaeBxMkuQ+cQ6vEplgZS6A8","preKeyId":12608170}}},"version":"v1"}