{"_sessions":{"BSysj6Fv4LYZyCOaTGMaVN+xJNkIAVHkjocYhCwdMnAL":{"registrationId":1217147817,"currentRatchet":{"ephemeralKeyPair":{"pubKey":"BWuKTjVkNfBrg/eRyxULGTD1D9IkO1xp4DZCsqtCFxpo","privKey":"mOAE4JXFPhl7MeG58gZASIYw2KFzak1joYoI+x8TLlw="},"lastRemoteEphemeralKey":"BSjwXg+SeIkeoJBr/8rbAgpu6UlPONg3nlC/696FLmYG","previousCounter":2,"rootKey":"DYpsZ8s8UxdHiByKzzSoPCZQcbJe44vEiiKATrYvVlM="},"indexInfo":{"baseKey":"BSysj6Fv4LYZyCOaTGMaVN+xJNkIAVHkjocYhCwdMnAL","baseKeyType":1,"closed":-1,"used":1726661593089,"created":1726644551796,"remoteIdentityKey":"BRQuKqNulIQR/way/WdlSUs+eTbnimrdMr/6z4kitTt5"},"_chains":{"BZgORf9KPaRxyoJy5jyOmXSOd7I9AemLGOMEIXcXLtsg":{"chainKey":{"counter":0},"chainType":2,"messageKeys":{}},"BQftGKXFSLLg8wNdN5D72yxxNTTpSSpoKA/kS2z+wFED":{"chainKey":{"counter":0},"chainType":2,"messageKeys":{}},"Bep1C6s1/EYLPK//cevP3deVBDD2NyIhhh1pKVF2La8K":{"chainKey":{"counter":0},"chainType":2,"messageKeys":{}},"BYkWCPyV5EioaRojm+eI2v1njLGh4k7c+Nqz1J6MwRwU":{"chainKey":{"counter":1},"chainType":2,"messageKeys":{}},"BVwN8YJC/tio8LRuIXdHW/hA+AG9KPioALJc4e8qV8FZ":{"chainKey":{"counter":0},"chainType":2,"messageKeys":{}},"BW9yyIlkgWXVqnsESlPH7OhQqWbfAvsmvft/yPg6Gd8v":{"chainKey":{"counter":0},"chainType":2,"messageKeys":{}},"BU2IKIuzALKgbobfc6p2vHkVnInAZfnYAMXt6ScXgQ0M":{"chainKey":{"counter":0},"chainType":2,"messageKeys":{}},"BfNxlUePrHhCbdEuKJqQl1dzdkfwBr7kpoPy9gvx/OVQ":{"chainKey":{"counter":0},"chainType":2,"messageKeys":{}},"BZAWou2B2f+wrI9rhG24QIQNgPj/UyXD7n7yySFpM44+":{"chainKey":{"counter":1},"chainType":2,"messageKeys":{}},"BfNg0SzABYySnf/ossFdt9g/nujgVzIxZPigQn5O4Iof":{"chainKey":{"counter":0},"chainType":2,"messageKeys":{}},"Ba69uTf8MwFxLpjJuD9syXv5uWqNGpLeSshbrsRbwDc9":{"chainKey":{"counter":0},"chainType":2,"messageKeys":{}},"BSjwXg+SeIkeoJBr/8rbAgpu6UlPONg3nlC/696FLmYG":{"chainKey":{"counter":1,"key":"qDTZRguKtVOZCAUuPbssCQcJ6WjggaPD1xkgAn1AiNM="},"chainType":2,"messageKeys":{}},"BWuKTjVkNfBrg/eRyxULGTD1D9IkO1xp4DZCsqtCFxpo":{"chainKey":{"counter":-1,"key":"O5ZSO+n4Gr4xDCp88zGg9wzUk4tKI/5VPA+vg8gwncI="},"chainType":1,"messageKeys":{}}}}},"version":"v1"}