{"_sessions":{"BazqKOM6nfIaQ7OSYjC7CB3HPOvQGvaNdLwy1sT0vhpJ":{"registrationId":427369379,"currentRatchet":{"ephemeralKeyPair":{"pubKey":"BWz/LVw6IWmX5HjSSVxtfal+d8QR+z/+Yv4YkkzJbZ8d","privKey":"GO/gO2praLfUtXTgTAL2T4QehZZhmYTvJph+XxdxiEI="},"lastRemoteEphemeralKey":"BRyxpQpIPRzhP8t4jrFWW0YXB8Qi1Qy4wXrSQuy6PUsa","previousCounter":0,"rootKey":"hr4g9hmJyDLheAsbOAtcb129SjLzWHy+GRTQzJt8NvA="},"indexInfo":{"baseKey":"BazqKOM6nfIaQ7OSYjC7CB3HPOvQGvaNdLwy1sT0vhpJ","baseKeyType":1,"closed":1726665601800,"used":1726494928268,"created":1726465605194,"remoteIdentityKey":"BfFWlrUmJ15jgeoyP7OC3PoACk/ZodCucN2M8YahQB1n"},"_chains":{"BRyxpQpIPRzhP8t4jrFWW0YXB8Qi1Qy4wXrSQuy6PUsa":{"chainKey":{"counter":0,"key":"q7EHD0uyadDV/uNhIdPELEUDkJEM7YWMjGnOO18iyyQ="},"chainType":2,"messageKeys":{}},"BWz/LVw6IWmX5HjSSVxtfal+d8QR+z/+Yv4YkkzJbZ8d":{"chainKey":{"counter":33,"key":"noSx7xH7jNrA/qaUvQAc4P2AHuP6P0DvLgKxoWPd0+k="},"chainType":1,"messageKeys":{}}}},"Bb0SlnOGGVKZSTfmXWJy6q5TT799DIEl/5xNQ1wgF4Yk":{"registrationId":427369379,"currentRatchet":{"ephemeralKeyPair":{"pubKey":"BQJrCtWudgXD51mu3YQNLK+Qvn5Xxu+ukCZGVylUfREr","privKey":"QFdPAKjGWUaCHTSiPi6VhMkOcDG1WG2hUASHaXmKmGk="},"lastRemoteEphemeralKey":"BW14eZJoUpzI3NtJO56qFS6p631kNd+uxigug9dorpYS","previousCounter":0,"rootKey":"dLPcJjvqBU+yiMoz2DGfkAu06hP01Uafzjq9ONjtc4Q="},"indexInfo":{"baseKey":"Bb0SlnOGGVKZSTfmXWJy6q5TT799DIEl/5xNQ1wgF4Yk","baseKeyType":1,"closed":1726665603101,"used":1726665601789,"created":1726665601789,"remoteIdentityKey":"BfFWlrUmJ15jgeoyP7OC3PoACk/ZodCucN2M8YahQB1n"},"_chains":{"BQJrCtWudgXD51mu3YQNLK+Qvn5Xxu+ukCZGVylUfREr":{"chainKey":{"counter":0,"key":"G4uzPK4S+0wvT/i/ngaeovNpaD4KT8zHGU7S3qm1LVA="},"chainType":1,"messageKeys":{}}},"pendingPreKey":{"signedKeyId":1,"baseKey":"Bb0SlnOGGVKZSTfmXWJy6q5TT799DIEl/5xNQ1wgF4Yk"}},"Bfd63a1YCup4i5RvzlXeWSetgBfWSTQY7RgrluDhDi17":{"registrationId":427369379,"currentRatchet":{"ephemeralKeyPair":{"pubKey":"Bc1Vm5bYHL/APajWPd8CVaTn4fSArpXwVsoEz20rCRB9","privKey":"sKkR3LUym9a+TP2gSac6T6+3TPqCyHZbiOyzBggVKGg="},"lastRemoteEphemeralKey":"BT6O21kipuWkX5NUWlCZsrKs8aOzBa31D75eQhJZs2N6","previousCounter":1,"rootKey":"ib+mBYIc5gEIZArkSWxpvrLcS8mnBuZxTwOa5Y9czuI="},"indexInfo":{"baseKey":"Bfd63a1YCup4i5RvzlXeWSetgBfWSTQY7RgrluDhDi17","baseKeyType":1,"closed":-1,"used":1726734595769,"created":1726665603099,"remoteIdentityKey":"BfFWlrUmJ15jgeoyP7OC3PoACk/ZodCucN2M8YahQB1n"},"_chains":{"BT6O21kipuWkX5NUWlCZsrKs8aOzBa31D75eQhJZs2N6":{"chainKey":{"counter":1,"key":"3+9vntZdyjOdSON8BZwQDSbWmFXRz1EUXJDAyflzB90="},"chainType":2,"messageKeys":{"0":"ICfMjA04VuaJJqVHp99n2z5NPBg7lJ0XzEOXr2c9uS0="}},"Bc1Vm5bYHL/APajWPd8CVaTn4fSArpXwVsoEz20rCRB9":{"chainKey":{"counter":-1,"key":"oO22W4NcadWysfVydam/1g7inoMgtoGJHPU1w0LULZA="},"chainType":1,"messageKeys":{}}}}},"version":"v1"}