{"_sessions":{"BU4NnlJRQcxR4a4NmM8U2v7eSn+5oOnUJraBvum8o8tN":{"registrationId":207,"currentRatchet":{"ephemeralKeyPair":{"pubKey":"BTDpqFgGe48iWaJX24KYSkmjREHl3IzsCt59qKPxIYlW","privKey":"kPl/mw4mChI9ewFPjvzV3YEzx9jmfhG1LiXfq360Wnk="},"lastRemoteEphemeralKey":"BYZbtF4vjY8Uxad5fuaHPcmQWUBFFwyjfIqZSqYZCC9W","previousCounter":0,"rootKey":"vCGzVq/Yn4Emg5GsdEpqK92M7C/uL8j8iQiGOdA8OJM="},"indexInfo":{"baseKey":"BU4NnlJRQcxR4a4NmM8U2v7eSn+5oOnUJraBvum8o8tN","baseKeyType":1,"closed":-1,"used":1726740044055,"created":1726740044055,"remoteIdentityKey":"BVfDGWbuMespzFPa/5y+3rcT61ULQGi1PjnXdaJrfWsc"},"_chains":{"BTDpqFgGe48iWaJX24KYSkmjREHl3IzsCt59qKPxIYlW":{"chainKey":{"counter":1,"key":"6g5Q5MUUYzmnafP8wXAXOYN6geCBqCxkL+xTv8wo5Oo="},"chainType":1,"messageKeys":{}}},"pendingPreKey":{"signedKeyId":1,"baseKey":"BU4NnlJRQcxR4a4NmM8U2v7eSn+5oOnUJraBvum8o8tN","preKeyId":81}}},"version":"v1"}