{"_sessions":{"Ba80MXj/OT9fE+HQpFuRWTKTy3rGOsdrq/2ZCkEQkDo5":{"registrationId":54,"currentRatchet":{"ephemeralKeyPair":{"pubKey":"Bc94t4uFFbxS8ki2ZpiDCl7rAZk26v49Svmio5N56TAX","privKey":"4LpZynl0Fwr5YLiFJsRfWVNJjrbzuThUFCbCphnkmEI="},"lastRemoteEphemeralKey":"BZOHsGDC3CPYFJRawajYHi81zx/AR6a9nklYtUOVC/0p","previousCounter":0,"rootKey":"0AkiyUZiTQrpyVIfMK1f4ZyfsM/SXihBt7u7VUe7TQk="},"indexInfo":{"baseKey":"Ba80MXj/OT9fE+HQpFuRWTKTy3rGOsdrq/2ZCkEQkDo5","baseKeyType":1,"closed":-1,"used":1726583267537,"created":1726569863966,"remoteIdentityKey":"BXI+Cdp9Spa6FwjSm0J5Mz0cGzlQ5GVup04Cl6B0ZxMu"},"_chains":{"BUlY8DzW2Onjzmcf1znCdqMem8e7uipTLGp799Fl5+4Q":{"chainKey":{"counter":0},"chainType":2,"messageKeys":{}},"BQ0yd3ZBNykD16lDS2GU7MJFLQoi+u7p2yxGUj+WhCNI":{"chainKey":{"counter":0},"chainType":2,"messageKeys":{}},"BZOHsGDC3CPYFJRawajYHi81zx/AR6a9nklYtUOVC/0p":{"chainKey":{"counter":0,"key":"rPN4OlwdjSPw6tacChS6w9MlHq6GbLzqpEzxpusNrWo="},"chainType":2,"messageKeys":{}},"Bc94t4uFFbxS8ki2ZpiDCl7rAZk26v49Svmio5N56TAX":{"chainKey":{"counter":14,"key":"4MPoZdeiUV8BYZ1aiJECZmgwGPpFE4e5FaMqaMmLOpM="},"chainType":1,"messageKeys":{}}}}},"version":"v1"}