{"_sessions":{"BY4wUatfL0ZueDOj3uFzYAkhn2PuoUlmHYhDx/VUGYAL":{"registrationId":1802112712,"currentRatchet":{"ephemeralKeyPair":{"pubKey":"BUXRscYKXYUoxVabMRUsP6nmmiq/hUsa/l00mtT8s+R2","privKey":"CEQmk+louEeyR6JgRlxrhzZIF0Wzs1qI0kyEHAM99WI="},"lastRemoteEphemeralKey":"BWXfKc6yQy0yM9UcEB3EkIX8uKjLB8IzlekCSi8XWuVd","previousCounter":0,"rootKey":"Oc4DdYf1Lcekvd0hh1ROcMXfZ1hb4XYs79BG7MP2dpA="},"indexInfo":{"baseKey":"BY4wUatfL0ZueDOj3uFzYAkhn2PuoUlmHYhDx/VUGYAL","baseKeyType":1,"closed":-1,"used":1726507251892,"created":1726507251892,"remoteIdentityKey":"BX9nKa4VRibH/riLj2IjZ9Sl9ZY+liChXJaJYOPlFLxb"},"_chains":{"BUXRscYKXYUoxVabMRUsP6nmmiq/hUsa/l00mtT8s+R2":{"chainKey":{"counter":31,"key":"4CGMZs5B+MmpMZZPmhmMJSJmDucV5SebIFprOcR2IS0="},"chainType":1,"messageKeys":{}}},"pendingPreKey":{"signedKeyId":0,"baseKey":"BY4wUatfL0ZueDOj3uFzYAkhn2PuoUlmHYhDx/VUGYAL","preKeyId":6740397}}},"version":"v1"}