{"_sessions":{"BRD7NN0KEF3rAAjTnx/c/ybUr6W184KRArDN8P+pqSVQ":{"registrationId":116545879,"currentRatchet":{"ephemeralKeyPair":{"pubKey":"BViilt8DNOuXg6zrlQylbhe6k/kVq4H+/l81S8TztNBK","privKey":"2K4/gKoMySGhdCQEOe1bjFnPhcg3Qv2AsSe48wFzb3Q="},"lastRemoteEphemeralKey":"BZne37vOMieGY5IIwgtdY4wNFROjpggPoVbU9wZB9XJN","previousCounter":0,"rootKey":"jM1IMRvNH+fkOY9GDrEm2TX8giGIdUvIvGTxnpr0WKQ="},"indexInfo":{"baseKey":"BRD7NN0KEF3rAAjTnx/c/ybUr6W184KRArDN8P+pqSVQ","baseKeyType":1,"closed":-1,"used":1726465605211,"created":1726465605211,"remoteIdentityKey":"BYlTMpciUebyK3Jp4Om0V9Ms40d2TDIQQQRp5ymNcIIt"},"_chains":{"BViilt8DNOuXg6zrlQylbhe6k/kVq4H+/l81S8TztNBK":{"chainKey":{"counter":41,"key":"fNNuBf4ijMdycW28aKcH8w86Qstj9Oq2F/BkQJrdlmA="},"chainType":1,"messageKeys":{}}},"pendingPreKey":{"signedKeyId":1,"baseKey":"BRD7NN0KEF3rAAjTnx/c/ybUr6W184KRArDN8P+pqSVQ"}}},"version":"v1"}