{"_sessions":{"BSGMtO2OV+LSws0YxG8LyuFcyVHEWRPOQoV5/00n/d1X":{"registrationId":1151943771,"currentRatchet":{"ephemeralKeyPair":{"pubKey":"BWBesiUnb+nAruy2THT4H3Y04jQEg3avXP8Z2DxEmZEO","privKey":"qORityYfxv4ytpCNdsn5N853Hn0HzpDsSCErz3B8sWc="},"lastRemoteEphemeralKey":"Bf57lxtby4HcnuSG2syfrnGGq+0LajbRVQDVNvatgsMN","previousCounter":0,"rootKey":"KArPwY4O79Fg6hH/EcCdsn5rqNfAw1gqW5y4/oEhEso="},"indexInfo":{"baseKey":"BSGMtO2OV+LSws0YxG8LyuFcyVHEWRPOQoV5/00n/d1X","baseKeyType":2,"closed":-1,"used":1726482924419,"created":1726482924419,"remoteIdentityKey":"BdANOzwDHUj8egzsR75tI4JFPnPH9QN21bi58Ewr4ZR4"},"_chains":{"Bf57lxtby4HcnuSG2syfrnGGq+0LajbRVQDVNvatgsMN":{"chainKey":{"counter":1,"key":"9jbP+kt9zAZ6RcyI0zqiXLG4R4m3zO/Hj177cjLphKg="},"chainType":2,"messageKeys":{}},"BWBesiUnb+nAruy2THT4H3Y04jQEg3avXP8Z2DxEmZEO":{"chainKey":{"counter":23,"key":"lBrKcZ4qsrhKKxzJlwHhJfnoKINBNa4/7skpZy4NbRY="},"chainType":1,"messageKeys":{}}}}},"version":"v1"}