{"_sessions":{"BUhMqtKOTjbnfWhngK66JAc8HgJ1nOfa83GOhb+Jj2Ur":{"registrationId":23003539,"currentRatchet":{"ephemeralKeyPair":{"pubKey":"Be8DC3UT9ftcRMuxEKDkGI1vKlLXuxMKJWwxv7Z/M1J7","privKey":"0Cq+nDnTNhbuQOAzzFnhOiS5G9NGYWeVBK8DGuT6ZF4="},"lastRemoteEphemeralKey":"BR23s56/3gAALEzt32cOW3zgMqS1I6aBycOI1auPBFMT","previousCounter":14,"rootKey":"mExTFY7pGwu0ym6t5oDqbmQ5JNQu+o8K34nZ5ey/TZg="},"indexInfo":{"baseKey":"BUhMqtKOTjbnfWhngK66JAc8HgJ1nOfa83GOhb+Jj2Ur","baseKeyType":1,"closed":1726568237489,"used":1726540508850,"created":1726465605266,"remoteIdentityKey":"Be3DdxaUTYTUT1+ofRaCk18jSKiuxTk1Go2XvSv47XMF"},"_chains":{"BRd6rWHZPdlNeQv8DKon2sl8QK0oa2iAc0H+hdJzViY4":{"chainKey":{"counter":0},"chainType":2,"messageKeys":{}},"BR23s56/3gAALEzt32cOW3zgMqS1I6aBycOI1auPBFMT":{"chainKey":{"counter":0,"key":"xAbX4OcO1lshi2eNk2x3/fWi5CdIXdGolRKzzh5cp+c="},"chainType":2,"messageKeys":{}},"Be8DC3UT9ftcRMuxEKDkGI1vKlLXuxMKJWwxv7Z/M1J7":{"chainKey":{"counter":-1,"key":"I1NE/w5KRhLT/GlNwNSHdtGjaIjgXdg0ua19SWvT0rE="},"chainType":1,"messageKeys":{}}}},"BWZ07lG0VFpjvqcojG49C2SA7ws4hpl/bXduCvChEl4J":{"registrationId":1051621914,"currentRatchet":{"ephemeralKeyPair":{"pubKey":"BSMU6P2EwkyJSCV7H//3C9PrB7mxfumbZrqy0eQPrLoW","privKey":"cDP3oOaeyAePJiTFUEjm252qjPO042JK1hjrJH3ERkU="},"lastRemoteEphemeralKey":"BYg5ZPnDKhJjukfiefC8HubQS4s3PEOfuoxXcWE2Yg8R","previousCounter":0,"rootKey":"0I883sS2DOFtdi44CzCd8B/d8iuEiizUk/pNbXncHmc="},"indexInfo":{"baseKey":"BWZ07lG0VFpjvqcojG49C2SA7ws4hpl/bXduCvChEl4J","baseKeyType":1,"closed":1726568850341,"used":1726568237481,"created":1726568237481,"remoteIdentityKey":"BZ0W/Lt6h4+j9R+7wA7axdtFYYH7T13MAxFV4aqwOURB"},"_chains":{"BSMU6P2EwkyJSCV7H//3C9PrB7mxfumbZrqy0eQPrLoW":{"chainKey":{"counter":1,"key":"URngzxVzV5Y7KRBDSpg3Jaos8ekMumJrP+HSTh/4ris="},"chainType":1,"messageKeys":{}}},"pendingPreKey":{"signedKeyId":0,"baseKey":"BWZ07lG0VFpjvqcojG49C2SA7ws4hpl/bXduCvChEl4J","preKeyId":3706499}},"BQnJMaAqmpkgq/oeSXPTqzZaUCYIgFuffRsU/L+ezasu":{"registrationId":1051621914,"currentRatchet":{"ephemeralKeyPair":{"pubKey":"BRZA0XTYWmHw256kiUzNKOJRcLPpdVyMpVp+OQCaZ1Qm","privKey":"SLgvmivbWZENdAwqzzS5Pnvr0Nelk+gmHJ0cL1PpBGc="},"lastRemoteEphemeralKey":"BYg5ZPnDKhJjukfiefC8HubQS4s3PEOfuoxXcWE2Yg8R","previousCounter":0,"rootKey":"oRPmf142PfhSyE7Ku0sP7AoPtglsNkFqibGJOvqccWY="},"indexInfo":{"baseKey":"BQnJMaAqmpkgq/oeSXPTqzZaUCYIgFuffRsU/L+ezasu","baseKeyType":1,"closed":1726568884179,"used":1726568850338,"created":1726568850338,"remoteIdentityKey":"BZ0W/Lt6h4+j9R+7wA7axdtFYYH7T13MAxFV4aqwOURB"},"_chains":{"BRZA0XTYWmHw256kiUzNKOJRcLPpdVyMpVp+OQCaZ1Qm":{"chainKey":{"counter":2,"key":"GKIgc8CGFBzLzuLHUBDVcWuwY0+udZoGD85JPDMQvmM="},"chainType":1,"messageKeys":{}}},"pendingPreKey":{"signedKeyId":0,"baseKey":"BQnJMaAqmpkgq/oeSXPTqzZaUCYIgFuffRsU/L+ezasu","preKeyId":3706084}},"BXERa4QsAJKlxRpJNr7xuqaS1F079FBx6vNWO9J+6l1K":{"registrationId":1051621914,"currentRatchet":{"ephemeralKeyPair":{"pubKey":"BaIGll5PS0bD5VqdyaELaV9gdj76R6f4cfsOgenwbEYd","privKey":"UPi4BAb5Wojb6HxuGA0QKJR+Y9gmB6DemGmUnqdC6Gw="},"lastRemoteEphemeralKey":"BYg5ZPnDKhJjukfiefC8HubQS4s3PEOfuoxXcWE2Yg8R","previousCounter":0,"rootKey":"y1MlJcGCvUTjFH28SBmV2funXPm40C/KbyH1IY3OhwY="},"indexInfo":{"baseKey":"BXERa4QsAJKlxRpJNr7xuqaS1F079FBx6vNWO9J+6l1K","baseKeyType":1,"closed":1726569296117,"used":1726568884177,"created":1726568884177,"remoteIdentityKey":"BZ0W/Lt6h4+j9R+7wA7axdtFYYH7T13MAxFV4aqwOURB"},"_chains":{"BaIGll5PS0bD5VqdyaELaV9gdj76R6f4cfsOgenwbEYd":{"chainKey":{"counter":0,"key":"Ss9EDQiNIcbISMx8hsbF9YX0b0r6S3sWSeYXDx2Lnbk="},"chainType":1,"messageKeys":{}}},"pendingPreKey":{"signedKeyId":0,"baseKey":"BXERa4QsAJKlxRpJNr7xuqaS1F079FBx6vNWO9J+6l1K","preKeyId":3706496}},"BZmpb6N3M9PZgEJfWfaLNO9XvikJHh2YZgR1Bo6bMeJ9":{"registrationId":1051621914,"currentRatchet":{"ephemeralKeyPair":{"pubKey":"BXOf2dYSbJ57Lzj3fQBqOXpwMI7MLQDiDAsVaN564TpR","privKey":"4HsmDuuzzP6TLhT6WKXz+H76hGTxxs+IYS04UjExpns="},"lastRemoteEphemeralKey":"BYg5ZPnDKhJjukfiefC8HubQS4s3PEOfuoxXcWE2Yg8R","previousCounter":0,"rootKey":"iFIqQSUcUT9zvl1OGa1wxmOc5Gqy43PAFlJD7k57dVo="},"indexInfo":{"baseKey":"BZmpb6N3M9PZgEJfWfaLNO9XvikJHh2YZgR1Bo6bMeJ9","baseKeyType":1,"closed":1726570163782,"used":1726569296114,"created":1726569296114,"remoteIdentityKey":"BZ0W/Lt6h4+j9R+7wA7axdtFYYH7T13MAxFV4aqwOURB"},"_chains":{"BXOf2dYSbJ57Lzj3fQBqOXpwMI7MLQDiDAsVaN564TpR":{"chainKey":{"counter":1,"key":"+JXrZHmS7DTeqwCNixNqAIFJYpdT+FK01olifOH7yPQ="},"chainType":1,"messageKeys":{}}},"pendingPreKey":{"signedKeyId":0,"baseKey":"BZmpb6N3M9PZgEJfWfaLNO9XvikJHh2YZgR1Bo6bMeJ9","preKeyId":3706172}},"BboZGfhRpdAbD2nH8qgfdkMlLxVVOg+Vh3gNiuINKg1E":{"registrationId":1051621914,"currentRatchet":{"ephemeralKeyPair":{"pubKey":"BSV8/utcSGoxPAzveqFT8nR9oLvim4dV9auhhRws7qFt","privKey":"kKwfoaxIxLemsOJE+4kSz4PqLUsJ+OcHEezxAPuYvEA="},"lastRemoteEphemeralKey":"BYg5ZPnDKhJjukfiefC8HubQS4s3PEOfuoxXcWE2Yg8R","previousCounter":0,"rootKey":"RK6AEe8PoMxggPz4GXzg+ewKime231WGcwTRKHYUlZw="},"indexInfo":{"baseKey":"BboZGfhRpdAbD2nH8qgfdkMlLxVVOg+Vh3gNiuINKg1E","baseKeyType":1,"closed":1726570166052,"used":1726570163777,"created":1726570163777,"remoteIdentityKey":"BZ0W/Lt6h4+j9R+7wA7axdtFYYH7T13MAxFV4aqwOURB"},"_chains":{"BSV8/utcSGoxPAzveqFT8nR9oLvim4dV9auhhRws7qFt":{"chainKey":{"counter":0,"key":"1LVfqnEGO1OTGDIVxqWldF+TykZYngKDH6WlSQTNITg="},"chainType":1,"messageKeys":{}}},"pendingPreKey":{"signedKeyId":0,"baseKey":"BboZGfhRpdAbD2nH8qgfdkMlLxVVOg+Vh3gNiuINKg1E","preKeyId":3706434}},"BVmjNqUofUIIbeS+Xb4HZhVdVdCrhwz9XPhTX7bK2CIS":{"registrationId":1051621914,"currentRatchet":{"ephemeralKeyPair":{"pubKey":"BWKZc1gW8akWUoHa4iRJCpPKTTN6/6P3IDiXJA79HTVt","privKey":"2AZrBOOzeuJOrO7NEr7DD65iCshtznfglbkqeQGBp3M="},"lastRemoteEphemeralKey":"BYg5ZPnDKhJjukfiefC8HubQS4s3PEOfuoxXcWE2Yg8R","previousCounter":0,"rootKey":"8VijK3YIW7Qjtzxx7ciLVPK1IvAy1r17ZYkuf4KPj9I="},"indexInfo":{"baseKey":"BVmjNqUofUIIbeS+Xb4HZhVdVdCrhwz9XPhTX7bK2CIS","baseKeyType":1,"closed":1726570167641,"used":1726570166050,"created":1726570166050,"remoteIdentityKey":"BZ0W/Lt6h4+j9R+7wA7axdtFYYH7T13MAxFV4aqwOURB"},"_chains":{"BWKZc1gW8akWUoHa4iRJCpPKTTN6/6P3IDiXJA79HTVt":{"chainKey":{"counter":0,"key":"qQhp+Ub4EEAhKwe87jv1S8eFohhQi2MyIZjNeYxq9VA="},"chainType":1,"messageKeys":{}}},"pendingPreKey":{"signedKeyId":0,"baseKey":"BVmjNqUofUIIbeS+Xb4HZhVdVdCrhwz9XPhTX7bK2CIS","preKeyId":3706217}},"BW7QQx3knWjI2515mSZzz3R0lQBmN6DDWBKUCgkQzk5o":{"registrationId":1051621914,"currentRatchet":{"ephemeralKeyPair":{"pubKey":"BVXXTArdYOfUGNJPrflMD4dm50UuShi3PzeXv4ws5zZF","privKey":"wJXYsvM/RCjZS+/Me9u4GkcafDFWeB09CEXiBAauxnQ="},"lastRemoteEphemeralKey":"BUir0YTN4L8eml87QW/AOxkCtHMbD2UmXLyerbZM2AA7","previousCounter":0,"rootKey":"NPK6dbOWzc75ryrq6+lT/oD6dl2Gjlcj7rE6Mgu4/sc="},"indexInfo":{"baseKey":"BW7QQx3knWjI2515mSZzz3R0lQBmN6DDWBKUCgkQzk5o","baseKeyType":1,"closed":-1,"used":1726737947950,"created":1726570167639,"remoteIdentityKey":"BZ0W/Lt6h4+j9R+7wA7axdtFYYH7T13MAxFV4aqwOURB"},"_chains":{"BUU+JAeP4SVa1gAlusW4Phh1KARpAU2GbacuqRtpXlF/":{"chainKey":{"counter":0},"chainType":2,"messageKeys":{}},"Bb/7KVDWMtR2HT2P48zksPybe8MAOqf68epgQQJI5ZFG":{"chainKey":{"counter":0},"chainType":2,"messageKeys":{}},"BQ2S4WVwR/6eAvfzxNAXVxnZeapNCX9KGkwgBepnjW4l":{"chainKey":{"counter":1},"chainType":2,"messageKeys":{}},"BULGSig4vl+0EeccYeB0f/E84Tj/Y4Jgvl2z5jXgIJdt":{"chainKey":{"counter":0},"chainType":2,"messageKeys":{}},"BQT+nFf1YLYtQKNaI2JPY6s4hx+i6GIFtB67+xQ04uh5":{"chainKey":{"counter":1},"chainType":2,"messageKeys":{}},"BcvvjtAYgvfgA4BGWtD0ZPV5JT6jb1VnW1yuzWxc0rBJ":{"chainKey":{"counter":1},"chainType":2,"messageKeys":{}},"BUir0YTN4L8eml87QW/AOxkCtHMbD2UmXLyerbZM2AA7":{"chainKey":{"counter":0,"key":"krY//3woCzkyvZsNfhCgcAxz5AQDiMbOt3eRKw0tCBE="},"chainType":2,"messageKeys":{}},"BVXXTArdYOfUGNJPrflMD4dm50UuShi3PzeXv4ws5zZF":{"chainKey":{"counter":9,"key":"UdYLKJ/2GNAv9qiPJHIEArZXTk9oKzabkbCbuaowUE0="},"chainType":1,"messageKeys":{}}}}},"version":"v1"}