{"_sessions":{"BZCtvDUfWWCI7IoAjikICeYaDA0krz1j+DTEz9R/m5Mv":{"registrationId":0,"currentRatchet":{"ephemeralKeyPair":{"pubKey":"BVoy0uL0duHgIFL3mMQZVsLl6gfLQFBTlnwlT1vry1MG","privKey":"aJAio19egWSfWdxa76W6BQivve789SDMC7lsZdSNhVY="},"lastRemoteEphemeralKey":"BRIE1K8Xv41g8Wz281abJeIiZ+X7OJpdcy+Wi+uc+Ipj","previousCounter":0,"rootKey":"cotAuCDRvAz9ZwAXfGnjFjgoHpTmjJS3+DO+q9MCpGU="},"indexInfo":{"baseKey":"BZCtvDUfWWCI7IoAjikICeYaDA0krz1j+DTEz9R/m5Mv","baseKeyType":1,"closed":-1,"used":1726612670062,"created":1726612663846,"remoteIdentityKey":"Bcg5G4YEGvvZI0dRxc/ceHsCMVNZt760OY3SoIwaqDtW"},"_chains":{"BRIE1K8Xv41g8Wz281abJeIiZ+X7OJpdcy+Wi+uc+Ipj":{"chainKey":{"counter":0,"key":"61tCDe22YSdxPiaQBo9urlr3anE+vgTSz7RiPhhBkqk="},"chainType":2,"messageKeys":{}},"BVoy0uL0duHgIFL3mMQZVsLl6gfLQFBTlnwlT1vry1MG":{"chainKey":{"counter":-1,"key":"E3gjH/aE8w+TMMPxBsVVJK9aCsBrH2ZBpw2slh1GjPk="},"chainType":1,"messageKeys":{}}}}},"version":"v1"}