{"_sessions":{"BQr9lG2nr65Okb+0uAcLaUShAyFKbniF7QuW5d6Fq7RX":{"registrationId":1147098511,"currentRatchet":{"ephemeralKeyPair":{"pubKey":"BcaFL1STRtXXeQL4E4VVD8QLuu1gTLm04xgMk6Muvh5A","privKey":"mD2PZ6gjQgfe92+/P2k5S/TCGAcK4uXIhDlvFC/UKGA="},"lastRemoteEphemeralKey":"BfiZ8ZRZujodXAXot8Qo30I/bRccupbAEFoN5K3qANU+","previousCounter":0,"rootKey":"RSBkE2HL4fv7/4oJEhYYe7ZASPf6uLrglhudglEO5nM="},"indexInfo":{"baseKey":"BQr9lG2nr65Okb+0uAcLaUShAyFKbniF7QuW5d6Fq7RX","baseKeyType":1,"closed":1726733038967,"used":1726465605189,"created":1726465605189,"remoteIdentityKey":"BbTiaakRZ+Zu5rJh92b6Oc+alYhg6N7urs2y37GELVYS"},"_chains":{"BcaFL1STRtXXeQL4E4VVD8QLuu1gTLm04xgMk6Muvh5A":{"chainKey":{"counter":68,"key":"jO3wbVuRtwlfwwonVczllE4TdBzsRyPNIo908pn6g0Q="},"chainType":1,"messageKeys":{}}},"pendingPreKey":{"signedKeyId":0,"baseKey":"BQr9lG2nr65Okb+0uAcLaUShAyFKbniF7QuW5d6Fq7RX","preKeyId":14275663}},"BdSqaX7witDU0YnQgulV2FCYNwQmvrzJSvB3OOUqC4AZ":{"registrationId":1147098511,"currentRatchet":{"ephemeralKeyPair":{"pubKey":"BeR+kr8j3kTpk9wuDozuGe/aZ2zyl2dYfOF4swiT8xQZ","privKey":"MChaIJWN1a2KugUXJV4HABLktgHyt1zxLUCtGSdZ2mI="},"lastRemoteEphemeralKey":"BfiZ8ZRZujodXAXot8Qo30I/bRccupbAEFoN5K3qANU+","previousCounter":0,"rootKey":"4m1g8zeKfaI4d0LEY5/4WqDxD2sBN6usubvBQPD3yqU="},"indexInfo":{"baseKey":"BdSqaX7witDU0YnQgulV2FCYNwQmvrzJSvB3OOUqC4AZ","baseKeyType":1,"closed":-1,"used":1726733038888,"created":1726733038888,"remoteIdentityKey":"BbTiaakRZ+Zu5rJh92b6Oc+alYhg6N7urs2y37GELVYS"},"_chains":{"BeR+kr8j3kTpk9wuDozuGe/aZ2zyl2dYfOF4swiT8xQZ":{"chainKey":{"counter":0,"key":"M5ku0YYMhKTiZVfZQ+M+PGhQ4AD3AtoVLzr3H5mvUkg="},"chainType":1,"messageKeys":{}}},"pendingPreKey":{"signedKeyId":0,"baseKey":"BdSqaX7witDU0YnQgulV2FCYNwQmvrzJSvB3OOUqC4AZ","preKeyId":14276670}}},"version":"v1"}