{"_sessions":{"BRQqX4kAPDD53SIvGQCYtS/6lXGEB+S+JsuxxuTf7eVJ":{"registrationId":237,"currentRatchet":{"ephemeralKeyPair":{"pubKey":"BZRg6pVpt09cnzokFAN5K+7D+l8JE5OPfI5xizPQMK5F","privKey":"WHbiZ19pGBsslstCdaJmxZRkHNvU0SBx1cmiRJIaN2Q="},"lastRemoteEphemeralKey":"BVP/uEeQT+n2HMhvhXZ46oJP+WAT1FHh2os4NJMCEvI6","previousCounter":0,"rootKey":"+BJUbl5b6eHj6cCO8+FXV+jf4Rdxal671u+YCOQWxrA="},"indexInfo":{"baseKey":"BRQqX4kAPDD53SIvGQCYtS/6lXGEB+S+JsuxxuTf7eVJ","baseKeyType":1,"closed":1726479793978,"used":1726476044331,"created":1726465605103,"remoteIdentityKey":"BU6FGVbeZ0dSEHkd0MdBzxL744alCPgwgptWXHJUw4Fd"},"_chains":{"BamvwuZ29+5tmY9CAgrCtg85MVG/tgFH4OQgX3QjWxdw":{"chainKey":{"counter":0},"chainType":2,"messageKeys":{}},"BVP/uEeQT+n2HMhvhXZ46oJP+WAT1FHh2os4NJMCEvI6":{"chainKey":{"counter":0,"key":"Z7w5znIpdWnGVzMj9odrTdPp53y2yKsnlFXJWHFyCMU="},"chainType":2,"messageKeys":{}},"BZRg6pVpt09cnzokFAN5K+7D+l8JE5OPfI5xizPQMK5F":{"chainKey":{"counter":-1,"key":"XpBInxntTjvv9CtV5qEFxTtpoS8puBNwxnO9irBgtH8="},"chainType":1,"messageKeys":{}}}},"BQE0CAGWWc+Ef3BNIgI0KJlxJZN0jVNc3o1PnSwyZLIL":{"registrationId":237,"currentRatchet":{"ephemeralKeyPair":{"pubKey":"Bcra8pdB5huLS/00eS31Cs+fu7DDMMsIu/YP3C6cf7gQ","privKey":"qJTnmkR3gP7hO2lx1b8kgsyQNg9uI7113ZQABQFMhHE="},"lastRemoteEphemeralKey":"BcGGVvhK6EqcRC3Dps44bWzPunS8TpvUjng8tOiOjyZY","previousCounter":0,"rootKey":"mLn0/iJe+xkGZGRhZnV3Zuadb2uzbGZEwtGGJmv6JyQ="},"indexInfo":{"baseKey":"BQE0CAGWWc+Ef3BNIgI0KJlxJZN0jVNc3o1PnSwyZLIL","baseKeyType":1,"closed":1726483818312,"used":1726479793973,"created":1726479793973,"remoteIdentityKey":"BU6FGVbeZ0dSEHkd0MdBzxL744alCPgwgptWXHJUw4Fd"},"_chains":{"Bcra8pdB5huLS/00eS31Cs+fu7DDMMsIu/YP3C6cf7gQ":{"chainKey":{"counter":1,"key":"q0ZOO0XOG0gF67F4aPqoTj2agrC9Q+7USQdubYWlud4="},"chainType":1,"messageKeys":{}}},"pendingPreKey":{"signedKeyId":1,"baseKey":"BQE0CAGWWc+Ef3BNIgI0KJlxJZN0jVNc3o1PnSwyZLIL"}},"BUdyXoXEHDRTTDduIeaSQ0IrWSLGfwXn6uXkIl1lwfhl":{"registrationId":237,"currentRatchet":{"ephemeralKeyPair":{"pubKey":"BQ7Wb8SCJIhFJ9bczNfG4qrmMYztDYWsEztH88UMbeJK","privKey":"6LxZml0UTkdVIcoUlmJs8ZdsA6cujMfLexbvvyacC30="},"lastRemoteEphemeralKey":"BcGGVvhK6EqcRC3Dps44bWzPunS8TpvUjng8tOiOjyZY","previousCounter":0,"rootKey":"MhDlB1i3P2qMcfbVesF7Kr5z5ACPm0qwJ/+eIk2YQhA="},"indexInfo":{"baseKey":"BUdyXoXEHDRTTDduIeaSQ0IrWSLGfwXn6uXkIl1lwfhl","baseKeyType":1,"closed":1726496907558,"used":1726483818310,"created":1726483818310,"remoteIdentityKey":"BU6FGVbeZ0dSEHkd0MdBzxL744alCPgwgptWXHJUw4Fd"},"_chains":{"BQ7Wb8SCJIhFJ9bczNfG4qrmMYztDYWsEztH88UMbeJK":{"chainKey":{"counter":0,"key":"Qi51gfoFUzGeCCaFxVT+nGse8IDb+k5XDzyfof0qTAk="},"chainType":1,"messageKeys":{}}},"pendingPreKey":{"signedKeyId":1,"baseKey":"BUdyXoXEHDRTTDduIeaSQ0IrWSLGfwXn6uXkIl1lwfhl"}},"BR1F8LbE9GMX5/+Atz59OCBqMwDYlzc7r3q/JiTe4kgS":{"registrationId":237,"currentRatchet":{"ephemeralKeyPair":{"pubKey":"BYR0zqwHWVrzMn8H8V37i/M+AiL8bMf+LfhjwzUHAttm","privKey":"GBozCIcFADZC4KqIW0lZe1RZS2U9Zoq3XpQVpd5jzW4="},"lastRemoteEphemeralKey":"BWxzuAQCp58NUFazQV2RiwNoVSbKr/tLv9tRMKFbos5i","previousCounter":0,"rootKey":"iuBvU1PGDo9WFIXUwJlJesms4AqpQ9mRUd/Rg+MjbyI="},"indexInfo":{"baseKey":"BR1F8LbE9GMX5/+Atz59OCBqMwDYlzc7r3q/JiTe4kgS","baseKeyType":2,"closed":1726498013875,"used":1726496907560,"created":1726496907560,"remoteIdentityKey":"BU6FGVbeZ0dSEHkd0MdBzxL744alCPgwgptWXHJUw4Fd"},"_chains":{"BWxzuAQCp58NUFazQV2RiwNoVSbKr/tLv9tRMKFbos5i":{"chainKey":{"counter":0,"key":"GDrnr0aVLIGvZHxGzd8hWmc5N/oi4Q6qYr6c2YGqrAw="},"chainType":2,"messageKeys":{}},"BYR0zqwHWVrzMn8H8V37i/M+AiL8bMf+LfhjwzUHAttm":{"chainKey":{"counter":-1,"key":"3xc6oXfpEZSU0kgmNmGiFtSTg7GJ8W5SwydvKA68WkE="},"chainType":1,"messageKeys":{}}}},"BQHIno0XlFaSzS3Qr/nLAzVBMv8KGcDECCtU/kSPsRUl":{"registrationId":237,"currentRatchet":{"ephemeralKeyPair":{"pubKey":"BRg/MYgZVjXspMyMdAxA01MVSyxBfyGNdA2FB4bdVbUb","privKey":"wBsp11lvuObneppY45ug/kzj00t+abibugzaEf/g6ns="},"lastRemoteEphemeralKey":"Becmy5vM/MfCur7S58gW1MTGT7UoYmjAMahYRJdLRSkq","previousCounter":0,"rootKey":"NRqWYd+jbFDnMhyQaL3lZjhfEfI37Tjop1+JaVoA8Es="},"indexInfo":{"baseKey":"BQHIno0XlFaSzS3Qr/nLAzVBMv8KGcDECCtU/kSPsRUl","baseKeyType":2,"closed":1726505765186,"used":1726498013878,"created":1726498013878,"remoteIdentityKey":"BU6FGVbeZ0dSEHkd0MdBzxL744alCPgwgptWXHJUw4Fd"},"_chains":{"Becmy5vM/MfCur7S58gW1MTGT7UoYmjAMahYRJdLRSkq":{"chainKey":{"counter":0,"key":"2jQG/1/tHRu2vuvj4P3kiaKrgZ0QUDN2G55MvZHL/F0="},"chainType":2,"messageKeys":{}},"BRg/MYgZVjXspMyMdAxA01MVSyxBfyGNdA2FB4bdVbUb":{"chainKey":{"counter":-1,"key":"JN2d+TZBUuwubcJ8oVBTSfcBnVDHzLMuAhMPjczVq2A="},"chainType":1,"messageKeys":{}}}},"Bef1bighufFDk7IBEW7OmRcRllTpEDPy8/11uaAKonVi":{"registrationId":237,"currentRatchet":{"ephemeralKeyPair":{"pubKey":"BcyKp0J3rGisAhcWHv6V6QpNsP1faDfHjlI/L6kN4LJF","privKey":"ePGHpj6eMSKKQZzuIUc+a+64QjiQBamOQQefTXxzSkY="},"lastRemoteEphemeralKey":"Bb0egp1o1xgBV1JfWOz2B0aiUex2AvxgBAyzsmuc5FJL","previousCounter":0,"rootKey":"5dvhrd85+nwuJ0dUBHPCUZBmCDdiFQ22OoKSXrcW27c="},"indexInfo":{"baseKey":"Bef1bighufFDk7IBEW7OmRcRllTpEDPy8/11uaAKonVi","baseKeyType":2,"closed":1726505773696,"used":1726505765189,"created":1726505765189,"remoteIdentityKey":"BU6FGVbeZ0dSEHkd0MdBzxL744alCPgwgptWXHJUw4Fd"},"_chains":{"Bb0egp1o1xgBV1JfWOz2B0aiUex2AvxgBAyzsmuc5FJL":{"chainKey":{"counter":0,"key":"L94Ib7abYz6rN/uxBoXX8ytQzlZzO+MFx5qBJLwDQlo="},"chainType":2,"messageKeys":{}},"BcyKp0J3rGisAhcWHv6V6QpNsP1faDfHjlI/L6kN4LJF":{"chainKey":{"counter":-1,"key":"Tj7zOplbxyp0wNWVzrhkxvEG+o/q8u3E/bSlc8fgXQE="},"chainType":1,"messageKeys":{}}}},"BaUZQKsqd/3zjrd8AnOlnRloYEW/kglvczsMTCT8E6ZX":{"registrationId":237,"currentRatchet":{"ephemeralKeyPair":{"pubKey":"BSXPsSXGEd5ENeysq3c7Iv1EXkddscBXsokti2uKcx90","privKey":"CFQhfRHmGDCPQYbSC+XdytZBI5I1+PIIDAO4YiIP+EQ="},"lastRemoteEphemeralKey":"BbKSJuQflOWeUPj0rhIgkk3s9YfpSaa3xeek+hz+Ps4i","previousCounter":0,"rootKey":"wf2He3jK2VxorZcs4uJBMysLcX+K31t2cxK46e/bOiw="},"indexInfo":{"baseKey":"BaUZQKsqd/3zjrd8AnOlnRloYEW/kglvczsMTCT8E6ZX","baseKeyType":2,"closed":1726505878049,"used":1726505773699,"created":1726505773699,"remoteIdentityKey":"BU6FGVbeZ0dSEHkd0MdBzxL744alCPgwgptWXHJUw4Fd"},"_chains":{"BbKSJuQflOWeUPj0rhIgkk3s9YfpSaa3xeek+hz+Ps4i":{"chainKey":{"counter":0,"key":"GkieI6e11V9jLOkABdnNtZIX3L3vf0dDOKerpsEIeEc="},"chainType":2,"messageKeys":{}},"BSXPsSXGEd5ENeysq3c7Iv1EXkddscBXsokti2uKcx90":{"chainKey":{"counter":-1,"key":"2YAxwE0i7Mko92sH1gOHmOAZivljBl5+8auMEiDs/Eo="},"chainType":1,"messageKeys":{}}}},"BbYAN9Gz1QH1F9Ul18wd0Dv4sGK+DjzwS8QJ1ILHDiVA":{"registrationId":237,"currentRatchet":{"ephemeralKeyPair":{"pubKey":"BQFDjxMnwqG2jPbQ3iHmZohdw9t5MkmAMF7yDS+TzmQc","privKey":"gOnpCxkkKSbsBA5DFf18RNLXXI5mTj+QEqHKgUbBLF0="},"lastRemoteEphemeralKey":"Bev+YTiWOhRu99+qUVDI8Vg6GGy30oSwPcpQYhLLdT1s","previousCounter":0,"rootKey":"8fMqHtRHA7ahfiYnl1U8Z8pfMaO94SylTJB2Sjp01PY="},"indexInfo":{"baseKey":"BbYAN9Gz1QH1F9Ul18wd0Dv4sGK+DjzwS8QJ1ILHDiVA","baseKeyType":2,"closed":1726510475447,"used":1726505878056,"created":1726505878056,"remoteIdentityKey":"BU6FGVbeZ0dSEHkd0MdBzxL744alCPgwgptWXHJUw4Fd"},"_chains":{"Bev+YTiWOhRu99+qUVDI8Vg6GGy30oSwPcpQYhLLdT1s":{"chainKey":{"counter":0,"key":"58iZchrKVE4Hin+OIhhWwUhvSnch//GzkdYtA3NkD90="},"chainType":2,"messageKeys":{}},"BQFDjxMnwqG2jPbQ3iHmZohdw9t5MkmAMF7yDS+TzmQc":{"chainKey":{"counter":-1,"key":"d1BKEvA0p2xkPtlMxzHKyPCcAiJhIpjqBe+c+2XZNZk="},"chainType":1,"messageKeys":{}}}},"Bf6Ac1iptcbJ4YFU3JTiRFdyyXF25uD8zNEmPjTuixNa":{"registrationId":237,"currentRatchet":{"ephemeralKeyPair":{"pubKey":"BYXecksjtfuHQUZOokKmOV5vVhg7pi8eOQXhNDSE9hBK","privKey":"qDSFo8KtHFeEdjstynJYVDmOBXyV2TYiAhzn+6WkMHw="},"lastRemoteEphemeralKey":"BQQLNHN9D3kDqzaJUk2/Zo5p8gFgGZa8jhfZUN+3yoFq","previousCounter":0,"rootKey":"oGeqamyRfhQwI//TILdudqb2hVurWw+jwwtEd0bgLLc="},"indexInfo":{"baseKey":"Bf6Ac1iptcbJ4YFU3JTiRFdyyXF25uD8zNEmPjTuixNa","baseKeyType":2,"closed":1726511980295,"used":1726510475450,"created":1726510475450,"remoteIdentityKey":"BU6FGVbeZ0dSEHkd0MdBzxL744alCPgwgptWXHJUw4Fd"},"_chains":{"BQQLNHN9D3kDqzaJUk2/Zo5p8gFgGZa8jhfZUN+3yoFq":{"chainKey":{"counter":1,"key":"EfY9MuEevdT/WUq9NUTFLmOiwBI2Am4R42g/fWfEEuE="},"chainType":2,"messageKeys":{}},"BYXecksjtfuHQUZOokKmOV5vVhg7pi8eOQXhNDSE9hBK":{"chainKey":{"counter":-1,"key":"hMAjtWq2fHZmil5puGF6XgATjWKUoOYUOvrKFoJjdS4="},"chainType":1,"messageKeys":{}}}},"BQb9y9jL8FjSqDRmhbEvLGXKqv16XdHCOsDOPkjMn3lm":{"registrationId":237,"currentRatchet":{"ephemeralKeyPair":{"pubKey":"BWuPlwXZ2JYJwnzOEpB4Hu7PwrUKsKC3rRB06/OIojgV","privKey":"0P/SwzwZgzNlc5OXtjYiQ4X7OPrlgdY2IfFw91AOm3U="},"lastRemoteEphemeralKey":"BdR046UGGyVdMHSNNcw+UENNVsJ/cpXFGmE8+B/SJvQF","previousCounter":0,"rootKey":"VF827lKzNkRNjN61cTd4gUNTWmDv6RCWdhTW3hmjpNU="},"indexInfo":{"baseKey":"BQb9y9jL8FjSqDRmhbEvLGXKqv16XdHCOsDOPkjMn3lm","baseKeyType":2,"closed":1726513415523,"used":1726511980297,"created":1726511980297,"remoteIdentityKey":"BU6FGVbeZ0dSEHkd0MdBzxL744alCPgwgptWXHJUw4Fd"},"_chains":{"BdR046UGGyVdMHSNNcw+UENNVsJ/cpXFGmE8+B/SJvQF":{"chainKey":{"counter":0,"key":"ZyNBX1y/wvk5sajvVrK4qnHFhS0BHQZo2+6vROiAsvE="},"chainType":2,"messageKeys":{}},"BWuPlwXZ2JYJwnzOEpB4Hu7PwrUKsKC3rRB06/OIojgV":{"chainKey":{"counter":0,"key":"4ANN2y03y0T1rbYMdkx13CUoR1EM+s3E+Um25HZr59o="},"chainType":1,"messageKeys":{}}}},"Bc4I+eCycdFED7jurgxx1qKA0+y5bKqh7xCplCdxF890":{"registrationId":237,"currentRatchet":{"ephemeralKeyPair":{"pubKey":"BUHKNTLEH1+pixCKRGQBQdiVovPQ24/nYjlTyH2x540d","privKey":"oCS2XvfTwZ8Pim2k6GRl0Bay62QbkghBtisytcJI4Ww="},"lastRemoteEphemeralKey":"BcGGVvhK6EqcRC3Dps44bWzPunS8TpvUjng8tOiOjyZY","previousCounter":0,"rootKey":"ogSzpEawK9tPpGzgs4bPBtO9dwJJbRdL0Me/Trx1tyY="},"indexInfo":{"baseKey":"Bc4I+eCycdFED7jurgxx1qKA0+y5bKqh7xCplCdxF890","baseKeyType":1,"closed":1726513443105,"used":1726513415522,"created":1726513415522,"remoteIdentityKey":"BU6FGVbeZ0dSEHkd0MdBzxL744alCPgwgptWXHJUw4Fd"},"_chains":{"BUHKNTLEH1+pixCKRGQBQdiVovPQ24/nYjlTyH2x540d":{"chainKey":{"counter":0,"key":"EDQoQ40gUh06glQXyv46DdHhdxwhoEDaDqujz04iiGg="},"chainType":1,"messageKeys":{}}},"pendingPreKey":{"signedKeyId":1,"baseKey":"Bc4I+eCycdFED7jurgxx1qKA0+y5bKqh7xCplCdxF890","preKeyId":125}},"BSpgNt0uZhm2DdEtlvFXW6WC0tbs83B6c8JRA+iH4aYg":{"registrationId":237,"currentRatchet":{"ephemeralKeyPair":{"pubKey":"BaqAd7IWFcuawk/XJXOh9cFg6n4QTULvcxTi+41w0u9V","privKey":"CMrMPztAS6mWAwHWyvYu4rF7DmVdmHa14KiLN+/Bh18="},"lastRemoteEphemeralKey":"BaT/LM3aTmJ7KPKf5WL1YUPvLs+WMZUgWbIZQbOZx09Y","previousCounter":0,"rootKey":"j9ziKXD0ElWJ5SUybjIIzveEm4irWFrSp9+A2M904po="},"indexInfo":{"baseKey":"BSpgNt0uZhm2DdEtlvFXW6WC0tbs83B6c8JRA+iH4aYg","baseKeyType":2,"closed":1726513450945,"used":1726513443108,"created":1726513443108,"remoteIdentityKey":"BU6FGVbeZ0dSEHkd0MdBzxL744alCPgwgptWXHJUw4Fd"},"_chains":{"BaT/LM3aTmJ7KPKf5WL1YUPvLs+WMZUgWbIZQbOZx09Y":{"chainKey":{"counter":0,"key":"HzdLjsPy34I70UaR3OYsCaES4hVm+qTr0aGcfHkONE0="},"chainType":2,"messageKeys":{}},"BaqAd7IWFcuawk/XJXOh9cFg6n4QTULvcxTi+41w0u9V":{"chainKey":{"counter":-1,"key":"WqQgjthVfCfQHqSyWm/S9XhuZZDyMFa+mcikbBIbLEg="},"chainType":1,"messageKeys":{}}}},"BeX1bpDKAP2f9XuWprK2+mr6ivKe5oFSE1MoSB0Wmq4G":{"registrationId":237,"currentRatchet":{"ephemeralKeyPair":{"pubKey":"BWyEGv4OFgAFm+FUdJqpD24mOu9nqMNgJs48qvz+JHMq","privKey":"oGUgDLezBqVVSMubjJNcptGLBffAPJW/GGG6sknMlHE="},"lastRemoteEphemeralKey":"BRHdiwjygJx+LBPC6WS7ykqDsIxLL3UHbPWvIXY68yB1","previousCounter":17,"rootKey":"nEF64F4uz2nHO+Qd2y7U0+DkKjLkx/w3vKS7zP0zido="},"indexInfo":{"baseKey":"BeX1bpDKAP2f9XuWprK2+mr6ivKe5oFSE1MoSB0Wmq4G","baseKeyType":2,"closed":1726576599460,"used":1726568851478,"created":1726513450948,"remoteIdentityKey":"BU6FGVbeZ0dSEHkd0MdBzxL744alCPgwgptWXHJUw4Fd"},"_chains":{"BdSI2UB1TvBu/YDnLn2wnja/m/UNtk2UzD0SwzduShBt":{"chainKey":{"counter":0},"chainType":2,"messageKeys":{}},"BRHdiwjygJx+LBPC6WS7ykqDsIxLL3UHbPWvIXY68yB1":{"chainKey":{"counter":0,"key":"x8HA9FD3uE3AwAQaUqR3XMhXK44ajoxYYk4UEtvK1LQ="},"chainType":2,"messageKeys":{}},"BWyEGv4OFgAFm+FUdJqpD24mOu9nqMNgJs48qvz+JHMq":{"chainKey":{"counter":9,"key":"osCqBAJqWs9Q/iGAemRIt7Nc3q1otWrimZLfZWi5s2Q="},"chainType":1,"messageKeys":{}}}},"BQRve8Bj2QU5Jcw69p7hNjsLPT1KBBekkdS+rYzBoABi":{"registrationId":237,"currentRatchet":{"ephemeralKeyPair":{"pubKey":"Bf31/sW8KTssac+rCHrtJhX+9wLDFFwlLAF3x+ZCpWMo","privKey":"aL5fbNgh0VVGctxIzbm74jYX1vsqMJdvVxJW82Zt/Uw="},"lastRemoteEphemeralKey":"BadFbTIWSkqmgAtqJQumJKD4KJNShbbg1gXvDE2QehYF","previousCounter":0,"rootKey":"ztRjs+tWeC/cI2LK05z8yYDJ0IXfX0uYBCQMALopaK8="},"indexInfo":{"baseKey":"BQRve8Bj2QU5Jcw69p7hNjsLPT1KBBekkdS+rYzBoABi","baseKeyType":2,"closed":-1,"used":1726735107562,"created":1726576599463,"remoteIdentityKey":"BU6FGVbeZ0dSEHkd0MdBzxL744alCPgwgptWXHJUw4Fd"},"_chains":{"BZpjXI0kdzIBBkOcr8X4gBw0Ltar+Nrr/SXMy1vhU+1E":{"chainKey":{"counter":0},"chainType":2,"messageKeys":{}},"BTbR3hikw6sCIVuT6stvmH74INtQMB03RD+J/ZFuPVgv":{"chainKey":{"counter":0},"chainType":2,"messageKeys":{}},"BaD5LdD0vECWstOR7AGqO/I8yeyszNr/Jrhi8fS+/2BN":{"chainKey":{"counter":0},"chainType":2,"messageKeys":{}},"BXGkPXpk4Twhqb7djLwurbQpz0bPUyP1Qd3WNmAaqBV8":{"chainKey":{"counter":1},"chainType":2,"messageKeys":{}},"BadFbTIWSkqmgAtqJQumJKD4KJNShbbg1gXvDE2QehYF":{"chainKey":{"counter":0,"key":"8D8fRrbasMFeJu9F8I7wvYKSQ254N1lBrBI41xaqAcA="},"chainType":2,"messageKeys":{}},"Bf31/sW8KTssac+rCHrtJhX+9wLDFFwlLAF3x+ZCpWMo":{"chainKey":{"counter":-1,"key":"vRnTlbTqYRXKyxR2ZsMxxk9/l9cg/NdSM+b8B9Kwk9I="},"chainType":1,"messageKeys":{}}}}},"version":"v1"}