{"_sessions":{"BXHA9kUFLKGDuOO8qTrpLSAcJc1EWglc0XExjcdOkoQ0":{"registrationId":1950374010,"currentRatchet":{"ephemeralKeyPair":{"pubKey":"BeQTTV5pwd7JqSi4jkkQVC5noGZYshwyl8XWD0OGKvpN","privKey":"GB9pZ/kTj+CV8ebeXWYXGXPt8z0Am8bmiHxtM75tKHs="},"lastRemoteEphemeralKey":"BSgNeJM5jzrLYiq8+mnMEZZMSVc38LOjUINPCrDKiec1","previousCounter":30,"rootKey":"+x/7m3cq9OdcSogq+g0Yz4b5lFXQDJeLuUYdrI00bfk="},"indexInfo":{"baseKey":"BXHA9kUFLKGDuOO8qTrpLSAcJc1EWglc0XExjcdOkoQ0","baseKeyType":1,"closed":-1,"used":1726633799863,"created":1726507252176,"remoteIdentityKey":"BRFYFQTEvlC21e138ATa/bl0QJirhhXF0Ey5tc6jOe1W"},"_chains":{"BZhw1UuYyDYB7Vvsmha3J8HkU0eWdqNwfh3JX20IwdYf":{"chainKey":{"counter":1},"chainType":2,"messageKeys":{}},"BSgNeJM5jzrLYiq8+mnMEZZMSVc38LOjUINPCrDKiec1":{"chainKey":{"counter":0,"key":"rdtnKebhZ+Jm4suA5iwZJ0VZTrmOnb7OyXxK/NquyDY="},"chainType":2,"messageKeys":{}},"BeQTTV5pwd7JqSi4jkkQVC5noGZYshwyl8XWD0OGKvpN":{"chainKey":{"counter":-1,"key":"abuLdfv5YKkhb1D4fD+y4LYzApjE0wmM+ArGuK3Wepo="},"chainType":1,"messageKeys":{}}}}},"version":"v1"}