{"_sessions":{"BWaSXbyzYwVEHh7lYg1T64UuqhuygeHXXSpZECMuDWY3":{"registrationId":103,"currentRatchet":{"ephemeralKeyPair":{"pubKey":"BW5OvVF1trmr1vvbFxpOEX/EQigUDcLeScPAio7yCkQp","privKey":"SOaCP6mb/e14WORvy/EmDu56GlckJ34D7jW+Fq5wxnw="},"lastRemoteEphemeralKey":"BSEqn3QYGOinLtKx7d42fStWftOb8TeYlmoLUWDo12gp","previousCounter":0,"rootKey":"1IvWHkBWT4MsvDECI77GhY6JtV23GuPaVlc7mLZfTLc="},"indexInfo":{"baseKey":"BWaSXbyzYwVEHh7lYg1T64UuqhuygeHXXSpZECMuDWY3","baseKeyType":1,"closed":-1,"used":1726465605160,"created":1726465605160,"remoteIdentityKey":"BePhTkqkwc91DJs+TYjr80yrbmbCpLc7a0DBiU9KDrRW"},"_chains":{"BW5OvVF1trmr1vvbFxpOEX/EQigUDcLeScPAio7yCkQp":{"chainKey":{"counter":37,"key":"xfjlSL0aGYul4yNt7KE3VlipPfjl8i6W+zG2z3SBW34="},"chainType":1,"messageKeys":{}}},"pendingPreKey":{"signedKeyId":1,"baseKey":"BWaSXbyzYwVEHh7lYg1T64UuqhuygeHXXSpZECMuDWY3"}}},"version":"v1"}