{"_sessions":{"BaGv7bQpxHpEUBDbI3H9eQBiZAeCCVBANYGHRCqqdZYJ":{"registrationId":103746231,"currentRatchet":{"ephemeralKeyPair":{"pubKey":"Bfg3dJ8HAimQy+VuDmOBL5PMM0vGTLtLCUhvXRLTCUwn","privKey":"IJzvPqkK4fMcCcm5uHOuWdTfyeHu2DsAVpvP/nS5aU8="},"lastRemoteEphemeralKey":"BWv9KamGHVpVmaNV0drJj4gtNkQ3qirthleS5IA4pMxZ","previousCounter":14,"rootKey":"43PlmW+dSEUsyxVOCEONGkkC+JOWS9/G011DTvxyzss="},"indexInfo":{"baseKey":"BaGv7bQpxHpEUBDbI3H9eQBiZAeCCVBANYGHRCqqdZYJ","baseKeyType":1,"closed":1726568238498,"used":1726540508817,"created":1726465605262,"remoteIdentityKey":"BTa2BodcbcszKkyImCzW6sTS8jdXVhRAW70RBvIklpNH"},"_chains":{"Be2PAdjXlXEd5Gkq9QfrmbA5m2sca0mDWBkruOqJmZo5":{"chainKey":{"counter":0},"chainType":2,"messageKeys":{}},"BWv9KamGHVpVmaNV0drJj4gtNkQ3qirthleS5IA4pMxZ":{"chainKey":{"counter":0,"key":"xw3pVTE++JcG8mr/lfuQVKhwM84CCN6hphb51meBcWY="},"chainType":2,"messageKeys":{}},"Bfg3dJ8HAimQy+VuDmOBL5PMM0vGTLtLCUhvXRLTCUwn":{"chainKey":{"counter":0,"key":"Xn7tqMM9MXtyzYw+fGyn8HTVy8CMDUi7ji9YHJXpqN4="},"chainType":1,"messageKeys":{}}}},"BZucG+QeWobyniREzDDz9CChQf93A32jvs9fGxohKx42":{"registrationId":639450770,"currentRatchet":{"ephemeralKeyPair":{"pubKey":"BebFsVcqjGknfikvlf2koGMcDAMA8dEKbtjoMW9uD1U3","privKey":"0IqaxfMLdgpNU1j8P7tSMayRh5kgvZcQ/hXgfASgsEI="},"lastRemoteEphemeralKey":"BWcTQtsMnAs/HtDopA4Xmp4WxWa2K9GgoDAmroY02IIW","previousCounter":0,"rootKey":"706P8lC6y++DJEJ6pWVHBAOwZ1vqiG6u0UOFVKxs+88="},"indexInfo":{"baseKey":"BZucG+QeWobyniREzDDz9CChQf93A32jvs9fGxohKx42","baseKeyType":1,"closed":1726568851099,"used":1726568238492,"created":1726568238492,"remoteIdentityKey":"BUsbJZb54JD+oGol+iN6p7cdxjmShGg8Xao76Ob7EasY"},"_chains":{"BebFsVcqjGknfikvlf2koGMcDAMA8dEKbtjoMW9uD1U3":{"chainKey":{"counter":1,"key":"c6EH2aHM+XaxBzXnjI64RsEIye8GK6kwqa2OaDVU9es="},"chainType":1,"messageKeys":{}}},"pendingPreKey":{"signedKeyId":0,"baseKey":"BZucG+QeWobyniREzDDz9CChQf93A32jvs9fGxohKx42","preKeyId":3461713}},"Bd7pz3uAGs1YMZhuuTWL04HAGHQqnWu310nLHx1usjRG":{"registrationId":639450770,"currentRatchet":{"ephemeralKeyPair":{"pubKey":"BZ56yTN3wP2NyWvU2eGvQJnPmsJLT7fKUyQjj0nn4R8l","privKey":"YPJncQ+QBtDGh7ZxOpUWYVbHtTFKyXTiQU+TdKaf+1Y="},"lastRemoteEphemeralKey":"BWcTQtsMnAs/HtDopA4Xmp4WxWa2K9GgoDAmroY02IIW","previousCounter":0,"rootKey":"Z2FraHpMdJ23WoLHQebS/KLH4VBo7yH2BrywQbunUV0="},"indexInfo":{"baseKey":"Bd7pz3uAGs1YMZhuuTWL04HAGHQqnWu310nLHx1usjRG","baseKeyType":1,"closed":1726568883606,"used":1726568851097,"created":1726568851097,"remoteIdentityKey":"BUsbJZb54JD+oGol+iN6p7cdxjmShGg8Xao76Ob7EasY"},"_chains":{"BZ56yTN3wP2NyWvU2eGvQJnPmsJLT7fKUyQjj0nn4R8l":{"chainKey":{"counter":0,"key":"LD1thmv88h71GKF7U73q3v51hS68PLukEld4tpjNh80="},"chainType":1,"messageKeys":{}}},"pendingPreKey":{"signedKeyId":0,"baseKey":"Bd7pz3uAGs1YMZhuuTWL04HAGHQqnWu310nLHx1usjRG","preKeyId":3461995}},"BWJAzeIILNrrSQWTOp1opCu5lSbkIbrDAQ7UdbPNtyw7":{"registrationId":639450770,"currentRatchet":{"ephemeralKeyPair":{"pubKey":"Bf9wb0PeZApKRvW3Bqgxmh/DTiBu7E1aaD/aX70nzos1","privKey":"aA0TEAkGEuv39SxW5nAcKv2o2ccgIBrqQZ4vsinly0M="},"lastRemoteEphemeralKey":"BWcTQtsMnAs/HtDopA4Xmp4WxWa2K9GgoDAmroY02IIW","previousCounter":0,"rootKey":"OnUBU7/WeBMEsJaDivbu/h1oyNa+D86VGahxEfbUfRk="},"indexInfo":{"baseKey":"BWJAzeIILNrrSQWTOp1opCu5lSbkIbrDAQ7UdbPNtyw7","baseKeyType":1,"closed":1726569296755,"used":1726568883605,"created":1726568883605,"remoteIdentityKey":"BUsbJZb54JD+oGol+iN6p7cdxjmShGg8Xao76Ob7EasY"},"_chains":{"Bf9wb0PeZApKRvW3Bqgxmh/DTiBu7E1aaD/aX70nzos1":{"chainKey":{"counter":2,"key":"JbdrDIpbWmaTyKtTE51ues2ZcG3hpSMkE81MdLOhDWg="},"chainType":1,"messageKeys":{}}},"pendingPreKey":{"signedKeyId":0,"baseKey":"BWJAzeIILNrrSQWTOp1opCu5lSbkIbrDAQ7UdbPNtyw7","preKeyId":3461840}},"BZ/dFTdifg5oJhnMxQu0HYHFAGiZcNKdOjZHAzfbqmNq":{"registrationId":639450770,"currentRatchet":{"ephemeralKeyPair":{"pubKey":"BQ6l870wIGKX6MxeWpCQCdNTc23Ad22OSturD9uTbbB1","privKey":"aCjbwWbBteivkBVorJFQi7L2SQ6qI74oH+gQl0AK528="},"lastRemoteEphemeralKey":"BWcTQtsMnAs/HtDopA4Xmp4WxWa2K9GgoDAmroY02IIW","previousCounter":0,"rootKey":"Rbt8wh2MpdmWiFNJMunSVj6Op5sQP4dbcttBTgjCOFE="},"indexInfo":{"baseKey":"BZ/dFTdifg5oJhnMxQu0HYHFAGiZcNKdOjZHAzfbqmNq","baseKeyType":1,"closed":1726569629300,"used":1726569296753,"created":1726569296753,"remoteIdentityKey":"BUsbJZb54JD+oGol+iN6p7cdxjmShGg8Xao76Ob7EasY"},"_chains":{"BQ6l870wIGKX6MxeWpCQCdNTc23Ad22OSturD9uTbbB1":{"chainKey":{"counter":0,"key":"hlGoKuUrUT+ZCOxRKWImbj3Vj8DF7tpi+Nld0BSrYDM="},"chainType":1,"messageKeys":{}}},"pendingPreKey":{"signedKeyId":0,"baseKey":"BZ/dFTdifg5oJhnMxQu0HYHFAGiZcNKdOjZHAzfbqmNq","preKeyId":3461947}},"BYXmr1Yj4KWeKevMmjrJgUgbx1KtZjCgEwOKCrkBMtlB":{"registrationId":639450770,"currentRatchet":{"ephemeralKeyPair":{"pubKey":"BbdDGaqXJeitCsVR5B3/xjAwBHiU1kzpIzw2spuvk947","privKey":"0KTpjibvCjmAeylyhl3f8xAvrubQP68eQ/618Aya90s="},"lastRemoteEphemeralKey":"BSiWwtewbk0llqdjzGaEEHODWbz88MpwVYp8IwwbgnVu","previousCounter":0,"rootKey":"muLwCVL7lfB44uuk7T+H1w6j/W/AsEF4/IsBfNeyH6I="},"indexInfo":{"baseKey":"BYXmr1Yj4KWeKevMmjrJgUgbx1KtZjCgEwOKCrkBMtlB","baseKeyType":2,"closed":1726570198515,"used":1726569629304,"created":1726569629304,"remoteIdentityKey":"BUsbJZb54JD+oGol+iN6p7cdxjmShGg8Xao76Ob7EasY"},"_chains":{"BSiWwtewbk0llqdjzGaEEHODWbz88MpwVYp8IwwbgnVu":{"chainKey":{"counter":0,"key":"J+wyLkKGuP0i4IVnhag01RzoUI9qaLi9M/roR9nYbJg="},"chainType":2,"messageKeys":{}},"BbdDGaqXJeitCsVR5B3/xjAwBHiU1kzpIzw2spuvk947":{"chainKey":{"counter":2,"key":"psTGDYDeOUU4v10ZlX+SnwjQrmgyA2ews7bQ1S7IHD0="},"chainType":1,"messageKeys":{}}}},"BWMwakRbfmd9jacIn5sv3ZPONIQJs5+B6vUwMh4JQxwz":{"registrationId":639450770,"currentRatchet":{"ephemeralKeyPair":{"pubKey":"BZJsmMTMENd6cpcBysdNytFLjSglsEZ2rQJRDA9eRzNq","privKey":"8Akn4SfuhNGYnA2xq/qmuph6/7OL0+xb93kSp/YlOks="},"lastRemoteEphemeralKey":"BWcTQtsMnAs/HtDopA4Xmp4WxWa2K9GgoDAmroY02IIW","previousCounter":0,"rootKey":"XcETNfYqM/xR51WX+lC6Od/AiwdEaahUQGNQfwx/pys="},"indexInfo":{"baseKey":"BWMwakRbfmd9jacIn5sv3ZPONIQJs5+B6vUwMh4JQxwz","baseKeyType":1,"closed":1726570199262,"used":1726570198513,"created":1726570198513,"remoteIdentityKey":"BUsbJZb54JD+oGol+iN6p7cdxjmShGg8Xao76Ob7EasY"},"_chains":{"BZJsmMTMENd6cpcBysdNytFLjSglsEZ2rQJRDA9eRzNq":{"chainKey":{"counter":0,"key":"kOI0hhJiMJzk0Yakr9z9rAnuBUj3Qw1FDLYIDPoYKEE="},"chainType":1,"messageKeys":{}}},"pendingPreKey":{"signedKeyId":0,"baseKey":"BWMwakRbfmd9jacIn5sv3ZPONIQJs5+B6vUwMh4JQxwz","preKeyId":3463190}},"Bbn4WIxYUYP5TBRCSEP8gjFDGbS6GB9k2vd5g79vxCUA":{"registrationId":639450770,"currentRatchet":{"ephemeralKeyPair":{"pubKey":"BdApuzxDTL8jzHOuOeb2GNO8dBn5qWTAx6LLh+ZzyXpW","privKey":"+Axj3L+/dc1yDx6Dkmfvcwrex48FAtw5soj6vQIVAmg="},"lastRemoteEphemeralKey":"BWcTQtsMnAs/HtDopA4Xmp4WxWa2K9GgoDAmroY02IIW","previousCounter":0,"rootKey":"/tVPsfNEtq9cWNgIpLSfYakdj9GxBYKc4nMNYzFwGDE="},"indexInfo":{"baseKey":"Bbn4WIxYUYP5TBRCSEP8gjFDGbS6GB9k2vd5g79vxCUA","baseKeyType":1,"closed":1726570199966,"used":1726570199261,"created":1726570199261,"remoteIdentityKey":"BUsbJZb54JD+oGol+iN6p7cdxjmShGg8Xao76Ob7EasY"},"_chains":{"BdApuzxDTL8jzHOuOeb2GNO8dBn5qWTAx6LLh+ZzyXpW":{"chainKey":{"counter":0,"key":"iN1rMDT1Wgm1b0fx/DZYw0Y3hImAqif0yVKI7UPMZEI="},"chainType":1,"messageKeys":{}}},"pendingPreKey":{"signedKeyId":0,"baseKey":"Bbn4WIxYUYP5TBRCSEP8gjFDGbS6GB9k2vd5g79vxCUA","preKeyId":3462500}},"BfexaHREza4dWTVajCVZzitaatRiK7a6+vvG39swwEcK":{"registrationId":639450770,"currentRatchet":{"ephemeralKeyPair":{"pubKey":"BWxaWPgMrwEe5YaNmWITQvmgMtV1yQIzjLEzG9ty5bMu","privKey":"mJTAwv+oWoOwDIJ3YmX9HEykv7vDEncC8b87A+9qXlU="},"lastRemoteEphemeralKey":"BesrVeljVvSphdeKtZm3AN2qT7uQTTfGvC9vmIHZS09s","previousCounter":1,"rootKey":"NFjZ45Aw67CM0V2jMruY1SzDPKf9ThLabAJwxLUqXHo="},"indexInfo":{"baseKey":"BfexaHREza4dWTVajCVZzitaatRiK7a6+vvG39swwEcK","baseKeyType":1,"closed":-1,"used":1726716446791,"created":1726570199962,"remoteIdentityKey":"BUsbJZb54JD+oGol+iN6p7cdxjmShGg8Xao76Ob7EasY"},"_chains":{"BZjAoQjFw4YIycNkovirvueK0gKzz0D4fao6NnoUuxx8":{"chainKey":{"counter":0},"chainType":2,"messageKeys":{}},"BesrVeljVvSphdeKtZm3AN2qT7uQTTfGvC9vmIHZS09s":{"chainKey":{"counter":0,"key":"yxqFMDQUnzeEv7/2UkLsI6TO0M89wHL3PRlvbPDJ1Ws="},"chainType":2,"messageKeys":{}},"BWxaWPgMrwEe5YaNmWITQvmgMtV1yQIzjLEzG9ty5bMu":{"chainKey":{"counter":0,"key":"cQQhNvOUe/0zj99gkM8vtSykPUwu3U8pXTmWDPyIrNw="},"chainType":1,"messageKeys":{}}}}},"version":"v1"}