{"_sessions":{"BUxgQyjtLYo7xqKJJp90Rd/r2GWC0NFl7z6rJ8J8atlW":{"registrationId":2147426155,"currentRatchet":{"ephemeralKeyPair":{"pubKey":"BZQf9GAk05DzOixNW2dAHQvtXkWO20NjlckN/o+GM4Ze","privKey":"yNB8v4QuxTwyWIMSw+GZFonebduldJ5ljZAZ+86Ht28="},"lastRemoteEphemeralKey":"Bb13CGw9z4jj93RPym0DJMIuN3+QjmbuJfY7Mv9hxfh/","previousCounter":0,"rootKey":"xPYVrQmu4Si/6byI+O8QlLyfT7yCiyGHfSn9tpzYQn8="},"indexInfo":{"baseKey":"BUxgQyjtLYo7xqKJJp90Rd/r2GWC0NFl7z6rJ8J8atlW","baseKeyType":2,"closed":-1,"used":1726752118468,"created":1726752118468,"remoteIdentityKey":"BcS0pLOC32d8v16ch5DjFdmX5VUQyrWLxu/iEDJ6Mglo"},"_chains":{"Bb13CGw9z4jj93RPym0DJMIuN3+QjmbuJfY7Mv9hxfh/":{"chainKey":{"counter":0,"key":"a9DCXDWS48vz5Tld0B7L3S4UAb5DIiLGoLUgLEBk0LE="},"chainType":2,"messageKeys":{}},"BZQf9GAk05DzOixNW2dAHQvtXkWO20NjlckN/o+GM4Ze":{"chainKey":{"counter":-1,"key":"UJBtdGqJXDwBR/3mN3OPUE/0Ohwg83TKzg2RGU/aQAE="},"chainType":1,"messageKeys":{}}}}},"version":"v1"}