{"_sessions":{"BblnetUbARMpQJ7XIgS8Xj2kF9xG1qsUVw7gTOCcgs1b":{"registrationId":880858552,"currentRatchet":{"ephemeralKeyPair":{"pubKey":"BTt5CJfMayOS3lMxsaVsUrKM226Vfe50CybHjceEDn9p","privKey":"cMWV8XVqU6GFO2/u1OYybd1wECrJwIkredQEzApMflk="},"lastRemoteEphemeralKey":"BfK41RclzUN8SDb75BBT3n2RUZfYTP4RQjQ/XXhJwJYf","previousCounter":0,"rootKey":"Qn4DAQMmHeg7cU+n3647FEOss7PfHC+uy3ocBZDc9ME="},"indexInfo":{"baseKey":"BblnetUbARMpQJ7XIgS8Xj2kF9xG1qsUVw7gTOCcgs1b","baseKeyType":1,"closed":-1,"used":1726507252070,"created":1726507252070,"remoteIdentityKey":"BQHhV2T7LMKMJOYw8/u/9RDbN/qNvp2us2yfdTXq1EJv"},"_chains":{"BTt5CJfMayOS3lMxsaVsUrKM226Vfe50CybHjceEDn9p":{"chainKey":{"counter":31,"key":"iJv/QqLYieXDSy27wwvmMe2ZvqP/s1Hc7JY1kWoV2OU="},"chainType":1,"messageKeys":{}}},"pendingPreKey":{"signedKeyId":2,"baseKey":"BblnetUbARMpQJ7XIgS8Xj2kF9xG1qsUVw7gTOCcgs1b","preKeyId":12380100}}},"version":"v1"}