{"_sessions":{"BUypUrlyLihwGKFGTVwpdBHvTCgOYfnp7ESvGvuiK2Ea":{"registrationId":1863592926,"currentRatchet":{"ephemeralKeyPair":{"pubKey":"BcSrQAUtlO//f8dE9qEhERc7XOwOWle1+dN1SWGcw31Y","privKey":"8BqvCkHl85hNEM9kprQ7S21S9WNKkZwuxs8eqGYJ4nQ="},"lastRemoteEphemeralKey":"BVt/Nqoel4OftZiovFUt74w0zYKeydBREd5LNBtraCgi","previousCounter":15,"rootKey":"9JgeMXXf9h6ekTG0TShM0i9mo5N0ihK2ffIqb9hCTTU="},"indexInfo":{"baseKey":"BUypUrlyLihwGKFGTVwpdBHvTCgOYfnp7ESvGvuiK2Ea","baseKeyType":1,"closed":-1,"used":1726557137595,"created":1726465605217,"remoteIdentityKey":"BbXS9A0oo6mh4aMH07TWnnWliTRY9flJrsxz3gHIfYVv"},"_chains":{"BVt/Nqoel4OftZiovFUt74w0zYKeydBREd5LNBtraCgi":{"chainKey":{"counter":0,"key":"Ez9MqMbxTxoujvW8ldM54Q0h4lyojSz2Qeun0hmMyXU="},"chainType":2,"messageKeys":{}},"BcSrQAUtlO//f8dE9qEhERc7XOwOWle1+dN1SWGcw31Y":{"chainKey":{"counter":21,"key":"WNOB7etlt8g8X327DG59tLmwlS6ILcI1MpD3Zj6p/E0="},"chainType":1,"messageKeys":{}}}}},"version":"v1"}