{"_sessions":{"BUllUytgskabPUarWgtK3n0gxWz+g3DGBzxCAS0opGt6":{"registrationId":1895282042,"currentRatchet":{"ephemeralKeyPair":{"pubKey":"BfDrR69ofaF8cLEFki3TPdrDWuwvEr3VM49b40a1ShZK","privKey":"AKzi8OEw9qLfBm+HxrQS1f/rDau2JmxCv0QOiZQKz3k="},"lastRemoteEphemeralKey":"BSVnq2IlS5ePUwjv6QjRQXRxgz1rcFLuZYI5xXaTOIkD","previousCounter":0,"rootKey":"7autnjj5i9ElWAhG4QZUNxCErRQl+Vrrx12VuLekXug="},"indexInfo":{"baseKey":"BUllUytgskabPUarWgtK3n0gxWz+g3DGBzxCAS0opGt6","baseKeyType":1,"closed":-1,"used":1726507252155,"created":1726507252155,"remoteIdentityKey":"BWCAn8ZsXfbzvl2q3gN4UcT+5nCqhpP8FTjuSAdHf1po"},"_chains":{"BfDrR69ofaF8cLEFki3TPdrDWuwvEr3VM49b40a1ShZK":{"chainKey":{"counter":31,"key":"WzEtg6AsSVhM/kQVE2GDUr1vPjqyaWJyghreDTycyoA="},"chainType":1,"messageKeys":{}}},"pendingPreKey":{"signedKeyId":6,"baseKey":"BUllUytgskabPUarWgtK3n0gxWz+g3DGBzxCAS0opGt6","preKeyId":3133952}}},"version":"v1"}