{"_sessions":{"BXaZLkhW27wh3bckw4FHydZrNrWxGiLKl47MWwXC9dpK":{"registrationId":1990,"currentRatchet":{"ephemeralKeyPair":{"pubKey":"BYwFMKW5tTSKXn2M7Z0pgB+8bh7FWvFVfCrcb0j16nZp","privKey":"KP2N7md/7JuWsrfPh9VI65j5X0HFoOB4yVPA2NWbRHY="},"lastRemoteEphemeralKey":"BQoBEHQCrfqH2dLgjl6uxgGDH/GscrX8HWSMHjYuFKVc","previousCounter":0,"rootKey":"T2tgTs8iZwybj2GO5PFUTwn1IrMa2HA4h6hDnwYItTc="},"indexInfo":{"baseKey":"BXaZLkhW27wh3bckw4FHydZrNrWxGiLKl47MWwXC9dpK","baseKeyType":1,"closed":-1,"used":1726507251886,"created":1726507251886,"remoteIdentityKey":"Ba0s90KwldryHEHxEPsj/ZfEwApQIaZW/uG8h1ZngydL"},"_chains":{"BYwFMKW5tTSKXn2M7Z0pgB+8bh7FWvFVfCrcb0j16nZp":{"chainKey":{"counter":31,"key":"uJQH4lmAZ3d44RzNi7uFb+R09BnX4mO4oGOSPQ3lVJk="},"chainType":1,"messageKeys":{}}},"pendingPreKey":{"signedKeyId":1,"baseKey":"BXaZLkhW27wh3bckw4FHydZrNrWxGiLKl47MWwXC9dpK"}}},"version":"v1"}