{"_sessions":{"BTsFmvobGcOFlndQXF6QVr6a7szo9ogRRORhqVn/X7c5":{"registrationId":41840711,"currentRatchet":{"ephemeralKeyPair":{"pubKey":"BSeqa3y/EgoFf2v1v8Iu77WB6fV2y4wDdwpLn5wEjMQv","privKey":"WP43iCIHRwLDmXbX7VJrF77DH5Gr2kcSS+9cllPF43A="},"lastRemoteEphemeralKey":"BRDPSNirb038PMoncf2PF4aYZSEd7XdbAvUD3cF/Yjsa","previousCounter":0,"rootKey":"p8JuTn9cXPRaty0Q6zTkIBq4CAKfL3rS5CbfnbvUGcA="},"indexInfo":{"baseKey":"BTsFmvobGcOFlndQXF6QVr6a7szo9ogRRORhqVn/X7c5","baseKeyType":1,"closed":1726740988874,"used":1726492603605,"created":1726492603605,"remoteIdentityKey":"Ba6C1rBC3+hBa2Ey1k6tyHg/zA8yGfPQhoLFBwJBEWVW"},"_chains":{"BSeqa3y/EgoFf2v1v8Iu77WB6fV2y4wDdwpLn5wEjMQv":{"chainKey":{"counter":22,"key":"FNfbSaL8ge5Z+Jaogklh6+Nj0/onwuYHoJn8cbZKIWI="},"chainType":1,"messageKeys":{}}},"pendingPreKey":{"signedKeyId":0,"baseKey":"BTsFmvobGcOFlndQXF6QVr6a7szo9ogRRORhqVn/X7c5"}},"Bbl3tqQTxu+YJBcZu2I7rTLDganKCKcESMnd/svLK5c5":{"registrationId":1940342391,"currentRatchet":{"ephemeralKeyPair":{"pubKey":"BX47Pz6cn5Q0zgwIaVzad2YKqWPYObXrSQhy2bNH5Us9","privKey":"2MV82Umg55phBmoIvEaJs3OHyTIBFLwrrk3PD8SEAE0="},"lastRemoteEphemeralKey":"BT5cfpmsnhwniicU22qFGrFQjLvEvvaSl++MRKiarKJi","previousCounter":0,"rootKey":"br4aSEXXq/EzKhA7voj1HS26xbO2ydmRVSrskA5nmuw="},"indexInfo":{"baseKey":"Bbl3tqQTxu+YJBcZu2I7rTLDganKCKcESMnd/svLK5c5","baseKeyType":1,"closed":-1,"used":1726740988867,"created":1726740988867,"remoteIdentityKey":"BRYMm1EBbKEBzfHqvLcPSo+mVzNz+l3OSdOqnttrOeV5"},"_chains":{"BX47Pz6cn5Q0zgwIaVzad2YKqWPYObXrSQhy2bNH5Us9":{"chainKey":{"counter":0,"key":"Xxg30f9D6VwUSwJ3QioOB/jFdgJWhzsDYhZucbYpQaE="},"chainType":1,"messageKeys":{}}},"pendingPreKey":{"signedKeyId":0,"baseKey":"Bbl3tqQTxu+YJBcZu2I7rTLDganKCKcESMnd/svLK5c5","preKeyId":759402}}},"version":"v1"}