{"_sessions":{"BfXChgHDQ+Oc6wLmT49N8AFIZWDgtSW2EwjnP3SQjOsO":{"registrationId":444233190,"currentRatchet":{"ephemeralKeyPair":{"pubKey":"BUARjbUmSWBt8s8U0X4cn8SO+5xy/jqE5bBeEYIWsMRg","privKey":"uBfmF9b2ssw7M4gcwL1RYlQ00bNqYtvrskkyIql6lmo="},"lastRemoteEphemeralKey":"BfjwhvGThzk2mlRef++U1880uatZ+yUa8V2L0s1SL2M9","previousCounter":0,"rootKey":"NLvqzlS09Q/uJuGFJknPGodqe5kZy2ax/JeAIWR4uao="},"indexInfo":{"baseKey":"BfXChgHDQ+Oc6wLmT49N8AFIZWDgtSW2EwjnP3SQjOsO","baseKeyType":1,"closed":-1,"used":1726465605238,"created":1726465605238,"remoteIdentityKey":"BYIdviftKatlYGClAvOFhOLrI/8umZemR0wbIoj36O8P"},"_chains":{"BUARjbUmSWBt8s8U0X4cn8SO+5xy/jqE5bBeEYIWsMRg":{"chainKey":{"counter":37,"key":"+ngcVYzGnPD0Hs+8yn6lrdpjBikTLfi38oWg0eOLBa0="},"chainType":1,"messageKeys":{}}},"pendingPreKey":{"signedKeyId":4,"baseKey":"BfXChgHDQ+Oc6wLmT49N8AFIZWDgtSW2EwjnP3SQjOsO","preKeyId":11693119}}},"version":"v1"}