{"_sessions":{"BSrA7GcXvGS7dHBji5VlWxFHC2wKxlNJY2ryU0k+BUJR":{"registrationId":1113651222,"currentRatchet":{"ephemeralKeyPair":{"pubKey":"BV2tDmqKo/Kqjep6p8MEzbvO5UVhlXy6xeDqYldCod00","privKey":"sLYAKcPM2/2vY6RBJra6OOl0Aax+UKTesEfHzw6Tu3o="},"lastRemoteEphemeralKey":"BY8hYqVRhDIANXZmHAV7o1tplvSBLGiJ4FL2QvlaUS9R","previousCounter":0,"rootKey":"GfgPLl/zCMXoPuVugV+FP+bAEy9lGq877Q2rurE0huQ="},"indexInfo":{"baseKey":"BSrA7GcXvGS7dHBji5VlWxFHC2wKxlNJY2ryU0k+BUJR","baseKeyType":2,"closed":-1,"used":1726741108164,"created":1726741108164,"remoteIdentityKey":"BZlM8f8TcSuY90hU7JmtRb1aY0543reMIa17wJpfVkpd"},"_chains":{"BY8hYqVRhDIANXZmHAV7o1tplvSBLGiJ4FL2QvlaUS9R":{"chainKey":{"counter":0,"key":"Lv3brh+FVeEKf25MzYUWndkFoYIiZq+f3O5FP0LF9NU="},"chainType":2,"messageKeys":{}},"BV2tDmqKo/Kqjep6p8MEzbvO5UVhlXy6xeDqYldCod00":{"chainKey":{"counter":0,"key":"QHOiuD2E4ITKVfHNv6qTUAMG3JN+BgqUAt+E9D8fo8Y="},"chainType":1,"messageKeys":{}}}}},"version":"v1"}