{"_sessions":{"BXLwBbChcLgYwggesHcmk2/KcxA0jXm23rMIa6L1Nqh0":{"registrationId":629635498,"currentRatchet":{"ephemeralKeyPair":{"pubKey":"BThMxXdBs9OwZZlIdvsGAdLevDwKHcllA//fj3dIBfEE","privKey":"MJZm9YeoJcjNpQ6vrbL3cHHhazw5vdXQ6w+sfodNaVg="},"lastRemoteEphemeralKey":"BSzBAVDpqEsp5Nuj56qjbM/ESFT8TSc+ANG1TMu5lrp8","previousCounter":2,"rootKey":"TT+nIbLi2MwtgwqV6xG9sOTydaQo8cEatuWpkXvzE9A="},"indexInfo":{"baseKey":"BXLwBbChcLgYwggesHcmk2/KcxA0jXm23rMIa6L1Nqh0","baseKeyType":2,"closed":-1,"used":1726595034718,"created":1726515001624,"remoteIdentityKey":"BZ91ETnvouso7pzTbhqt4jw8Yb0s6/RHFbVneDTydq1F"},"_chains":{"BaouvkGad6gNUXac9VGNc+1sUZHjrEFbX1kYVlhb6HBE":{"chainKey":{"counter":0},"chainType":2,"messageKeys":{}},"BTTE6Zgs7btzdaJGqpSx9vpN7qYObIIfml0CQyz4Rixr":{"chainKey":{"counter":0},"chainType":2,"messageKeys":{}},"BSzBAVDpqEsp5Nuj56qjbM/ESFT8TSc+ANG1TMu5lrp8":{"chainKey":{"counter":0,"key":"+K9XdttaPvX/cIzl1aCHPdVW8iouwG7CNyJllbES8+4="},"chainType":2,"messageKeys":{}},"BThMxXdBs9OwZZlIdvsGAdLevDwKHcllA//fj3dIBfEE":{"chainKey":{"counter":2,"key":"r8wfQTzvb7g0nxGE1qriNpVR1LOD+uwQbv94BOTwUOg="},"chainType":1,"messageKeys":{}}}}},"version":"v1"}