{"_sessions":{"Be7h5nH+PvlN5t7qeqB5xIBv1LiieUKUbWJg36q7ALtt":{"registrationId":387483338,"currentRatchet":{"ephemeralKeyPair":{"pubKey":"Bb/q5iwlGMf9WU7Swh43GXOOZitcY0/7LgNaL/9kz6IU","privKey":"GO3tXguwUAFenEAN/1YG7On0G0FjGCXS8bShO40zUFE="},"lastRemoteEphemeralKey":"BbTjyUVxs2C+SuKvtglXz0knm0eKlvAPajt2VIJgpbFL","previousCounter":0,"rootKey":"zF8AeC9KnlHBas+xkbe4UhUeKR9C//oM1YJ887A4f8o="},"indexInfo":{"baseKey":"Be7h5nH+PvlN5t7qeqB5xIBv1LiieUKUbWJg36q7ALtt","baseKeyType":1,"closed":-1,"used":1726480767661,"created":1726480767661,"remoteIdentityKey":"BRGbAJsIgdyKN1MHFw69WVVRijZw3zVbIqtQCXtmLeNK"},"_chains":{"Bb/q5iwlGMf9WU7Swh43GXOOZitcY0/7LgNaL/9kz6IU":{"chainKey":{"counter":0,"key":"eEmdIPxk7PGAIk3KC8vPJcouSvU8+5xFxeky09HjtuU="},"chainType":1,"messageKeys":{}}},"pendingPreKey":{"signedKeyId":1,"baseKey":"Be7h5nH+PvlN5t7qeqB5xIBv1LiieUKUbWJg36q7ALtt","preKeyId":3346661}}},"version":"v1"}