{"_sessions":{"BR/3KyXnkbreGj8emZIviC+lVoPPsapy+xwOObTmFCR9":{"registrationId":967956229,"currentRatchet":{"ephemeralKeyPair":{"pubKey":"BYNIQmo8WsGHaQnJ3jBqY1wIH2PqWTQ2jcWgTzD4dfxK","privKey":"KMEY3vaDcbaM3Z5kffBTilXhV8HovAT08/bYlq5e/kM="},"lastRemoteEphemeralKey":"BQbOv68DgLYA5u+YN8VYiAA+hAO58XalWcP7bHsVsvFQ","previousCounter":0,"rootKey":"9zaoTmCZytVSaa0etAPg8FAiFC8E7OZY40VPazJzX/E="},"indexInfo":{"baseKey":"BR/3KyXnkbreGj8emZIviC+lVoPPsapy+xwOObTmFCR9","baseKeyType":1,"closed":-1,"used":1726507252172,"created":1726507252172,"remoteIdentityKey":"Bfxqfy/b4HKdJEFMI33Zf9dS4WHoXm2gKoizI7u7Bgkx"},"_chains":{"BYNIQmo8WsGHaQnJ3jBqY1wIH2PqWTQ2jcWgTzD4dfxK":{"chainKey":{"counter":31,"key":"zz2A5MoJnqY/DBdEZws/8ATVFMCmmxfjnOjtlivq3wc="},"chainType":1,"messageKeys":{}}},"pendingPreKey":{"signedKeyId":1,"baseKey":"BR/3KyXnkbreGj8emZIviC+lVoPPsapy+xwOObTmFCR9","preKeyId":11736828}}},"version":"v1"}