{"_sessions":{"Beo9G8Tz5JHbqF4jWB1nGk6aUOkjSRYWGVhBV3VxfmI3":{"registrationId":44,"currentRatchet":{"ephemeralKeyPair":{"pubKey":"BZhJ/qImwdXG1RvFmMpSrXEpP6zOev6qp7pjb/6NJg5O","privKey":"AF7HRHxpvCmi4FaWPBU4korpgMg/BJ+KjHq5R923SVA="},"lastRemoteEphemeralKey":"BcO8ALYrlJFr8ycxRkRSwAWucGop7VUZoEAkDZ3yR0hU","previousCounter":0,"rootKey":"P81q/dXcprxeat4mhghYeXNQ3cmk1tEbx7vqvKSVY5k="},"indexInfo":{"baseKey":"Beo9G8Tz5JHbqF4jWB1nGk6aUOkjSRYWGVhBV3VxfmI3","baseKeyType":1,"closed":-1,"used":1726465605091,"created":1726465605091,"remoteIdentityKey":"BbFfrb1rDAwEUSJV8rBFgRGrNFF1gpMAjbPzr79ReOdG"},"_chains":{"BZhJ/qImwdXG1RvFmMpSrXEpP6zOev6qp7pjb/6NJg5O":{"chainKey":{"counter":41,"key":"T2DjAteT3gruCpv2z9ZaKyefuaT0rqLpHTV3C2iabVg="},"chainType":1,"messageKeys":{}}},"pendingPreKey":{"signedKeyId":1,"baseKey":"Beo9G8Tz5JHbqF4jWB1nGk6aUOkjSRYWGVhBV3VxfmI3"}}},"version":"v1"}