{"_sessions":{"Bat6n2vPe5xkeDshQugC6v3ff04RR6lRt3rO+KBrgMFq":{"registrationId":237,"currentRatchet":{"ephemeralKeyPair":{"pubKey":"BcD0Wkhn4V6JGnIE+rXT7U15lCNEkGqxZb/3nYZAN4tL","privKey":"wN9WXDIsMuDfBrsFyghFa99zbmfugYl/iTCerXohgEY="},"lastRemoteEphemeralKey":"BWP7nz5eTGscvyERiTy77cqS9NyXcxscdEAYtr9mkPJD","previousCounter":0,"rootKey":"jA53nSQJs6MNqS/TsXQ+H8kzLG91c/2zAtBVGR/YV3U="},"indexInfo":{"baseKey":"Bat6n2vPe5xkeDshQugC6v3ff04RR6lRt3rO+KBrgMFq","baseKeyType":1,"closed":-1,"used":1726480767580,"created":1726480767580,"remoteIdentityKey":"BcEEV2nzmkDHkXFU1VXmc8XXnQMMNVsrYqa1yzidUsVL"},"_chains":{"BcD0Wkhn4V6JGnIE+rXT7U15lCNEkGqxZb/3nYZAN4tL":{"chainKey":{"counter":0,"key":"XaL+SxDVJ2oNZe5c1fUFNMgAJZFFOsyRf8WYS+gCeMc="},"chainType":1,"messageKeys":{}}},"pendingPreKey":{"signedKeyId":1,"baseKey":"Bat6n2vPe5xkeDshQugC6v3ff04RR6lRt3rO+KBrgMFq"}}},"version":"v1"}