{"_sessions":{"BWbsk4udd0iKmPHUrU8dzromM0k3KZv6JlSPOpvO5wRL":{"registrationId":1226194084,"currentRatchet":{"ephemeralKeyPair":{"pubKey":"BX9TKcio2xXefHh729sNEQZ/Vw/ewMsVu+h7d89ztl9D","privKey":"aP7YCmNJ4xod5w1d+t12I3S964aXWOzAcU+M0YS1mGM="},"lastRemoteEphemeralKey":"BY+cG2Nz4NHScJI6b1zxzUy+waP1lDN6gzRsjvIVuwkL","previousCounter":0,"rootKey":"A2uj3KI/Ho0lYk055UaByesn/P62KmMgNLrCFMLlTcY="},"indexInfo":{"baseKey":"BWbsk4udd0iKmPHUrU8dzromM0k3KZv6JlSPOpvO5wRL","baseKeyType":2,"closed":-1,"used":1726736481665,"created":1726736481665,"remoteIdentityKey":"BWEAvVd94poiSr5t/hMJorkTibd9lKjrw7RCgnzIMZIe"},"_chains":{"BY+cG2Nz4NHScJI6b1zxzUy+waP1lDN6gzRsjvIVuwkL":{"chainKey":{"counter":1,"key":"rRi6UHRVTIIgXrNSJR6NtfjF0lHKFMPys16IgBsl08E="},"chainType":2,"messageKeys":{}},"BX9TKcio2xXefHh729sNEQZ/Vw/ewMsVu+h7d89ztl9D":{"chainKey":{"counter":0,"key":"J5BP0+ucLLEj3D1zwSvyYGwX6uIH7m6YodXorYeGxUA="},"chainType":1,"messageKeys":{}}}}},"version":"v1"}