{"_sessions":{"BU5xV2hltXUUkbTfEkEPrM+6+fjf7BheriA71UgMUbNh":{"registrationId":1652132235,"currentRatchet":{"ephemeralKeyPair":{"pubKey":"BUDWVSkpVhx5ClshVnvCBrg6rCIew30pU7aomHbfVw11","privKey":"OGMjZ7zdNR42MAJAanPHExk7VaDfDgh/m+xAfQ4/6FY="},"lastRemoteEphemeralKey":"BYvGTf+yE8VMMSci5vsenaUb6o0lrol4r+hlhCVfZSR0","previousCounter":0,"rootKey":"A3BoqaskH5ifT/H2R6XdlaUl3X03gbx8BGqMS3mHeHM="},"indexInfo":{"baseKey":"BU5xV2hltXUUkbTfEkEPrM+6+fjf7BheriA71UgMUbNh","baseKeyType":1,"closed":-1,"used":1726465605241,"created":1726465605241,"remoteIdentityKey":"BQfwkQImxbUIID5af/uLODGswB7RuCloNk7HG/0FTb1v"},"_chains":{"BUDWVSkpVhx5ClshVnvCBrg6rCIew30pU7aomHbfVw11":{"chainKey":{"counter":37,"key":"cZ2dFf78DwyRY8ZWVvT1/QYv3oMEzSHvG5CxTao5DHQ="},"chainType":1,"messageKeys":{}}},"pendingPreKey":{"signedKeyId":0,"baseKey":"BU5xV2hltXUUkbTfEkEPrM+6+fjf7BheriA71UgMUbNh"}}},"version":"v1"}