{"_sessions":{"BdQ+hDeUPzIQWG/Gj9RxM7VzRQZRM+xFb8dBMs4lEvcn":{"registrationId":750161420,"currentRatchet":{"ephemeralKeyPair":{"pubKey":"BUAooIdH3nN+LYTMe0MXUzBZD4mMv51jYYgFbMbty68e","privKey":"UHFfqM0Is3kgNPPWx/Gfdf7sIYh13eqvmInOUW6hMXQ="},"lastRemoteEphemeralKey":"BTbB4Sm0JmKmc1JY9ksbTRpu3GHta94nnqbZqx37jItc","previousCounter":0,"rootKey":"4KPQtOGt6KzzSiEFYo9+3s3acaRpCY7zUiZkbLS7ob8="},"indexInfo":{"baseKey":"BdQ+hDeUPzIQWG/Gj9RxM7VzRQZRM+xFb8dBMs4lEvcn","baseKeyType":1,"closed":-1,"used":1726507252064,"created":1726507252064,"remoteIdentityKey":"BXVxzqMpz4T6Mtzo2IDl14z7On2pPIYIy+HGy0OrycsN"},"_chains":{"BUAooIdH3nN+LYTMe0MXUzBZD4mMv51jYYgFbMbty68e":{"chainKey":{"counter":31,"key":"ioeVRBwSwxqk5+SOgovAH+erjbYwRe09blsc1SCdgtc="},"chainType":1,"messageKeys":{}}},"pendingPreKey":{"signedKeyId":4,"baseKey":"BdQ+hDeUPzIQWG/Gj9RxM7VzRQZRM+xFb8dBMs4lEvcn","preKeyId":1695158}}},"version":"v1"}