{"_sessions":{"BeCg9iB/RsoF5b0XTOSpqkOXSmJD21d9TzK4Qkb0VM4u":{"registrationId":938673589,"currentRatchet":{"ephemeralKeyPair":{"pubKey":"BTQH/P+L1MCiKh6QbKJn8K/P2n2rpBdp7PBTGLCX8QRe","privKey":"gJ/9EEe5sck8GaV70Y7TNR/azJbnmU9uaLK1euFzC04="},"lastRemoteEphemeralKey":"BbbjlgilmLu6NveQ+WyduPpYb4kh7NpDXeCYDiGtD8Ai","previousCounter":0,"rootKey":"oK0bjJRiPzKmq9hOCMidA5PUIFi2HtCdAxX2fKSU1U8="},"indexInfo":{"baseKey":"BeCg9iB/RsoF5b0XTOSpqkOXSmJD21d9TzK4Qkb0VM4u","baseKeyType":1,"closed":-1,"used":1726507252282,"created":1726507252282,"remoteIdentityKey":"BTHsYOFP0CGVHPEvdIpVghTrTDi/kZPzKibKkj5CceoM"},"_chains":{"BTQH/P+L1MCiKh6QbKJn8K/P2n2rpBdp7PBTGLCX8QRe":{"chainKey":{"counter":31,"key":"8ciKUNpx1n9qEfJ2FQELSUF+/ertZMf6+StaVuqhjvI="},"chainType":1,"messageKeys":{}}},"pendingPreKey":{"signedKeyId":11,"baseKey":"BeCg9iB/RsoF5b0XTOSpqkOXSmJD21d9TzK4Qkb0VM4u","preKeyId":3209701}}},"version":"v1"}