{"_sessions":{"BSyQqOl/5ecWAO7KYvoXZggy8+gj3hL4YrgTjCy31N5/":{"registrationId":964462884,"currentRatchet":{"ephemeralKeyPair":{"pubKey":"BSSIcBU5HES2Zi+WynKqSwBoHcFNFxPokd+TeFeJGQth","privKey":"EIlD5GcOK0bDvNkGl46BA3LRVFGjl7JVCMJrKCAikGc="},"lastRemoteEphemeralKey":"BVBcc6QUKmxAmfJ/gkFplkcqNOXgtHs/KSSxHpo6cbVd","previousCounter":0,"rootKey":"ftBi5naKEz3H9PketAlUKvhWJ1iViHLsKUjSWAvMsPY="},"indexInfo":{"baseKey":"BSyQqOl/5ecWAO7KYvoXZggy8+gj3hL4YrgTjCy31N5/","baseKeyType":1,"closed":-1,"used":1726507252106,"created":1726507252106,"remoteIdentityKey":"BSGIFLqHQhNbBVFLZSLvjurhHj9wSqKoZc759mzZUEh9"},"_chains":{"BSSIcBU5HES2Zi+WynKqSwBoHcFNFxPokd+TeFeJGQth":{"chainKey":{"counter":31,"key":"G+0Zboc7wrcTTXJbjDm+eKX3TtXpOre5cQy2CNXTifk="},"chainType":1,"messageKeys":{}}},"pendingPreKey":{"signedKeyId":26,"baseKey":"BSyQqOl/5ecWAO7KYvoXZggy8+gj3hL4YrgTjCy31N5/","preKeyId":219046}}},"version":"v1"}