{"_sessions":{"BfNtl2MJsIEbVdFkb1df8Urlv5B6zqyd45NMe/BZeMEY":{"registrationId":32,"currentRatchet":{"ephemeralKeyPair":{"pubKey":"BdaHz3ff+MgQa7oDm9uYu3gcp7FTtUh3Zc7daR9TKOML","privKey":"oCv3nzlqMK83o2Tgz3SIXXEgyUlgcEKQ4J8uodpLt14="},"lastRemoteEphemeralKey":"BQmfOvQVYOrEhXOPcTO4k7+0hjVlipQRJoXZM7WKlHIa","previousCounter":0,"rootKey":"CSJK813cyxFcLwCxQZghNZdA2esWvSFXr3FC8mHrN2E="},"indexInfo":{"baseKey":"BfNtl2MJsIEbVdFkb1df8Urlv5B6zqyd45NMe/BZeMEY","baseKeyType":1,"closed":-1,"used":1726555823782,"created":1726555823782,"remoteIdentityKey":"BbfkDAHSbPMPqpCGEnvhjVs6pU2pQuHFaO12C2dNinER"},"_chains":{"BdaHz3ff+MgQa7oDm9uYu3gcp7FTtUh3Zc7daR9TKOML":{"chainKey":{"counter":19,"key":"K3QQrXSM2bTTbimF8Fsu1IeU6XtRnprDNoBGTSiD0T0="},"chainType":1,"messageKeys":{}}},"pendingPreKey":{"signedKeyId":1,"baseKey":"BfNtl2MJsIEbVdFkb1df8Urlv5B6zqyd45NMe/BZeMEY"}}},"version":"v1"}