{"_sessions":{"BSJQbN4+LiWGM4f8lgK4xftId6Qs/yGVuscYclHB1Bs4":{"registrationId":155,"currentRatchet":{"ephemeralKeyPair":{"pubKey":"BbFdPqVtSYlJSig5G6yDgtx8+q7mYIM9t67MloYzhvIk","privKey":"gPd8CtaUEbbSpNwLSz/KS5WAux00AFW52AFcnJuEYVI="},"lastRemoteEphemeralKey":"BUfMH4UhwuNU7/UqK9RPirbkumWunhS1/3hYkoi1/mx4","previousCounter":0,"rootKey":"/5mnTC+S/Q1NEJAQRSDW6X/N6KDEMWjzhVeGqTfXMtM="},"indexInfo":{"baseKey":"BSJQbN4+LiWGM4f8lgK4xftId6Qs/yGVuscYclHB1Bs4","baseKeyType":2,"closed":-1,"used":1726692071269,"created":1726692071269,"remoteIdentityKey":"BXqOTdoJMRrBr7VMARl5vXEZesBueBkXyArehwMNJD5V"},"_chains":{"BUfMH4UhwuNU7/UqK9RPirbkumWunhS1/3hYkoi1/mx4":{"chainKey":{"counter":0,"key":"psHXmGwivItN1uNdipHPsSOC5TXbnVHeDzqU541e3C4="},"chainType":2,"messageKeys":{}},"BbFdPqVtSYlJSig5G6yDgtx8+q7mYIM9t67MloYzhvIk":{"chainKey":{"counter":2,"key":"LjUAVuYz+EWl0NjeuamB14FIDcfSZ2Mj2LNp6wA22HI="},"chainType":1,"messageKeys":{}}}}},"version":"v1"}