{"_sessions":{"BSiMI43V9CUxZteYBgfHJfOXfKIdz8wsr3JqJLJ4l68S":{"registrationId":53,"currentRatchet":{"ephemeralKeyPair":{"pubKey":"BYLHr8wmn+4fzt6nuSNZBG2FFjDIwNuUcWYuKTOIL8FE","privKey":"SOA5nYsMEoEiOI1act05bp4VOa6dWMHjGag/1WaS1Xw="},"lastRemoteEphemeralKey":"BZSv7Jxcz0BD/82HN8/CDHwpTT3BIEzPdniroqhBrIRq","previousCounter":0,"rootKey":"zUYFYfLs5VqJrHXH0eZBGo56Ef009WH6R4sWlqzlabI="},"indexInfo":{"baseKey":"BSiMI43V9CUxZteYBgfHJfOXfKIdz8wsr3JqJLJ4l68S","baseKeyType":1,"closed":-1,"used":1726465605147,"created":1726465605147,"remoteIdentityKey":"Bay9CHPo6AiRxuiUTw8+qn1qrmwM3ezUFAUGSbBA0IRt"},"_chains":{"BYLHr8wmn+4fzt6nuSNZBG2FFjDIwNuUcWYuKTOIL8FE":{"chainKey":{"counter":37,"key":"a2h66TWXCFqY6HW+K3ZwZATOyqlki0/4pIu63Y8WijM="},"chainType":1,"messageKeys":{}}},"pendingPreKey":{"signedKeyId":1,"baseKey":"BSiMI43V9CUxZteYBgfHJfOXfKIdz8wsr3JqJLJ4l68S"}}},"version":"v1"}