{"_sessions":{"BbmnSSgU+w7qgSXPKxiAmUz5VAJn4B1oW3GgFmrbW+FB":{"registrationId":1729880125,"currentRatchet":{"ephemeralKeyPair":{"pubKey":"BXb2Sy3RMCkRTWBjL81uZ/Fz7NuIoLO9gLDyejqNqIwX","privKey":"+EDlO1IMuZrnvIUeTvBVk/kSiUZTU8BWQa7y4VA0+34="},"lastRemoteEphemeralKey":"Bc4ooHjRuqNhFJUnyOf0QZf4HNpIp602q2xVlOiNUA1D","previousCounter":0,"rootKey":"EI83jQH3O2hgchF22BTDNF2z9UNoWFGGV6dXKsYtaS8="},"indexInfo":{"baseKey":"BbmnSSgU+w7qgSXPKxiAmUz5VAJn4B1oW3GgFmrbW+FB","baseKeyType":1,"closed":-1,"used":1726569863970,"created":1726569863970,"remoteIdentityKey":"BQBUJq8aoeTL/Ngfxb/AoMvsm8WICvUfyxRT7lCJBoEn"},"_chains":{"BXb2Sy3RMCkRTWBjL81uZ/Fz7NuIoLO9gLDyejqNqIwX":{"chainKey":{"counter":19,"key":"tz8QalBuJu0BYJUzhJQf570QxKVVFgJlmJoO0BMG3DM="},"chainType":1,"messageKeys":{}}},"pendingPreKey":{"signedKeyId":0,"baseKey":"BbmnSSgU+w7qgSXPKxiAmUz5VAJn4B1oW3GgFmrbW+FB","preKeyId":3594964}}},"version":"v1"}