{"_sessions":{"BV47qdQ10jNy+EaHJJu8dCdNnTM2I4MeDgNKyDtMDiEN":{"registrationId":498964139,"currentRatchet":{"ephemeralKeyPair":{"pubKey":"Bb3UQAXz849KFKtMPnRQwuO608Keo33a081lij8QA081","privKey":"kBEaozyjnjZm8J7L4he9N0MYZMmGpnpuRRr8CAszHlw="},"lastRemoteEphemeralKey":"BSlAYw3N/QnfTbJfea07JaArWH5pWSXQD6q6p4h2pH8s","previousCounter":0,"rootKey":"0WQd2q7RG9Cnp+PNTZQ2+B+LqiiUgaB3N8UjOfkrWiM="},"indexInfo":{"baseKey":"BV47qdQ10jNy+EaHJJu8dCdNnTM2I4MeDgNKyDtMDiEN","baseKeyType":1,"closed":1726646044745,"used":1726646044293,"created":1726646044293,"remoteIdentityKey":"BZDwBvebpkql9+DiAAqkkR1t0fO4Q1N1cRFAmAkcnWIg"},"_chains":{"Bb3UQAXz849KFKtMPnRQwuO608Keo33a081lij8QA081":{"chainKey":{"counter":0,"key":"nvrxbrGE3fdJQTmAUiXmdcGBL64YxVy+iIvJ4g9IdMw="},"chainType":1,"messageKeys":{}}},"pendingPreKey":{"signedKeyId":4,"baseKey":"BV47qdQ10jNy+EaHJJu8dCdNnTM2I4MeDgNKyDtMDiEN","preKeyId":9940201}},"BWR9HGF9tjtoUp7W/LN8I/MWjVRZxntmN5pKu620JFoQ":{"registrationId":498964139,"currentRatchet":{"ephemeralKeyPair":{"pubKey":"BQhchyCyE0IYBx76sw5oBnkVdHl+BJv2IKYE23duezkU","privKey":"AEcXdxuWc444GJpsRxq5DonX37hUqNhL9z0cUXOooVQ="},"lastRemoteEphemeralKey":"BaCT/FOgZA9iVOFFJbj1IpW7OAqU6crFfljowp9Lhu0h","previousCounter":0,"rootKey":"ra98aMY4RuBrbHOE8hQ71utx46Lf5Btx+0GW3JNtSiA="},"indexInfo":{"baseKey":"BWR9HGF9tjtoUp7W/LN8I/MWjVRZxntmN5pKu620JFoQ","baseKeyType":1,"closed":-1,"used":1726646108382,"created":1726646044681,"remoteIdentityKey":"BZDwBvebpkql9+DiAAqkkR1t0fO4Q1N1cRFAmAkcnWIg"},"_chains":{"BcxVdvWYGK5CsBeipQBtxhiYbYICPUnyEMD8InOqYkU5":{"chainKey":{"counter":0},"chainType":2,"messageKeys":{}},"BaCT/FOgZA9iVOFFJbj1IpW7OAqU6crFfljowp9Lhu0h":{"chainKey":{"counter":0,"key":"+uJi+OJOchULj1wzro7XDbEsc49qEZuALfgmWcThrQ4="},"chainType":2,"messageKeys":{}},"BQhchyCyE0IYBx76sw5oBnkVdHl+BJv2IKYE23duezkU":{"chainKey":{"counter":0,"key":"eTq7xu73h1oweHmYqvcOdIP9RPYOINYFr68mdREpEdQ="},"chainType":1,"messageKeys":{}}}}},"version":"v1"}