{"_sessions":{"BVVWJEUdwE2PuM8+2fGGsHEH/MkTF3KaheVlGd8Ko/xV":{"registrationId":1297986784,"currentRatchet":{"ephemeralKeyPair":{"pubKey":"BcahFOWrGyoand3L5I8DnIL65Es6PfwibUHEmXHe8Wd9","privKey":"CDnMxZrRxjR8xWnmHmtJfAMOxwWc9a8H2EolrqcW6n8="},"lastRemoteEphemeralKey":"BQBA1Gt92qXWaZi452ObqullxBDWHCqfhHWYOjNO9G4n","previousCounter":0,"rootKey":"4kbIz30Kf17i0hYGjiDarpAOVCXeCdhhav3Je5yVVWQ="},"indexInfo":{"baseKey":"BVVWJEUdwE2PuM8+2fGGsHEH/MkTF3KaheVlGd8Ko/xV","baseKeyType":1,"closed":1726577957144,"used":1726507252354,"created":1726507252354,"remoteIdentityKey":"BdT1WDoI+I3JWczCB02fG8fY/Kpp7iP5naOPppcZSiFj"},"_chains":{"BcahFOWrGyoand3L5I8DnIL65Es6PfwibUHEmXHe8Wd9":{"chainKey":{"counter":8,"key":"hdCG66hizFvv9VYgp8hBetvjPAxDwEZLdXN2nctJSQk="},"chainType":1,"messageKeys":{}}},"pendingPreKey":{"signedKeyId":191913,"baseKey":"BVVWJEUdwE2PuM8+2fGGsHEH/MkTF3KaheVlGd8Ko/xV","preKeyId":2778}},"BUDA+OuuG5DWW5EaT8YQhAoI1Pl9aEWmlpD8ar6y2dAV":{"registrationId":1012720057,"currentRatchet":{"ephemeralKeyPair":{"pubKey":"Ba6rOV/mnrKBljL/A4y2wJL62h5EraE+hB012oAqPK4G","privKey":"IPsYsoPapvRHJz3QgYcD/39B92HtsRB+jvFqhMTIQHM="},"lastRemoteEphemeralKey":"BcS/Ofb102Zu8aUGAz+46vChtg85jm0IpCYV/644pX1m","previousCounter":0,"rootKey":"nSkxNajDkahjBsfsU1DOtYtEp34OxFW0DG2FKD57Y0c="},"indexInfo":{"baseKey":"BUDA+OuuG5DWW5EaT8YQhAoI1Pl9aEWmlpD8ar6y2dAV","baseKeyType":1,"closed":1726577963634,"used":1726577957116,"created":1726577957116,"remoteIdentityKey":"BWBVBMtvTDrRRqUl5NJm+gL3G9iFkW6aAmBX99f0fdEP"},"_chains":{"Ba6rOV/mnrKBljL/A4y2wJL62h5EraE+hB012oAqPK4G":{"chainKey":{"counter":0,"key":"9w2jYXsG5sfbdBSp4pm69kZO6G1jqzsG6pyNxXN+Pb0="},"chainType":1,"messageKeys":{}}},"pendingPreKey":{"signedKeyId":0,"baseKey":"BUDA+OuuG5DWW5EaT8YQhAoI1Pl9aEWmlpD8ar6y2dAV","preKeyId":13624850}},"BXStZWrkXDSMiah7k3+HRqrW0fB6SC0D5kZiesv43LgC":{"registrationId":1012720057,"currentRatchet":{"ephemeralKeyPair":{"pubKey":"BToSL4wTIkmpLbF04PgRdhsVrPshcWW2rUku7v/6mhAh","privKey":"8BXbVXsoPhpyYltTMGcz2zI66tadz6dIUcfmnBoNiW0="},"lastRemoteEphemeralKey":"BcS/Ofb102Zu8aUGAz+46vChtg85jm0IpCYV/644pX1m","previousCounter":0,"rootKey":"x0M/bDCvZCBKiXme/1FnOlsohT+OntwAWGPDFvr+xC8="},"indexInfo":{"baseKey":"BXStZWrkXDSMiah7k3+HRqrW0fB6SC0D5kZiesv43LgC","baseKeyType":1,"closed":1726582221670,"used":1726577963632,"created":1726577963632,"remoteIdentityKey":"BWBVBMtvTDrRRqUl5NJm+gL3G9iFkW6aAmBX99f0fdEP"},"_chains":{"BToSL4wTIkmpLbF04PgRdhsVrPshcWW2rUku7v/6mhAh":{"chainKey":{"counter":0,"key":"470rZwLHHfKB5ulBJHcBGTD13Y6EdOd8DBncFfWJcrE="},"chainType":1,"messageKeys":{}}},"pendingPreKey":{"signedKeyId":0,"baseKey":"BXStZWrkXDSMiah7k3+HRqrW0fB6SC0D5kZiesv43LgC","preKeyId":13624895}},"BW2Kw8uM5e5gFzK26cC7T6QcGfc5AqWrlRMqxLUojFle":{"registrationId":1012720057,"currentRatchet":{"ephemeralKeyPair":{"pubKey":"BdriCMggxnT151xg5TNtLDEtJXinWM3DJ+w411k41iMS","privKey":"SIrhFWOjFdVH7LCq+t0tQ0zNH2MTRtaZ91ryrAvs90Y="},"lastRemoteEphemeralKey":"BcS/Ofb102Zu8aUGAz+46vChtg85jm0IpCYV/644pX1m","previousCounter":0,"rootKey":"OAcFqr8Gd1Hb10AZA6/0BrpIE3KoxQu/kP1T/g1P+9o="},"indexInfo":{"baseKey":"BW2Kw8uM5e5gFzK26cC7T6QcGfc5AqWrlRMqxLUojFle","baseKeyType":1,"closed":1726582222562,"used":1726582221662,"created":1726582221662,"remoteIdentityKey":"BWBVBMtvTDrRRqUl5NJm+gL3G9iFkW6aAmBX99f0fdEP"},"_chains":{"BdriCMggxnT151xg5TNtLDEtJXinWM3DJ+w411k41iMS":{"chainKey":{"counter":0,"key":"hbt8Gsj0lcTSPx8tkBlr0aHUfN4JbomU6mWxiQUNKLs="},"chainType":1,"messageKeys":{}}},"pendingPreKey":{"signedKeyId":0,"baseKey":"BW2Kw8uM5e5gFzK26cC7T6QcGfc5AqWrlRMqxLUojFle","preKeyId":13624860}},"BWUkcxjxU/WLvk9KYhsqjpAZYuvDOKZwUvyPk9qqEAtE":{"registrationId":1012720057,"currentRatchet":{"ephemeralKeyPair":{"pubKey":"BdmcsBAQdWeRnRvX+QGHBHUXyC0U3z0HBrDiryPRHx83","privKey":"yCT0N2o9aKHlOgwQuialdQlfgN2XWZhNDYlGN2cH52o="},"lastRemoteEphemeralKey":"BcS/Ofb102Zu8aUGAz+46vChtg85jm0IpCYV/644pX1m","previousCounter":0,"rootKey":"Yhic74+FOvkkOVLXPzvQHAYgnU7ayyJJkveuCLbSJPk="},"indexInfo":{"baseKey":"BWUkcxjxU/WLvk9KYhsqjpAZYuvDOKZwUvyPk9qqEAtE","baseKeyType":1,"closed":1726582273648,"used":1726582222560,"created":1726582222560,"remoteIdentityKey":"BWBVBMtvTDrRRqUl5NJm+gL3G9iFkW6aAmBX99f0fdEP"},"_chains":{"BdmcsBAQdWeRnRvX+QGHBHUXyC0U3z0HBrDiryPRHx83":{"chainKey":{"counter":0,"key":"TkCOlIRas2KpdQZdCeY8KcaOMm2SSx+zlPfWiVMEWMQ="},"chainType":1,"messageKeys":{}}},"pendingPreKey":{"signedKeyId":0,"baseKey":"BWUkcxjxU/WLvk9KYhsqjpAZYuvDOKZwUvyPk9qqEAtE","preKeyId":13625523}},"BZ/Lf+UVM3Uga+QwKKbfoDJhfckWiLYrjXTifyM+oTM3":{"registrationId":1012720057,"currentRatchet":{"ephemeralKeyPair":{"pubKey":"BXxqUaUyXjESpxETbzPG+BuB6hUCD6p/3lNcr/J2XFRL","privKey":"gFc1f0nD8jy0sozXhV3e3+vos2Ca7sRVjgiUVNPmglg="},"lastRemoteEphemeralKey":"BcS/Ofb102Zu8aUGAz+46vChtg85jm0IpCYV/644pX1m","previousCounter":0,"rootKey":"nWPMBwLt1aVZ6d9TuBTYkmKuQxLTJirt3GYVXBjcUkw="},"indexInfo":{"baseKey":"BZ/Lf+UVM3Uga+QwKKbfoDJhfckWiLYrjXTifyM+oTM3","baseKeyType":1,"closed":1726582274463,"used":1726582273492,"created":1726582273492,"remoteIdentityKey":"BWBVBMtvTDrRRqUl5NJm+gL3G9iFkW6aAmBX99f0fdEP"},"_chains":{"BXxqUaUyXjESpxETbzPG+BuB6hUCD6p/3lNcr/J2XFRL":{"chainKey":{"counter":0,"key":"q9Q615HxTTLkOVw2VfZ9vHNQgIQXuwrlvLOvHFyVPok="},"chainType":1,"messageKeys":{}}},"pendingPreKey":{"signedKeyId":0,"baseKey":"BZ/Lf+UVM3Uga+QwKKbfoDJhfckWiLYrjXTifyM+oTM3","preKeyId":13625528}},"Bf1I4M1zRriuLvgG9n1fU2PDuX/2KHAu4gf+I3fRk9p+":{"registrationId":1012720057,"currentRatchet":{"ephemeralKeyPair":{"pubKey":"BUOXxAsEofNMJhG4bzMssRUGk2IJSem9jYR1KRFyf3Q3","privKey":"mMFIVse1X3kOdOzNzIDzrmJ9YDcklbxsCXhNpnsOimc="},"lastRemoteEphemeralKey":"BcS/Ofb102Zu8aUGAz+46vChtg85jm0IpCYV/644pX1m","previousCounter":0,"rootKey":"P/TlkDWgF2xSXucJKQ3kTOmkyaBnU+eF+pzxE2nGxdE="},"indexInfo":{"baseKey":"Bf1I4M1zRriuLvgG9n1fU2PDuX/2KHAu4gf+I3fRk9p+","baseKeyType":1,"closed":1726582299851,"used":1726582274459,"created":1726582274459,"remoteIdentityKey":"BWBVBMtvTDrRRqUl5NJm+gL3G9iFkW6aAmBX99f0fdEP"},"_chains":{"BUOXxAsEofNMJhG4bzMssRUGk2IJSem9jYR1KRFyf3Q3":{"chainKey":{"counter":0,"key":"1EOJc7Zmf9kUiIWiue2pb1V3iOSswbtepNhpA2RHlsg="},"chainType":1,"messageKeys":{}}},"pendingPreKey":{"signedKeyId":0,"baseKey":"Bf1I4M1zRriuLvgG9n1fU2PDuX/2KHAu4gf+I3fRk9p+","preKeyId":13624878}},"BbQmZXEKnPNdSiBKTUb4iXZxJwyWA0ToSdkX1GQacJFm":{"registrationId":1012720057,"currentRatchet":{"ephemeralKeyPair":{"pubKey":"BQP8wUAFcNfUlAiQ4lfh/HJoKL89I7SRnbf3m8ttKPEk","privKey":"8FHDw3E1hFBEph+zVv+e1ydqnVMosJqnSqjmmPuWtEc="},"lastRemoteEphemeralKey":"BcS/Ofb102Zu8aUGAz+46vChtg85jm0IpCYV/644pX1m","previousCounter":0,"rootKey":"pk7+0HPsdpOWVVP/ewCJZ1vXwf1D/VL6OYDX0j0gtzU="},"indexInfo":{"baseKey":"BbQmZXEKnPNdSiBKTUb4iXZxJwyWA0ToSdkX1GQacJFm","baseKeyType":1,"closed":1726582302753,"used":1726582299849,"created":1726582299849,"remoteIdentityKey":"BWBVBMtvTDrRRqUl5NJm+gL3G9iFkW6aAmBX99f0fdEP"},"_chains":{"BQP8wUAFcNfUlAiQ4lfh/HJoKL89I7SRnbf3m8ttKPEk":{"chainKey":{"counter":0,"key":"SmJD+MLi8MOVKoXFVwuVWufPjkulsnAgEt6lIJwSf0w="},"chainType":1,"messageKeys":{}}},"pendingPreKey":{"signedKeyId":0,"baseKey":"BbQmZXEKnPNdSiBKTUb4iXZxJwyWA0ToSdkX1GQacJFm","preKeyId":13624870}},"BWkssEcJw/FkuN0ACuC/R31b+4uoi6B/DH7iGbWJWc4e":{"registrationId":1012720057,"currentRatchet":{"ephemeralKeyPair":{"pubKey":"BWojkSK0bhX/SvGHBEKbH46a/S148viR03J8PvnhMQ1O","privKey":"MMbrOSBx1RYpW17volEAOOfgKDeMaRerSe3rszLahE8="},"lastRemoteEphemeralKey":"BcS/Ofb102Zu8aUGAz+46vChtg85jm0IpCYV/644pX1m","previousCounter":0,"rootKey":"jZF6bJ6YU1zvy+oCRPC/VyBVe2bfnYYGkTzGYEmXTPc="},"indexInfo":{"baseKey":"BWkssEcJw/FkuN0ACuC/R31b+4uoi6B/DH7iGbWJWc4e","baseKeyType":1,"closed":1726582335556,"used":1726582302751,"created":1726582302751,"remoteIdentityKey":"BWBVBMtvTDrRRqUl5NJm+gL3G9iFkW6aAmBX99f0fdEP"},"_chains":{"BWojkSK0bhX/SvGHBEKbH46a/S148viR03J8PvnhMQ1O":{"chainKey":{"counter":0,"key":"S/CJ4VWvrEx0SCeQF1VctB8tD62ppJkj8i1t8ChNXoY="},"chainType":1,"messageKeys":{}}},"pendingPreKey":{"signedKeyId":0,"baseKey":"BWkssEcJw/FkuN0ACuC/R31b+4uoi6B/DH7iGbWJWc4e","preKeyId":13625551}},"BdArWNpP8yD/AO7XgiSP3gviBlDpjbg+U8xktWDzivsT":{"registrationId":1012720057,"currentRatchet":{"ephemeralKeyPair":{"pubKey":"BSiaMiAOMytj0ZY5Qt+AnIznBGUAAuBGOjdoY1ynSPBn","privKey":"KBjmpKV8MNMYG41jieFS9LYOK9rTW9trzEkOaHtiH0s="},"lastRemoteEphemeralKey":"BcS/Ofb102Zu8aUGAz+46vChtg85jm0IpCYV/644pX1m","previousCounter":0,"rootKey":"FeSAxR0psKa3nI/C+ZcVOL+I20+22zQJ8FtlSq/3Du0="},"indexInfo":{"baseKey":"BdArWNpP8yD/AO7XgiSP3gviBlDpjbg+U8xktWDzivsT","baseKeyType":1,"closed":1726582361880,"used":1726582335547,"created":1726582335547,"remoteIdentityKey":"BWBVBMtvTDrRRqUl5NJm+gL3G9iFkW6aAmBX99f0fdEP"},"_chains":{"BSiaMiAOMytj0ZY5Qt+AnIznBGUAAuBGOjdoY1ynSPBn":{"chainKey":{"counter":0,"key":"rJ5FJJ8FyrC4emqv8rvFr4u/UOHhwAmbjQXZkpcSwwQ="},"chainType":1,"messageKeys":{}}},"pendingPreKey":{"signedKeyId":0,"baseKey":"BdArWNpP8yD/AO7XgiSP3gviBlDpjbg+U8xktWDzivsT","preKeyId":13624811}},"Bejv5Riz4ZhOSZQ7uGIZv1jJLHg4qsApWI17tpwBTMxv":{"registrationId":1012720057,"currentRatchet":{"ephemeralKeyPair":{"pubKey":"Bc6erfw0JUGBliARq6R/X+kPAEidVymTbaxwUKOk3zVx","privKey":"SKMPVDiY9ML01+X9gEhRXRJzEUHE5xeLxpWTB5qtmEA="},"lastRemoteEphemeralKey":"BcS/Ofb102Zu8aUGAz+46vChtg85jm0IpCYV/644pX1m","previousCounter":0,"rootKey":"WDTlBnnKfnM9ECBygfpGBAdjcv1dVJd3pl/330qTZeA="},"indexInfo":{"baseKey":"Bejv5Riz4ZhOSZQ7uGIZv1jJLHg4qsApWI17tpwBTMxv","baseKeyType":1,"closed":1726582376444,"used":1726582361878,"created":1726582361878,"remoteIdentityKey":"BWBVBMtvTDrRRqUl5NJm+gL3G9iFkW6aAmBX99f0fdEP"},"_chains":{"Bc6erfw0JUGBliARq6R/X+kPAEidVymTbaxwUKOk3zVx":{"chainKey":{"counter":0,"key":"VkP4Zn2Q+vW1dVWvliBm8zun3vERoIk6YkEQdNEhwDM="},"chainType":1,"messageKeys":{}}},"pendingPreKey":{"signedKeyId":0,"baseKey":"Bejv5Riz4ZhOSZQ7uGIZv1jJLHg4qsApWI17tpwBTMxv","preKeyId":13625539}},"BSmN+vb907A5fMLND6y5IPrbk2cWFrKPygPDYdCzvyIg":{"registrationId":1012720057,"currentRatchet":{"ephemeralKeyPair":{"pubKey":"Bci23F4DE/GEBuigv7PdBWitiLOwKazbX+B4wigqZgIt","privKey":"wOpfSCmFzw2kpwCm3WGUsB8vSFHGyu+I0XtH+Tp7OlU="},"lastRemoteEphemeralKey":"BcS/Ofb102Zu8aUGAz+46vChtg85jm0IpCYV/644pX1m","previousCounter":0,"rootKey":"pQ2PdliBT21EaPyd4obHodUn+BCjUxXhQj/YdubGhgA="},"indexInfo":{"baseKey":"BSmN+vb907A5fMLND6y5IPrbk2cWFrKPygPDYdCzvyIg","baseKeyType":1,"closed":1726582378282,"used":1726582376435,"created":1726582376435,"remoteIdentityKey":"BWBVBMtvTDrRRqUl5NJm+gL3G9iFkW6aAmBX99f0fdEP"},"_chains":{"Bci23F4DE/GEBuigv7PdBWitiLOwKazbX+B4wigqZgIt":{"chainKey":{"counter":0,"key":"Q0/7DpFkXFY2PicMeVDHTVuf54J9/sZgBcQhmfFW9r8="},"chainType":1,"messageKeys":{}}},"pendingPreKey":{"signedKeyId":0,"baseKey":"BSmN+vb907A5fMLND6y5IPrbk2cWFrKPygPDYdCzvyIg","preKeyId":13624940}},"BQSwJ5yTR4nfTlqCSyQUmW0zRsKY50GLurrH0P5w8/hD":{"registrationId":1012720057,"currentRatchet":{"ephemeralKeyPair":{"pubKey":"BQsfb5VLOg1WF4dvb/qi8+lA+pNLtpy7OTSJwDbnIodX","privKey":"wI5MrYJ3ehaXeKHYwjj5gP/ZGyqZmrTS0rcW2e4h93U="},"lastRemoteEphemeralKey":"BcS/Ofb102Zu8aUGAz+46vChtg85jm0IpCYV/644pX1m","previousCounter":0,"rootKey":"V7Tf0qK/oNI/K+xPkGxeTqvfLafugenWn3gJCe2XDxo="},"indexInfo":{"baseKey":"BQSwJ5yTR4nfTlqCSyQUmW0zRsKY50GLurrH0P5w8/hD","baseKeyType":1,"closed":1726582381688,"used":1726582378281,"created":1726582378281,"remoteIdentityKey":"BWBVBMtvTDrRRqUl5NJm+gL3G9iFkW6aAmBX99f0fdEP"},"_chains":{"BQsfb5VLOg1WF4dvb/qi8+lA+pNLtpy7OTSJwDbnIodX":{"chainKey":{"counter":0,"key":"9fmaTRaEcnLjDq8gN6MAhrr/QGDG4dyyRBIOaKZs7TM="},"chainType":1,"messageKeys":{}}},"pendingPreKey":{"signedKeyId":0,"baseKey":"BQSwJ5yTR4nfTlqCSyQUmW0zRsKY50GLurrH0P5w8/hD","preKeyId":13625578}},"BR+XcdbYwz/xlYEeSq8T6jMXolvsdy6aDt8djrZsQE0F":{"registrationId":1012720057,"currentRatchet":{"ephemeralKeyPair":{"pubKey":"BduojQasdNeP4V0l9cOaiqFXyN9rDWg9qkAZqiy/5UEO","privKey":"8AxOFlzJwfbjekDx5j6OGjeA9/Wov4T1p4d1+zjTzEg="},"lastRemoteEphemeralKey":"BcS/Ofb102Zu8aUGAz+46vChtg85jm0IpCYV/644pX1m","previousCounter":0,"rootKey":"4Xi818bb4VVjiVy85jNX8yRf/9+MwvBtglFpaGm2VxM="},"indexInfo":{"baseKey":"BR+XcdbYwz/xlYEeSq8T6jMXolvsdy6aDt8djrZsQE0F","baseKeyType":1,"closed":1726582384550,"used":1726582381672,"created":1726582381672,"remoteIdentityKey":"BWBVBMtvTDrRRqUl5NJm+gL3G9iFkW6aAmBX99f0fdEP"},"_chains":{"BduojQasdNeP4V0l9cOaiqFXyN9rDWg9qkAZqiy/5UEO":{"chainKey":{"counter":0,"key":"goQSZ9IJlpF0bWSBqdW/MgvU6aTbM1nLK4T25oar7uQ="},"chainType":1,"messageKeys":{}}},"pendingPreKey":{"signedKeyId":0,"baseKey":"BR+XcdbYwz/xlYEeSq8T6jMXolvsdy6aDt8djrZsQE0F","preKeyId":13624812}},"BYa5ac2aBhHD0PH5Cyij7oznMbqKHwMnnJF36yxohaQI":{"registrationId":1012720057,"currentRatchet":{"ephemeralKeyPair":{"pubKey":"BXtK4Qtrg5DJJektBb+7bZdzS6ptkvtaIB/Q19IyJ381","privKey":"8ATyjepxndqylLREPJynoNQt/XStTZtHt8J03VVBbW0="},"lastRemoteEphemeralKey":"BcS/Ofb102Zu8aUGAz+46vChtg85jm0IpCYV/644pX1m","previousCounter":0,"rootKey":"KUOsP+axYirXa6yAvGN0y/mSnoBJr4P/0hLNEojV2WI="},"indexInfo":{"baseKey":"BYa5ac2aBhHD0PH5Cyij7oznMbqKHwMnnJF36yxohaQI","baseKeyType":1,"closed":1726582427875,"used":1726582384495,"created":1726582384495,"remoteIdentityKey":"BWBVBMtvTDrRRqUl5NJm+gL3G9iFkW6aAmBX99f0fdEP"},"_chains":{"BXtK4Qtrg5DJJektBb+7bZdzS6ptkvtaIB/Q19IyJ381":{"chainKey":{"counter":0,"key":"qKUf4syI8gTanGouMC/hLR6UvtpwWuWBQfxGQQxfQh4="},"chainType":1,"messageKeys":{}}},"pendingPreKey":{"signedKeyId":0,"baseKey":"BYa5ac2aBhHD0PH5Cyij7oznMbqKHwMnnJF36yxohaQI","preKeyId":13625532}},"BamKrHT+yQPr5RzyTecwe7r7/IQ7ZMpYsHmXbZ3utLor":{"registrationId":1012720057,"currentRatchet":{"ephemeralKeyPair":{"pubKey":"BTCx146VkVyPTwUUOlBUEUU9a2LzQvgk06BJVXs+pcZy","privKey":"wHNbpsKItzH6sWiFf0dk9LVAW0ErA8s2f5EKGwiKzk8="},"lastRemoteEphemeralKey":"BcS/Ofb102Zu8aUGAz+46vChtg85jm0IpCYV/644pX1m","previousCounter":0,"rootKey":"YLU/e7WguCCbcEp297IoMtBvrdp8pnCCG1epfA6V5zY="},"indexInfo":{"baseKey":"BamKrHT+yQPr5RzyTecwe7r7/IQ7ZMpYsHmXbZ3utLor","baseKeyType":1,"closed":1726582431766,"used":1726582427860,"created":1726582427860,"remoteIdentityKey":"BWBVBMtvTDrRRqUl5NJm+gL3G9iFkW6aAmBX99f0fdEP"},"_chains":{"BTCx146VkVyPTwUUOlBUEUU9a2LzQvgk06BJVXs+pcZy":{"chainKey":{"counter":0,"key":"P4otT5TTAp9JttHaXOQQ6vrCuG3Z7yqF3cmW3BUkOfw="},"chainType":1,"messageKeys":{}}},"pendingPreKey":{"signedKeyId":0,"baseKey":"BamKrHT+yQPr5RzyTecwe7r7/IQ7ZMpYsHmXbZ3utLor","preKeyId":13624939}},"BfzeY/XS0HFLZX2Kq9IuzxJu7ga48w+mgfXb3H2qoKtj":{"registrationId":1012720057,"currentRatchet":{"ephemeralKeyPair":{"pubKey":"BXn8pq52hst4aRhaqnqdcXosg0L1cq2bR/Y34tWYeSIu","privKey":"cGrNxqJkbOOVpeab0N8Y3PRTtbuFEipPZLAkh2rme1U="},"lastRemoteEphemeralKey":"BcS/Ofb102Zu8aUGAz+46vChtg85jm0IpCYV/644pX1m","previousCounter":0,"rootKey":"PNtJ0xxGK8NlhuglaMkgPxjfgl6Wc45CAO/G7ucS7/E="},"indexInfo":{"baseKey":"BfzeY/XS0HFLZX2Kq9IuzxJu7ga48w+mgfXb3H2qoKtj","baseKeyType":1,"closed":1726582556983,"used":1726582431763,"created":1726582431763,"remoteIdentityKey":"BWBVBMtvTDrRRqUl5NJm+gL3G9iFkW6aAmBX99f0fdEP"},"_chains":{"BXn8pq52hst4aRhaqnqdcXosg0L1cq2bR/Y34tWYeSIu":{"chainKey":{"counter":0,"key":"kPw9ziOOm68lTdODY7aamUfSd1zqKVWctFibDCB9HAY="},"chainType":1,"messageKeys":{}}},"pendingPreKey":{"signedKeyId":0,"baseKey":"BfzeY/XS0HFLZX2Kq9IuzxJu7ga48w+mgfXb3H2qoKtj","preKeyId":13624882}},"BUSqUQJ62tEaiey6vGnWbJfzzEHiT8o+R/oiX7yUBZYb":{"registrationId":1012720057,"currentRatchet":{"ephemeralKeyPair":{"pubKey":"BV+qVZZvkobpgbL+zloO9n2bu+Kqok2pVF/M3oNeiowi","privKey":"8I2yb5bFEOGEkwC/YUHh+jIm3ZDuJDeAgP014Tt+LHc="},"lastRemoteEphemeralKey":"BcS/Ofb102Zu8aUGAz+46vChtg85jm0IpCYV/644pX1m","previousCounter":0,"rootKey":"Eor0txvV5BkC8+tiE0h6sFjiHds22NKhTY+7e39Qkdg="},"indexInfo":{"baseKey":"BUSqUQJ62tEaiey6vGnWbJfzzEHiT8o+R/oiX7yUBZYb","baseKeyType":1,"closed":1726582559168,"used":1726582556976,"created":1726582556976,"remoteIdentityKey":"BWBVBMtvTDrRRqUl5NJm+gL3G9iFkW6aAmBX99f0fdEP"},"_chains":{"BV+qVZZvkobpgbL+zloO9n2bu+Kqok2pVF/M3oNeiowi":{"chainKey":{"counter":0,"key":"sg7yX37/f6ZwUQ3KLPYtHfMP751MkD/byKnLPpJkJ9o="},"chainType":1,"messageKeys":{}}},"pendingPreKey":{"signedKeyId":0,"baseKey":"BUSqUQJ62tEaiey6vGnWbJfzzEHiT8o+R/oiX7yUBZYb","preKeyId":13625571}},"BaEoKv5vNloO6IWg7KktsQTiwyQRlLyTid/htgL96YUC":{"registrationId":1012720057,"currentRatchet":{"ephemeralKeyPair":{"pubKey":"BRh9Za/b7GVK17zXtCvtV/ZPWbEDHr+maqgnEOkn49Vw","privKey":"4P7vxFt+h4jiyl6WzsxWQ6BzxQ6uA/vQ18n9RgSwr28="},"lastRemoteEphemeralKey":"BcS/Ofb102Zu8aUGAz+46vChtg85jm0IpCYV/644pX1m","previousCounter":0,"rootKey":"/WZLezZgZX1h4wH8TpFwYGb1VpHm0ZyKaawyk8KhT2M="},"indexInfo":{"baseKey":"BaEoKv5vNloO6IWg7KktsQTiwyQRlLyTid/htgL96YUC","baseKeyType":1,"closed":1726582607546,"used":1726582559161,"created":1726582559161,"remoteIdentityKey":"BWBVBMtvTDrRRqUl5NJm+gL3G9iFkW6aAmBX99f0fdEP"},"_chains":{"BRh9Za/b7GVK17zXtCvtV/ZPWbEDHr+maqgnEOkn49Vw":{"chainKey":{"counter":0,"key":"ALd39rwXRMyaPUDnqneObVRDTcNDEhq1067Hi4t0AGM="},"chainType":1,"messageKeys":{}}},"pendingPreKey":{"signedKeyId":0,"baseKey":"BaEoKv5vNloO6IWg7KktsQTiwyQRlLyTid/htgL96YUC","preKeyId":13624843}},"BXcALoEOhAfqJYKCA7J4EYnpqdKQzNNCn6K6KPfnFOoA":{"registrationId":1012720057,"currentRatchet":{"ephemeralKeyPair":{"pubKey":"Bbh6lYXjw0DU5x0hWEzPqTGimb3KeXGet7VqE3bNEw0Z","privKey":"GH8Udh2maUAJJtOzuGlpczcVLsfC+348mYeyHH9ToUQ="},"lastRemoteEphemeralKey":"BcS/Ofb102Zu8aUGAz+46vChtg85jm0IpCYV/644pX1m","previousCounter":0,"rootKey":"AOVsvySDqETbEw+ooC5srCmIKWjAvmOO6LuPvAKBz4g="},"indexInfo":{"baseKey":"BXcALoEOhAfqJYKCA7J4EYnpqdKQzNNCn6K6KPfnFOoA","baseKeyType":1,"closed":1726582609786,"used":1726582607517,"created":1726582607517,"remoteIdentityKey":"BWBVBMtvTDrRRqUl5NJm+gL3G9iFkW6aAmBX99f0fdEP"},"_chains":{"Bbh6lYXjw0DU5x0hWEzPqTGimb3KeXGet7VqE3bNEw0Z":{"chainKey":{"counter":0,"key":"eeYSUKITjFDxXvtnK21XlJetUK0Jpqdyqx2Tr8Xhilo="},"chainType":1,"messageKeys":{}}},"pendingPreKey":{"signedKeyId":0,"baseKey":"BXcALoEOhAfqJYKCA7J4EYnpqdKQzNNCn6K6KPfnFOoA","preKeyId":13624904}},"BawJrHMAGkcTrsJWITkkPi1oV1X0+GbDod3/6F7qdZdZ":{"registrationId":1012720057,"currentRatchet":{"ephemeralKeyPair":{"pubKey":"BY6lYZh4HeYFsiIThLRG4FKqKfiwNDlnUjdZowZIUXk4","privKey":"0NXLctbJM69i44VB3izPJdeGYTc3bQQN5lrP/NGLX3Y="},"lastRemoteEphemeralKey":"BcS/Ofb102Zu8aUGAz+46vChtg85jm0IpCYV/644pX1m","previousCounter":0,"rootKey":"a6YgNLDthFBkKfFwgU0efQrCRh3Hxn2xAUNaTfSCTQU="},"indexInfo":{"baseKey":"BawJrHMAGkcTrsJWITkkPi1oV1X0+GbDod3/6F7qdZdZ","baseKeyType":1,"closed":1726582651965,"used":1726582609775,"created":1726582609775,"remoteIdentityKey":"BWBVBMtvTDrRRqUl5NJm+gL3G9iFkW6aAmBX99f0fdEP"},"_chains":{"BY6lYZh4HeYFsiIThLRG4FKqKfiwNDlnUjdZowZIUXk4":{"chainKey":{"counter":0,"key":"wM0/xwUi26ZL5peJwMaa7kyTLM+QrDweJSWM5WTy/xs="},"chainType":1,"messageKeys":{}}},"pendingPreKey":{"signedKeyId":0,"baseKey":"BawJrHMAGkcTrsJWITkkPi1oV1X0+GbDod3/6F7qdZdZ","preKeyId":13625562}},"BZGqj6bN1mHBEH/kqxOC7C60pZgDYDebeHulk9scTkd8":{"registrationId":1012720057,"currentRatchet":{"ephemeralKeyPair":{"pubKey":"BUVIE27LXMUrPs7x5+R8kbl+HFVFzmLGUcZ5FYLa1Stl","privKey":"oNcq+Yl0ExFgOSXqK+Hl2KD++k3gBM+MX+0YdGLC/HA="},"lastRemoteEphemeralKey":"BcS/Ofb102Zu8aUGAz+46vChtg85jm0IpCYV/644pX1m","previousCounter":0,"rootKey":"CZI9oG8LlSbu4/KeA3kb9w+07M/jv7u2UyR2TdwnZ7U="},"indexInfo":{"baseKey":"BZGqj6bN1mHBEH/kqxOC7C60pZgDYDebeHulk9scTkd8","baseKeyType":1,"closed":-1,"used":1726582651961,"created":1726582651961,"remoteIdentityKey":"BWBVBMtvTDrRRqUl5NJm+gL3G9iFkW6aAmBX99f0fdEP"},"_chains":{"BUVIE27LXMUrPs7x5+R8kbl+HFVFzmLGUcZ5FYLa1Stl":{"chainKey":{"counter":2,"key":"jmgV0I44FrRWrIFXlOOJ8246xln19BpXqcXgGT0V++s="},"chainType":1,"messageKeys":{}}},"pendingPreKey":{"signedKeyId":0,"baseKey":"BZGqj6bN1mHBEH/kqxOC7C60pZgDYDebeHulk9scTkd8","preKeyId":13624862}}},"version":"v1"}