{"_sessions":{"BRkFtzdl6HPqOV+yqmh0L0yO5eFCiuSYNKfIWozVAccn":{"registrationId":2005132733,"currentRatchet":{"ephemeralKeyPair":{"pubKey":"Bckt+o0+jxDxyParTzRzHTdDMEQT5NyNZmZNc8MSh6kC","privKey":"IF++ctDKM3NhftDDpyM0wjBIy2qsfPmCQZ3A87+oN0s="},"lastRemoteEphemeralKey":"BTU3WBTuuA3qppm8B2U8Mvd1aXWRGos8hnwFCDmfjGFT","previousCounter":0,"rootKey":"p6qnHr0xU59s95/sW9lSoRDx87ajXb9PIQ9+AMjlIag="},"indexInfo":{"baseKey":"BRkFtzdl6HPqOV+yqmh0L0yO5eFCiuSYNKfIWozVAccn","baseKeyType":1,"closed":-1,"used":1726466498319,"created":1726466453469,"remoteIdentityKey":"BaiW1q2J1TsTru9WoMw9L8FYNdJTa/fRa0e4vQiAvMwj"},"_chains":{"BTU3WBTuuA3qppm8B2U8Mvd1aXWRGos8hnwFCDmfjGFT":{"chainKey":{"counter":0,"key":"CrTTmX/UrVC6cP3XlCasWWTNbNOMx3TnK8illa0bNGM="},"chainType":2,"messageKeys":{}},"Bckt+o0+jxDxyParTzRzHTdDMEQT5NyNZmZNc8MSh6kC":{"chainKey":{"counter":-1,"key":"niwcgUrh7zMHGhRq6Ib9OW/2xejSHJwSXs81K4OvTbA="},"chainType":1,"messageKeys":{}}}}},"version":"v1"}