{"_sessions":{"BQdeB5EECjay4DG1xK77i/HTiArS4uPEN4c05VTL17dt":{"registrationId":837579518,"currentRatchet":{"ephemeralKeyPair":{"pubKey":"BZNIbmSpkjvJ54RRQqGMciEKlxILyeC6vXnMzkBrEDte","privKey":"mDXr9o5eTErREm40IMuowPI7mjb1vJA1zHXnZsiSeG8="},"lastRemoteEphemeralKey":"BQggwbZI0sSlSyWKsrYDMmUTS3YKYvBC09qHgaqk/l1f","previousCounter":31,"rootKey":"sbHzV4MxepneaamRLn4SXZgE0ZxKWiI/DNyVtpXmJts="},"indexInfo":{"baseKey":"BQdeB5EECjay4DG1xK77i/HTiArS4uPEN4c05VTL17dt","baseKeyType":1,"closed":-1,"used":1726582876156,"created":1726507252268,"remoteIdentityKey":"BVqdrKrIIZ3Wi4lorOzRhAYOwCdlQqIQEm8+DeuIt3ZC"},"_chains":{"BQggwbZI0sSlSyWKsrYDMmUTS3YKYvBC09qHgaqk/l1f":{"chainKey":{"counter":0,"key":"QWVEbIGlcm/0+CAk7JXZfA9tz6cgF7xT094mBYXraCI="},"chainType":2,"messageKeys":{}},"BZNIbmSpkjvJ54RRQqGMciEKlxILyeC6vXnMzkBrEDte":{"chainKey":{"counter":-1,"key":"j7+Mbvg1mTO2hKKqiwaPPfbb/2x4C8h+vNaHFwKR5kw="},"chainType":1,"messageKeys":{}}}}},"version":"v1"}