{"_sessions":{"BRG1I5u30cg9fDztCKkY3vL9w69a3cRes7Tf7Bx0sb8P":{"registrationId":248,"currentRatchet":{"ephemeralKeyPair":{"pubKey":"BftNxtbbxkyKASmuK2NeGCO9b6Rc86+Vy2kwnO1JA95R","privKey":"kOAl6MwEod6dVKLTNiVFxwfV5IChY9e6AxYleuVJFmE="},"lastRemoteEphemeralKey":"BRAT8Mcr+XHB6CMj6H4oAl8sDAM6/xOYqX/Hwc9iHC90","previousCounter":0,"rootKey":"fj/73HcC7udEUtE+nU5DrT8weir+qIJKRTVXrip04LU="},"indexInfo":{"baseKey":"BRG1I5u30cg9fDztCKkY3vL9w69a3cRes7Tf7Bx0sb8P","baseKeyType":1,"closed":-1,"used":1726465605099,"created":1726465605099,"remoteIdentityKey":"BfROw68TZfAGDX093aPlbBdvGYpUw3VeNHDXWC9/HBs1"},"_chains":{"BftNxtbbxkyKASmuK2NeGCO9b6Rc86+Vy2kwnO1JA95R":{"chainKey":{"counter":41,"key":"HuG4WgCWo5A+u4uGNPO2fXXZ+HXLiwRu7qn0OWKcZec="},"chainType":1,"messageKeys":{}}},"pendingPreKey":{"signedKeyId":1,"baseKey":"BRG1I5u30cg9fDztCKkY3vL9w69a3cRes7Tf7Bx0sb8P"}}},"version":"v1"}