{"_sessions":{"BVmy/0bI8XN2YyOfHVFraEsIiHI4/0Zq62HqUbXxO+g6":{"registrationId":1673412094,"currentRatchet":{"ephemeralKeyPair":{"pubKey":"BapKheP6Y4koNTwIeA+6IsJXr5Fts2PPqvK38zimrCl0","privKey":"ELUTgBrSGbjAJCV2YGFsnZHmfCYzubSj4NKsY0AnIGQ="},"lastRemoteEphemeralKey":"BeVjWqMcOFuU9MATf+8B2msoG4L+JYUH+W00NkDujt9d","previousCounter":1,"rootKey":"x/UNqJXsrAAoV01juKD7iQGmNh8mNS5TpwjHAOWIjQs="},"indexInfo":{"baseKey":"BVmy/0bI8XN2YyOfHVFraEsIiHI4/0Zq62HqUbXxO+g6","baseKeyType":1,"closed":-1,"used":1726737786451,"created":1726492603592,"remoteIdentityKey":"BbdAxGDRYN1SsWo3kFPEEyPCXUcYIsq6X54Fa595w3pM"},"_chains":{"BaEd9HEcibmzSH83ZiGf5q50rk2KTIB9jz6j9BzHGc41":{"chainKey":{"counter":0},"chainType":2,"messageKeys":{}},"BfaTHESDJZNkGi3eZvsV8LTmeen0OMNi6lNhXmN5mCQq":{"chainKey":{"counter":0},"chainType":2,"messageKeys":{}},"BVztoHSMQVtPNaV4K9EIo6sU1QJDZMNFyHhCFWlZ8ycK":{"chainKey":{"counter":0},"chainType":2,"messageKeys":{}},"BetcPui5lx361iaAedhucchSh1OlCgNaiqrlTJFaeEQy":{"chainKey":{"counter":7},"chainType":2,"messageKeys":{"0":"bUOAIEgqYjeS1he6+VIm3aysLQ2dFQLzUD+bhuNlD1s="}},"BZ61YQrwfEFdciGU7/uL1MqYlL+hSFpZG0PqkzBvDalg":{"chainKey":{"counter":0},"chainType":2,"messageKeys":{}},"BWfNvmXquJ6LQv2ZG50Sk4n96vrB2JB+np0wzVUos98W":{"chainKey":{"counter":0},"chainType":2,"messageKeys":{}},"BeVjWqMcOFuU9MATf+8B2msoG4L+JYUH+W00NkDujt9d":{"chainKey":{"counter":0,"key":"17T73tL91ARtsjF60cDuGhJvlq9xAqdM4etFTTRNSos="},"chainType":2,"messageKeys":{}},"BapKheP6Y4koNTwIeA+6IsJXr5Fts2PPqvK38zimrCl0":{"chainKey":{"counter":20,"key":"3diLykCx3gOtAk6KwUeOhAMEBDfsCUQ4ntnFC9MlWiE="},"chainType":1,"messageKeys":{}}}}},"version":"v1"}