{"_sessions":{"BaaV+TuC3dkMAgBLpBeZxy89wb3twuhtnk7QIJKqd+Me":{"registrationId":7705412,"currentRatchet":{"ephemeralKeyPair":{"pubKey":"Bdfv09PAKWXyr6eddvcDEF/eES7eGLC/mKVurKmRLn4q","privKey":"qIZwCIxxCNZ5p1s58zR91z6MirVa12ejo+Stl1UbWWs="},"lastRemoteEphemeralKey":"Bb5mSwKqzyKwFK8pFDM1elUZhq8vYP1LLblMXMylJId0","previousCounter":0,"rootKey":"9b6369GfG8jPygQPUQnwqwU5mkzGFSTZR/VG4llHzZ4="},"indexInfo":{"baseKey":"BaaV+TuC3dkMAgBLpBeZxy89wb3twuhtnk7QIJKqd+Me","baseKeyType":2,"closed":-1,"used":1726631650012,"created":1726631650012,"remoteIdentityKey":"BcNXWaE/dltiTFPnorye6TWgyh+Kng3iaOa7l1j0M+tY"},"_chains":{"Bb5mSwKqzyKwFK8pFDM1elUZhq8vYP1LLblMXMylJId0":{"chainKey":{"counter":0,"key":"0inopGik+6Ht4B3UKvvwALQSMfPt2y6VWgKf0s1dZlI="},"chainType":2,"messageKeys":{}},"Bdfv09PAKWXyr6eddvcDEF/eES7eGLC/mKVurKmRLn4q":{"chainKey":{"counter":1,"key":"/LH/vw5GsU6pa8A8V56TRqC51cCIcEW2B0hfqEmaXi4="},"chainType":1,"messageKeys":{}}}}},"version":"v1"}