{"_sessions":{"Bfdlpo5JPEaSwEgHZ+N+ka9cSd8rfrrecdVLgc9Bvpkl":{"registrationId":1055809253,"currentRatchet":{"ephemeralKeyPair":{"pubKey":"BW/+MR6x/MPKv33J5N5kVDyZyBJPeP23bix7blMMkTMM","privKey":"OPJZKzWPAbR5upDxdIJuDEXfM5Vfp6fgZsdEGr8X/UM="},"lastRemoteEphemeralKey":"BVkq9Wd69zs9USV5xn/u7d07pma86lSO5I4ycykcJHEM","previousCounter":0,"rootKey":"zR4bcpi2VF8TQ0QdQGbW5j6T8dlvsPlwwNw1Xkb+Wbw="},"indexInfo":{"baseKey":"Bfdlpo5JPEaSwEgHZ+N+ka9cSd8rfrrecdVLgc9Bvpkl","baseKeyType":2,"closed":-1,"used":1726473577859,"created":1726473577859,"remoteIdentityKey":"BQomjFoCXno3VLTUR2EsRDI0U9YzQo/XnsDU6oU7+tU2"},"_chains":{"BVkq9Wd69zs9USV5xn/u7d07pma86lSO5I4ycykcJHEM":{"chainKey":{"counter":0,"key":"CxTycxqLVhpst/S1j2p4yO/A02TBySs/KF7v7GjJr1E="},"chainType":2,"messageKeys":{}},"BW/+MR6x/MPKv33J5N5kVDyZyBJPeP23bix7blMMkTMM":{"chainKey":{"counter":0,"key":"g91PRGvRGZrn1mPw/NqqAbFoZYeXQtuZ3Sr/Pb1ptHQ="},"chainType":1,"messageKeys":{}}}}},"version":"v1"}