{"_sessions":{"BdKJC/KlSPereurrpQoAUNjFtvHS3UU27XIbCpJzxNtl":{"registrationId":2,"currentRatchet":{"ephemeralKeyPair":{"pubKey":"BWb9eEgrnhSyn7GJ4Z5Fl+Q+Wa3+zgTZ5eCiuWmWM1hb","privKey":"yL7Ijh09kpydc23pu/Z7fuWt5qXBzBgN9SJVrPqsP2c="},"lastRemoteEphemeralKey":"BXShyAfGjlUeRsuxS41fqsaSoxnMesSCYVit3sA9n3Mx","previousCounter":0,"rootKey":"wiNj1hWiIn4pl/CcGbwFgEbNjeHz3vMR/XZ2UpSNSHw="},"indexInfo":{"baseKey":"BdKJC/KlSPereurrpQoAUNjFtvHS3UU27XIbCpJzxNtl","baseKeyType":1,"closed":-1,"used":1726492603569,"created":1726492603569,"remoteIdentityKey":"BSP1u4c7XAI9DhK9mwUMYOF2L0OA0gsSlPaYHoMhG4Mk"},"_chains":{"BWb9eEgrnhSyn7GJ4Z5Fl+Q+Wa3+zgTZ5eCiuWmWM1hb":{"chainKey":{"counter":22,"key":"FSDNZdHr9/Jnditk36Np3aK6fJ0NgqmsYI1FIC6LgDA="},"chainType":1,"messageKeys":{}}},"pendingPreKey":{"signedKeyId":1,"baseKey":"BdKJC/KlSPereurrpQoAUNjFtvHS3UU27XIbCpJzxNtl"}}},"version":"v1"}