{"_sessions":{"BYzpqzFx4j3+I6unhYuJgzvuG8ktQOFZGfZ62dUlidw7":{"registrationId":14416,"currentRatchet":{"ephemeralKeyPair":{"pubKey":"BaEcWhHDfjfDZQJRti/+yKRYXkrY/o/0+iZMJqkB8kJ/","privKey":"SL7z7PPejV5VLbQPbLD8+h+/zXLeoyMgkY0KibXGyFA="},"lastRemoteEphemeralKey":"BRZuNZjZhbL0XAB1kcrGXmJ3JjWDUkq7DtYpoVCIw5Ac","previousCounter":0,"rootKey":"/PoTiDBnes71LyJbEeFdBRlAx3KhyRGl5kL9vobky6c="},"indexInfo":{"baseKey":"BYzpqzFx4j3+I6unhYuJgzvuG8ktQOFZGfZ62dUlidw7","baseKeyType":1,"closed":-1,"used":1726465605087,"created":1726465605087,"remoteIdentityKey":"BUWtqO6o+/d3EO5Rs8JE+CH2WAQSHpjqBe0bx4VJDlNe"},"_chains":{"BaEcWhHDfjfDZQJRti/+yKRYXkrY/o/0+iZMJqkB8kJ/":{"chainKey":{"counter":37,"key":"9y/4v8BVgaLAV9DCMO0Omh9WTt0ndOOpsgNvP4JHumc="},"chainType":1,"messageKeys":{}}},"pendingPreKey":{"signedKeyId":1,"baseKey":"BYzpqzFx4j3+I6unhYuJgzvuG8ktQOFZGfZ62dUlidw7"}}},"version":"v1"}