{"_sessions":{"BSoWYPRglyGEY0wiTdRND0qRNhO27lPgZsUfUj97rlVj":{"registrationId":244,"currentRatchet":{"ephemeralKeyPair":{"pubKey":"BZFjf+ut2dXFtDCWymcNpl483tX5Gbv+fQN3anYJ499q","privKey":"aHGCQCJSo1tP3NrDXF0ioCoj+avCYeXJDDaKnryYlkA="},"lastRemoteEphemeralKey":"BTkBDkR+rkC2/mUJh2y0aIeRFDYrK6PDKCnRzd2VIm9c","previousCounter":0,"rootKey":"6ALqnbWW3PBMSamKYkbzEnpJjePAqZMYxY4xOb4dgr4="},"indexInfo":{"baseKey":"BSoWYPRglyGEY0wiTdRND0qRNhO27lPgZsUfUj97rlVj","baseKeyType":1,"closed":-1,"used":1726483493181,"created":1726483493181,"remoteIdentityKey":"BTIu7Q4bFhMTMiRB5/PDQCwQpHtezFY6dtX8oKw8vnpf"},"_chains":{"BZFjf+ut2dXFtDCWymcNpl483tX5Gbv+fQN3anYJ499q":{"chainKey":{"counter":3,"key":"Nvisc8lwsxruwK0LsackUTRfWdszby00unmA4M1PEns="},"chainType":1,"messageKeys":{}}},"pendingPreKey":{"signedKeyId":1,"baseKey":"BSoWYPRglyGEY0wiTdRND0qRNhO27lPgZsUfUj97rlVj","preKeyId":31}}},"version":"v1"}