{"_sessions":{"BfFIYLrQMO3qD406AeQWr+mSJfyylB3y49+Ea09eWQdy":{"registrationId":260475292,"currentRatchet":{"ephemeralKeyPair":{"pubKey":"BVJpz5vjpVJ7YuOwUy5aTBeA9zsLJHciGqcWJQCsVTVP","privKey":"0BIIsDnQBLLi3uUz3rDuhY/6Jpj4V35rQA7+s+Qfyk4="},"lastRemoteEphemeralKey":"BV+VBssnj2zDJlH/jYFB/UghrtU9rFiv4oz0A8YNy2YS","previousCounter":0,"rootKey":"Wtv3kU1Ii+LBp/xSGTEXyxykhaehHnozPeodMy5SlSE="},"indexInfo":{"baseKey":"BfFIYLrQMO3qD406AeQWr+mSJfyylB3y49+Ea09eWQdy","baseKeyType":1,"closed":-1,"used":1726475933431,"created":1726475933431,"remoteIdentityKey":"Be6hiRXWk+irIeBMgTa4TtXRKOVO8zCybeb7fr9nHkh9"},"_chains":{"BVJpz5vjpVJ7YuOwUy5aTBeA9zsLJHciGqcWJQCsVTVP":{"chainKey":{"counter":3,"key":"397dmvTTY9PinJsZCBiUu5x/pG2QJThhn6HW+AoT8qI="},"chainType":1,"messageKeys":{}}},"pendingPreKey":{"signedKeyId":2,"baseKey":"BfFIYLrQMO3qD406AeQWr+mSJfyylB3y49+Ea09eWQdy"}}},"version":"v1"}