{"_sessions":{"BWopF+NJXdoeEOf0+JscaCMtc3PA+Wo/xPmmxEuAYVZl":{"registrationId":878985577,"currentRatchet":{"ephemeralKeyPair":{"pubKey":"BVhZpgBn5RgPuDCCiT3rDsid2MzBU18kaM2bLACVv05D","privKey":"6GtqOlzqlicDz0cYoiQZkyL/+kktB+aKyiIAw+HoTnk="},"lastRemoteEphemeralKey":"Baz50+QylBXFLj3k6YALIdQSmSROfQ8TaUhrWKQ06qYA","previousCounter":2,"rootKey":"RDhwcZwZI59Temnzk+T/p9pON5ObZan7pB/PvjQYeVY="},"indexInfo":{"baseKey":"BWopF+NJXdoeEOf0+JscaCMtc3PA+Wo/xPmmxEuAYVZl","baseKeyType":2,"closed":-1,"used":1726757702452,"created":1726754484653,"remoteIdentityKey":"BcW/fiRe24oy2qd1G4m2fujBM+YuPRuJ17t3ip0UA5Bd"},"_chains":{"BdG+tk0DpeudDU50rnzjc2/KnFMjJ/2Y4wF8MdmYgiUp":{"chainKey":{"counter":0},"chainType":2,"messageKeys":{}},"BXQpVaYY+TzX9XwejGPb+sNUHmoe4bGANez1D8w8SSgy":{"chainKey":{"counter":0},"chainType":2,"messageKeys":{}},"Bdr700dCkfl2vwK6peLVQ5nPMtPKCgZ7q78dix0LPAhA":{"chainKey":{"counter":0},"chainType":2,"messageKeys":{}},"BZIPgQD/d0VJCDjA/tIGWx5kYEnFAAWQFSciliBush1B":{"chainKey":{"counter":0},"chainType":2,"messageKeys":{}},"BT4n346A0OPYPIGF0p6MmKB3sEOp+ORVTlA+A8ExVz5W":{"chainKey":{"counter":2},"chainType":2,"messageKeys":{}},"Bfx9jaz6RZUky+3dtiJj6c/eG4EPe6uc61ubGiTG6IsA":{"chainKey":{"counter":0},"chainType":2,"messageKeys":{}},"Baz50+QylBXFLj3k6YALIdQSmSROfQ8TaUhrWKQ06qYA":{"chainKey":{"counter":0,"key":"Aq5Lfujs1hAhYX8jPhpuJePV+DhN40+U4rKqa+RYxxM="},"chainType":2,"messageKeys":{}},"BVhZpgBn5RgPuDCCiT3rDsid2MzBU18kaM2bLACVv05D":{"chainKey":{"counter":0,"key":"+OkFbylFLdh55Y+59yJyE+GsUG1WYMzPuLUM10jpYFI="},"chainType":1,"messageKeys":{}}}}},"version":"v1"}