{"_sessions":{"BSDkle1EabHepPK45WRgBJG5f15reZg/NxVH4zFK/oUE":{"registrationId":598020189,"currentRatchet":{"ephemeralKeyPair":{"pubKey":"BfQra6Y3PmFXTaDm/Kx6X+/yZhhIr/ndx6TR1H9Mno5Z","privKey":"OAnbhXCVR1JlyMBFeYImy8hwwZRdM8zEldOTBm18hk8="},"lastRemoteEphemeralKey":"BdDqH8KulCfzZekzw8L0/dJZ8/POXwa/jGQtrJejr0IO","previousCounter":0,"rootKey":"fN8EYdNZOapeeS6DnSLvV00cAGyCAq3pVOJtaZJ9OyA="},"indexInfo":{"baseKey":"BSDkle1EabHepPK45WRgBJG5f15reZg/NxVH4zFK/oUE","baseKeyType":1,"closed":-1,"used":1726507252185,"created":1726507252185,"remoteIdentityKey":"BZe1LUQhOQElH8ykKtMjsgrC0OpUyv6fYaeFL8rBEckJ"},"_chains":{"BfQra6Y3PmFXTaDm/Kx6X+/yZhhIr/ndx6TR1H9Mno5Z":{"chainKey":{"counter":31,"key":"8Zl9ADhsIH+5kYRJb0er5rH7O0iHdVFs8Fu7HF9xUY4="},"chainType":1,"messageKeys":{}}},"pendingPreKey":{"signedKeyId":4,"baseKey":"BSDkle1EabHepPK45WRgBJG5f15reZg/NxVH4zFK/oUE","preKeyId":14018610}}},"version":"v1"}