{"_sessions":{"Bc35AFH7rIF+s1OBUEv/+iddmDrPzet6Mfhh4WK8RLBd":{"registrationId":13095,"currentRatchet":{"ephemeralKeyPair":{"pubKey":"BVe7weY34gtubbV3tme3x4gtVSJn2yeIi54HQtaD+pEc","privKey":"QKuwN7iHKM45UeY6VcjeL/xyI+ztA3BBvMjj9TDBBnU="},"lastRemoteEphemeralKey":"BTO6kyzLJZCoPxyRYSYKCgHuw7HPvYCuPafsiuz9PgtV","previousCounter":0,"rootKey":"wPcgXKyI6n7wV+tUnRdryTdZnMOzs/ajQN5UjuSL9W0="},"indexInfo":{"baseKey":"Bc35AFH7rIF+s1OBUEv/+iddmDrPzet6Mfhh4WK8RLBd","baseKeyType":1,"closed":-1,"used":1726747942479,"created":1726747942479,"remoteIdentityKey":"BZhNQJEafabmOz2DUkgetO71rjVPnV8SPXlddbAAWaME"},"_chains":{"BVe7weY34gtubbV3tme3x4gtVSJn2yeIi54HQtaD+pEc":{"chainKey":{"counter":0,"key":"GUfopkNSySYFAIXTUGkfZbBbIgDCnLN+jZHWVjrq1Vc="},"chainType":1,"messageKeys":{}}},"pendingPreKey":{"signedKeyId":1,"baseKey":"Bc35AFH7rIF+s1OBUEv/+iddmDrPzet6Mfhh4WK8RLBd"}}},"version":"v1"}