{"_sessions":{"BVO1y6lI5/Ctav7kTJW5PMsW6fpOeKIlpXBYMAhsAzgd":{"registrationId":24,"currentRatchet":{"ephemeralKeyPair":{"pubKey":"BVY++Qcd5YuimaIBSbp++7oG873hsX/nRcG/lp2sWHR7","privKey":"IG37MfLokpIjEFiodGtV5OEFUYD3u58ioankhefBA3M="},"lastRemoteEphemeralKey":"BU1b2qpMzYB/vIJr0ECuF4DuYVf5kbvRVgr7st0eZe40","previousCounter":0,"rootKey":"O138DtPT4goyX3jU+TIbjzhkZS56UsIBG/hlI910kv8="},"indexInfo":{"baseKey":"BVO1y6lI5/Ctav7kTJW5PMsW6fpOeKIlpXBYMAhsAzgd","baseKeyType":1,"closed":1726466725161,"used":1726465645637,"created":1726465605109,"remoteIdentityKey":"Be+yij1lAPEizLrSbWesGBBIGiQGPyg3fRpLfUuglxoF"},"_chains":{"BU1b2qpMzYB/vIJr0ECuF4DuYVf5kbvRVgr7st0eZe40":{"chainKey":{"counter":2,"key":"LmgJO3phywHTExvJBT02Zw96RoAQjftZn69peNwMi4o="},"chainType":2,"messageKeys":{}},"BVY++Qcd5YuimaIBSbp++7oG873hsX/nRcG/lp2sWHR7":{"chainKey":{"counter":-1,"key":"yqtWv698ESTLagQ9XEDaDoeApc0qxsLAAbmfkWcwCv0="},"chainType":1,"messageKeys":{}}}},"BSEGm+jJuMntmWq6L9oTwVYew6cQChM6qjaB0SRZsj5E":{"registrationId":24,"currentRatchet":{"ephemeralKeyPair":{"pubKey":"BZZS1GWBpRCG3OgfXpes+xMZm2RwaBE5QL2BLnZAoesK","privKey":"SKJTDJN2e8DrMQwaQJgglkW1QqTmqOU/VsAYBm2J+1k="},"lastRemoteEphemeralKey":"BcRGICTNaNoFYIXs/y2TX26OXjBBIMM0B5tZLZCPdDg5","previousCounter":0,"rootKey":"uyF1WGnOtGVcYY2AiCqhqMcU/bz9c3yj+7demshdQ24="},"indexInfo":{"baseKey":"BSEGm+jJuMntmWq6L9oTwVYew6cQChM6qjaB0SRZsj5E","baseKeyType":2,"closed":1726467527575,"used":1726466725164,"created":1726466725164,"remoteIdentityKey":"Be+yij1lAPEizLrSbWesGBBIGiQGPyg3fRpLfUuglxoF"},"_chains":{"BcRGICTNaNoFYIXs/y2TX26OXjBBIMM0B5tZLZCPdDg5":{"chainKey":{"counter":1,"key":"8vGr7LjTL8Wh4MVv0ywgGKpmDmVfjlzdNnfU2BqCCmM="},"chainType":2,"messageKeys":{"0":"qVqcK06FI6qwX4ckb+iJe9/TTW4Uq3//tzjzEGFbAfE="}},"BZZS1GWBpRCG3OgfXpes+xMZm2RwaBE5QL2BLnZAoesK":{"chainKey":{"counter":-1,"key":"NfbOR3MkJ8m5XuYOug41Ols6F0gzByNJc+lyTqn0ai4="},"chainType":1,"messageKeys":{}}}},"BQ0oDRVNp+NhcyWCP9VB1+kaxdLukRub1AAOyzE5WIxq":{"registrationId":24,"currentRatchet":{"ephemeralKeyPair":{"pubKey":"Bfa9YZAA0ct9VevKjYIYM1D7r8uvvxnDp+31Xz+Gyyou","privKey":"IDr8X6mZB02qCZB80iqXGlarkX+DmdE/kE5K9hopk0I="},"lastRemoteEphemeralKey":"BVyyTZhq6wGC4kSoSvz59v+SdtB/YVIAldeKdqD2uJxz","previousCounter":0,"rootKey":"4uTCHLH+1PPW/gv11OU6pqTjhsBKIwLXPv+D02hDqVI="},"indexInfo":{"baseKey":"BQ0oDRVNp+NhcyWCP9VB1+kaxdLukRub1AAOyzE5WIxq","baseKeyType":2,"closed":1726475975753,"used":1726467527579,"created":1726467527579,"remoteIdentityKey":"Be+yij1lAPEizLrSbWesGBBIGiQGPyg3fRpLfUuglxoF"},"_chains":{"BVyyTZhq6wGC4kSoSvz59v+SdtB/YVIAldeKdqD2uJxz":{"chainKey":{"counter":1,"key":"Y0yaPUSIKnNJoR1o0AZKro3VeYy63pd9baEBfRhfbCQ="},"chainType":2,"messageKeys":{"0":"qroimNGcEfsFEG+QAi81/S8FEObNYndIwBPVGOQ/Ev8="}},"Bfa9YZAA0ct9VevKjYIYM1D7r8uvvxnDp+31Xz+Gyyou":{"chainKey":{"counter":-1,"key":"TbuuzWn2F4lGx5Ft2XltMxWGx/HVCYbcXwFTw7XEv0Y="},"chainType":1,"messageKeys":{}}}},"BWoiZ+juEi7saRApJFDEXeYwh/bbPr6ShTjzyFLnPYhY":{"registrationId":24,"currentRatchet":{"ephemeralKeyPair":{"pubKey":"BUgiDCjP+grgC9yAjFef7Ty1nk7HrpZ2S+O3A3JboeE2","privKey":"0E4XwkGIOEzrJys34O6OUWGb/A2djOzikrOOC0WrTFE="},"lastRemoteEphemeralKey":"BU8lscvSU0DqTWlwHXvY/wCAKZPThTIMZuHFChxPdNIW","previousCounter":0,"rootKey":"6ZfYXjLoATslw9I/TicrYtu8oPQ1E2lYkUermLg9VR8="},"indexInfo":{"baseKey":"BWoiZ+juEi7saRApJFDEXeYwh/bbPr6ShTjzyFLnPYhY","baseKeyType":2,"closed":-1,"used":1726475975758,"created":1726475975758,"remoteIdentityKey":"Be+yij1lAPEizLrSbWesGBBIGiQGPyg3fRpLfUuglxoF"},"_chains":{"BU8lscvSU0DqTWlwHXvY/wCAKZPThTIMZuHFChxPdNIW":{"chainKey":{"counter":1,"key":"2QV9DDVEa7zhx5i/6oXp4Z7M0nGDoNKx6mlxqPuPw+c="},"chainType":2,"messageKeys":{"0":"ymHhLQW//tjFatkM8PWE2KNXi417M9o7pUE158zOUng="}},"BUgiDCjP+grgC9yAjFef7Ty1nk7HrpZ2S+O3A3JboeE2":{"chainKey":{"counter":33,"key":"wEdKwGBC9CBnzjKDw0IlmYXkMMA0x/c5O7PVEVwfDX8="},"chainType":1,"messageKeys":{}}}}},"version":"v1"}