{"_sessions":{"BSVs4LieYdT43H9FC4bJvspETZbNOQEuXw5NSDsJzBId":{"registrationId":1889273886,"currentRatchet":{"ephemeralKeyPair":{"pubKey":"Ba3NgHhiNHOmabBG3WQoBPOyTRxXVm7RXl4hDAd0DcQY","privKey":"eFOnTCNH5ZefFMvUmKrxyXm1wZusIc7fiKFYg+nHL2E="},"lastRemoteEphemeralKey":"BWvLZHOWI+Nwy/Ao9xN/SvH3z896+wWDeqaTfFjrlewk","previousCounter":3,"rootKey":"zWEQtE9NalxGEJDQVECAoqlBYRPw0qDAoMpsQ/XiP4E="},"indexInfo":{"baseKey":"BSVs4LieYdT43H9FC4bJvspETZbNOQEuXw5NSDsJzBId","baseKeyType":1,"closed":-1,"used":1726683153143,"created":1726465605185,"remoteIdentityKey":"BejCfsCb/G5OBCBN2zWcNrU+c7w26Ok8IRv4Ikl3lUo3"},"_chains":{"Bb+fnV/VU30TZI0NTODO7n41I98q/RHOcQmsv8ZxnfAU":{"chainKey":{"counter":1},"chainType":2,"messageKeys":{}},"BVidWLFVsMPpb4Ym8aCpr2b5wZYbew20dhlTyRfuhvFT":{"chainKey":{"counter":1},"chainType":2,"messageKeys":{}},"BTWuDqgFcavs3LhRnqbK6oXywilRvF3hDMnBPM2R9dwa":{"chainKey":{"counter":0},"chainType":2,"messageKeys":{}},"BQEiQEkVvHGKdBBcRiIVCjJ2XMTjcQwSYptMg5+4nVte":{"chainKey":{"counter":1},"chainType":2,"messageKeys":{}},"BTwZRLBScwNNDwk1NYOSSAax08VlKCxYCnxOxy1Rw8Vb":{"chainKey":{"counter":0},"chainType":2,"messageKeys":{}},"BWvLZHOWI+Nwy/Ao9xN/SvH3z896+wWDeqaTfFjrlewk":{"chainKey":{"counter":2,"key":"hvwf03sBcna3mQC4oySlbWhwQIbiLGQatDWVOElXNwI="},"chainType":2,"messageKeys":{}},"Ba3NgHhiNHOmabBG3WQoBPOyTRxXVm7RXl4hDAd0DcQY":{"chainKey":{"counter":0,"key":"9tUvY8GC5+y8JHLdoiUPFJsob4EhXY9lUAjp7MZ/i10="},"chainType":1,"messageKeys":{}}}}},"version":"v1"}