{"_sessions":{"BYvVKKA2ebSieGfsnuGWN1UACYDSFvY3OynRY1v5P8kF":{"registrationId":1559520757,"currentRatchet":{"ephemeralKeyPair":{"pubKey":"BQRXm1h8LZLa1kdabt2DjYIuKP4r5Y1g3a1bReWZm01Y","privKey":"AE6C5yG/mDge6brj8NOvmhwkkSVgWvuBqjF0fTTtL1M="},"lastRemoteEphemeralKey":"BQaHdDMTOAv8BSPI6lQze85RDNlo44FtzDzWf9XNWHBm","previousCounter":1,"rootKey":"ZhQy60dUppikLdmuM3SEb4MRgsaNN3hIsMoYepnf9JI="},"indexInfo":{"baseKey":"BYvVKKA2ebSieGfsnuGWN1UACYDSFvY3OynRY1v5P8kF","baseKeyType":1,"closed":1726753964587,"used":1726753915761,"created":1726581028836,"remoteIdentityKey":"BQ+0bFloA5qLyoi764wqMbT61whD698OOpYIEHacP6l0"},"_chains":{"BVpr3B7ecwJQDCGUEw99KOC01WxemIfX+Pord84U/FUj":{"chainKey":{"counter":0},"chainType":2,"messageKeys":{}},"Be34ZKlCwjnP1IuGZIsP3B8sZ01WLgk6w5jgm3kEt3gs":{"chainKey":{"counter":0},"chainType":2,"messageKeys":{}},"BU/waZfF1E7dPpQYPtvApvEIv52Nn42oRt/37fZ0sv4g":{"chainKey":{"counter":0},"chainType":2,"messageKeys":{}},"BW9KoJKVzbvbr2+/PMx1d36YBr51+uO0yD8XUzvSXB5C":{"chainKey":{"counter":0},"chainType":2,"messageKeys":{}},"BReoqRsLgfyDdQxiTQgC2Qmze+zlarB7OZ8Drgx6gSl7":{"chainKey":{"counter":0},"chainType":2,"messageKeys":{}},"BQfGKvnedIuZZZ8RzxXUOxznGm4ls+DguHnd0pG3RQ4Y":{"chainKey":{"counter":0},"chainType":2,"messageKeys":{}},"BZQimu/xuD6fYoNraWk54LYrKbmNQiCfjy4yldvOvgxp":{"chainKey":{"counter":0},"chainType":2,"messageKeys":{}},"BbH41EkWbQVWmLmaIvbd+4CEeUcCqotKtg9hNQe7LdM6":{"chainKey":{"counter":0},"chainType":2,"messageKeys":{}},"BX9tltQomf/+rzTquPTXkLHTvLuA9fTBcxfDeDYJjOEg":{"chainKey":{"counter":5},"chainType":2,"messageKeys":{}},"BSqpWA9atngXDGKR3vTOxzXcB6krLi9cwTcDw9XWwEpY":{"chainKey":{"counter":0},"chainType":2,"messageKeys":{}},"BYIdA7yYeucdlC0SH4co04orhiUCLafzSznvGFhTWLc4":{"chainKey":{"counter":0},"chainType":2,"messageKeys":{}},"Bb+lPlY+S8FKOBdqw0pIdwefEOcWv3sYw9f4vD+nSLci":{"chainKey":{"counter":0},"chainType":2,"messageKeys":{}},"BcGanqgZc7eejt3YyHSUDZ0giygqHXvTp6yeIQ8Twmoe":{"chainKey":{"counter":0},"chainType":2,"messageKeys":{}},"BapGfZh2gHY+lxsAeUS4Y6h+atbAGVJ47Jv7oS8iNH5H":{"chainKey":{"counter":0},"chainType":2,"messageKeys":{}},"BS/lxtWZk5pnU95gE2QAPgRkp70fcJdUDN/i9fqKNEA6":{"chainKey":{"counter":0},"chainType":2,"messageKeys":{}},"BbtxGygi7CNfs8TBLVxqGfdBMvy4u2CSPJbablgRY7ox":{"chainKey":{"counter":0},"chainType":2,"messageKeys":{}},"BdXrzuHxXTUJbtjjqgf0Bc9/uGjJW9wyW49mya4TFeMY":{"chainKey":{"counter":1},"chainType":2,"messageKeys":{}},"BY4DvLQs4z5Fra5DsaBhHnGqDyx2n+6ZSh6m/IWsgPAY":{"chainKey":{"counter":0},"chainType":2,"messageKeys":{}},"BbGoIDxnHk2bWkoR4Namwn6g7+veXQR/DYUyj3o2JQ8+":{"chainKey":{"counter":1},"chainType":2,"messageKeys":{"0":"5YKYIIy/ofOnJWCO46eE4A4L4kMtdDbLqC2KI7/eMro="}},"BVK5szGCgExvFjQMUKZHKLqcZoljPbJm/qjMcde5iGoO":{"chainKey":{"counter":1},"chainType":2,"messageKeys":{}},"Bcf4iUsHZwyQkrMjuhsrFDDD/GNi5SE1sHjYfKR6LqVr":{"chainKey":{"counter":0},"chainType":2,"messageKeys":{}},"Bdy5Vl9SwsUpuXxgVIyKhwDoqkTZzcbyiHV9Gxff1Bho":{"chainKey":{"counter":0},"chainType":2,"messageKeys":{}},"BY8GkNcM2+1YOcykrx0B3zuxduQgp9t2001snLlu4U0B":{"chainKey":{"counter":0},"chainType":2,"messageKeys":{}},"Bd+7vFX4pDDvq4zvVs5Nu5lPWPjgkfeMTJOuKqsUShIm":{"chainKey":{"counter":0},"chainType":2,"messageKeys":{}},"BSlObkb0YSPSm6Ga6fetAiFUtf1ffzF555LZSbvKUagf":{"chainKey":{"counter":0},"chainType":2,"messageKeys":{}},"Bf8+gTgIDeBGOFA9oiFAJ2Ye4qLEE0nes0anZ6BCcNdq":{"chainKey":{"counter":0},"chainType":2,"messageKeys":{}},"BUr1TeChaEiLGBdjRd7ISrWRJKoLhHQf1wFbEx3EF19t":{"chainKey":{"counter":0},"chainType":2,"messageKeys":{}},"Bedsv5ww/0twpGyKbTJHgb/9lOweYyqZ4xnd6EtKWYRF":{"chainKey":{"counter":0},"chainType":2,"messageKeys":{}},"BVuO+vf1PoVqKyyFMizFHl1W1WxYfz+YU9DSD/asYeNM":{"chainKey":{"counter":0},"chainType":2,"messageKeys":{}},"BTBXf6fzIRIV7cy8BGNsznICbAm1MK96/SeQKFiDpho1":{"chainKey":{"counter":0},"chainType":2,"messageKeys":{}},"BTIXTP2xgn4U4T+0ZwKK8GTZIVlcVKzHt01L4zCSkDx/":{"chainKey":{"counter":0},"chainType":2,"messageKeys":{}},"BTc9GR+NwC/tZOIHDSATUrQFdhIkkx3hW6acLRf1VZFs":{"chainKey":{"counter":0},"chainType":2,"messageKeys":{}},"BYWSuedCTdd105j2ma630zieo8bMGGNG4UI8aaRIzERk":{"chainKey":{"counter":0},"chainType":2,"messageKeys":{}},"BfrzCU5rNh13/sdwJHWQMlFmDv3bdZa/xqNDtts5ChZ4":{"chainKey":{"counter":0},"chainType":2,"messageKeys":{}},"BUMAvlqfgHxcqma+W72JzaoeeiLtLpkGgt9bCofjjkci":{"chainKey":{"counter":0},"chainType":2,"messageKeys":{}},"BSgMdWum6vYWsGLE9UyEG/ovvYy2/79Kp2qWVl7Aksw0":{"chainKey":{"counter":0},"chainType":2,"messageKeys":{}},"BbEF9Hydq6nAyrkUT5jRvacJgM6Q1dcmi7DjIiBHC1xc":{"chainKey":{"counter":1},"chainType":2,"messageKeys":{}},"BfjtWuMXWXrzArYJeoLTGEJaMCbsxCidH5ijGk8x1LZP":{"chainKey":{"counter":0},"chainType":2,"messageKeys":{}},"BYv66em4VRFBNXOrMNrC9y42I+C1mhTDfK4dZtOl+Sk5":{"chainKey":{"counter":1},"chainType":2,"messageKeys":{"1":"O54yHGyjnunwYMCDbFC+C8jLO+Q1nPemlVFWxSP/OLk="}},"BSIG+IJF0KAtYHtgPpxvc942BNkMhpxAWMImry+vjkJG":{"chainKey":{"counter":0},"chainType":2,"messageKeys":{}},"BdAA8BGEpMO1cFfVaEPTujfQtN4pOiEJd/7nLLIfer8x":{"chainKey":{"counter":0},"chainType":2,"messageKeys":{}},"BRQ5WLOSekU9rB0VjaNxnH9FWbHewYJ+shBoVXf2poUr":{"chainKey":{"counter":0},"chainType":2,"messageKeys":{}},"Bemkq/243xn9DCMHW+Nl1dD4ijDU0hB284mGGbnCr/cp":{"chainKey":{"counter":0},"chainType":2,"messageKeys":{}},"BX1koaxv50L0s6RfGvapZdhZL2jFVW8UV588PeXtQbkY":{"chainKey":{"counter":0},"chainType":2,"messageKeys":{}},"BVuBUbA71fpl5jAJ9HbmpxjNsG9bsdsZEBJy7JG9y1sn":{"chainKey":{"counter":1},"chainType":2,"messageKeys":{}},"BZ/fRds/VA4ayakcAx4ZnlMT0ZwofLYmn3OStIGpkDt0":{"chainKey":{"counter":0},"chainType":2,"messageKeys":{}},"BT02cu2i4lZF6ZMBC7FVahmaWox/mxWTMP2hvEZ2QUF0":{"chainKey":{"counter":1},"chainType":2,"messageKeys":{}},"BYuipnq7nGEIUhlDV1ya9BbRoDYH9JrOKpLhfY/37+NN":{"chainKey":{"counter":0},"chainType":2,"messageKeys":{}},"BaHJUll8lG5J0ROj92G0mpYnAFM/dRISivXpp/HCTywg":{"chainKey":{"counter":0},"chainType":2,"messageKeys":{}},"BSz2RDcmLTtTEvvmP7uQZ7bUyjv5TJHIXpEw6ItouA9q":{"chainKey":{"counter":2},"chainType":2,"messageKeys":{}},"BSJkjhsIILEmsElytTO3J2XKCDLGeqQrIH0O93QPLpwo":{"chainKey":{"counter":0},"chainType":2,"messageKeys":{}},"BdEISGeXkGC71J1f8orF3W6Ojlke5s8WoKkF4xcCdp9r":{"chainKey":{"counter":2},"chainType":2,"messageKeys":{}},"BV9A9SgDEDt5mx/yTCcwdM2Vv1Mlotp8PxtMt0nPmyMt":{"chainKey":{"counter":0},"chainType":2,"messageKeys":{}},"BVkSuc4rBx3HyQNl8vy/YXosw3LUsK4fGS70vPGlEWhD":{"chainKey":{"counter":0},"chainType":2,"messageKeys":{}},"BSQG/IFR08hFOnXSnhmXEtKA2C1PoKfoOkz8BXD28T9g":{"chainKey":{"counter":0},"chainType":2,"messageKeys":{}},"BTi7cmAHkrD/Vl2WXeE19WRURFKFK38ZlFzFsnbO64IK":{"chainKey":{"counter":4},"chainType":2,"messageKeys":{}},"BTfFiYyXTxXavoPG8yWdWC9I3Rtef+wVQRmfV5tT+r8l":{"chainKey":{"counter":26},"chainType":2,"messageKeys":{}},"BVSYuplswhU1QXZmPVWiVmoW1MZJ/qJYP7+RXY/6GeRP":{"chainKey":{"counter":0},"chainType":2,"messageKeys":{}},"BVq2MK6xI/UewvbXd89aOMHGd3EkXnIKqVi6wsHStulb":{"chainKey":{"counter":0},"chainType":2,"messageKeys":{}},"BYK5YgjDWOD4jsYFNHaAf/dxG7rZ7FfbSDSa4c/VcIJL":{"chainKey":{"counter":0},"chainType":2,"messageKeys":{}},"BXlau90o1B4Nav64sE8cxkSat6oBiLpjwQyyAe1xIIwy":{"chainKey":{"counter":0},"chainType":2,"messageKeys":{}},"Bb9uxG+eiCh3KiEt/iVhl3LoTJAa0/U+khIxIT4NGM9j":{"chainKey":{"counter":2},"chainType":2,"messageKeys":{"1":"vC7LddCeafGHDdxzeGyuSJEkWezVbN0DhWN5DJI1c+I="}},"BZCP3jpVXEbthwrVu2tcB3DdsSmBlkRKcbVPlSkFmPp3":{"chainKey":{"counter":0},"chainType":2,"messageKeys":{}},"BZOxaQBOQ6kMtnJGeRMiJZvChJ9qpBXTruhI43LNfBxk":{"chainKey":{"counter":0},"chainType":2,"messageKeys":{}},"BRm9z+vEhZk9iTXk52YE3KunNkotVWrV1IkujJXZIcoA":{"chainKey":{"counter":0},"chainType":2,"messageKeys":{}},"BcHwkqz54g83SgZQggXekdVHJ2eS6rzA1Qkru9GYoala":{"chainKey":{"counter":0},"chainType":2,"messageKeys":{}},"BUcPe5+uagkl+PSUtLfRoDpw73Pb2pQdWovbOMalvl8O":{"chainKey":{"counter":0},"chainType":2,"messageKeys":{}},"BUlloz74vN2ZWWQR0eOREhEAfPswIovfbdkvITUxDXh3":{"chainKey":{"counter":0},"chainType":2,"messageKeys":{}},"BdWurVRB5CUk/i0TEH8nF9GsjS3mR/kB/acC7d1DE1t7":{"chainKey":{"counter":0},"chainType":2,"messageKeys":{}},"BZLHrEtJxG+xK2IlXISVI3R1qHtjyOYScoE7hSIse0ge":{"chainKey":{"counter":0},"chainType":2,"messageKeys":{}},"BXddL0kgX3huJ5AG2nkGQ592Xu34rDA2/EpNUWJBcu9l":{"chainKey":{"counter":0},"chainType":2,"messageKeys":{}},"Bb+ga6DO3FQos65xrnF8C8SnRo35IqxevMtSVgnYkjkS":{"chainKey":{"counter":0},"chainType":2,"messageKeys":{}},"BZ1Vqa+S48RKYBau+fIW62fpbp7D6zkb9RA879qQHWo4":{"chainKey":{"counter":0},"chainType":2,"messageKeys":{}},"BWQzPitU9BR43CkVDyoRyYfXiPwLFBw1ZDsJ+UfWgb8d":{"chainKey":{"counter":0},"chainType":2,"messageKeys":{}},"BYTY/MLsrVijeaMLdM4zjDGzxwt7neU1d7Z8basNlPg4":{"chainKey":{"counter":0},"chainType":2,"messageKeys":{}},"Bc5pPtXMZF1MosuNsf7NnsycQxXPqMPa3IXSZmhyl+UO":{"chainKey":{"counter":1},"chainType":2,"messageKeys":{}},"BYEyH81gbFv8EqJEq6/66nsYkiqKO5B55IpTMXXbmWwI":{"chainKey":{"counter":0},"chainType":2,"messageKeys":{}},"BWfhZJlNq4ZDvgditusE1TKGuZqAzD1rS6AGRR+QSFtF":{"chainKey":{"counter":0},"chainType":2,"messageKeys":{}},"BU/0vxHW8jA/qoJ0wCQteDeD/9ySL3tvGGFPDUTsrmIJ":{"chainKey":{"counter":0},"chainType":2,"messageKeys":{}},"BcIA2t30uCs/3bjMEtb1AyXVhWC1ekwdguuzn6mdTsxz":{"chainKey":{"counter":0},"chainType":2,"messageKeys":{}},"BYimNixxuodbGj+3jBB32VNrJSP1c4/Osp8d/yRz+91I":{"chainKey":{"counter":2},"chainType":2,"messageKeys":{}},"BSOG08BQg7KMec9OfHmQmkAKFHM+FYr1d2tyR0KoUMRd":{"chainKey":{"counter":1},"chainType":2,"messageKeys":{}},"BaLkdo9dm04msdq5vq+U5NQH4g98kP8/Vj/TVM2ZkQF8":{"chainKey":{"counter":0},"chainType":2,"messageKeys":{}},"Bf7+tDhHbSpvuatqIEoYINRARFBUTYZ2JTtrWQEKaZkR":{"chainKey":{"counter":0},"chainType":2,"messageKeys":{}},"BcHycjVc1lXHDPRFqlxJX9YtCGxhaqosfEth9z+s9UBy":{"chainKey":{"counter":0},"chainType":2,"messageKeys":{}},"BRIQh9fcTcpmaDjYB1QwWVeZUaJhBGzCr8oWh1fgHHJZ":{"chainKey":{"counter":0},"chainType":2,"messageKeys":{}},"Bcz332/VBxMsysqLl4VELovZO9oFvfZ+aVTRk0DmRnxU":{"chainKey":{"counter":0},"chainType":2,"messageKeys":{}},"BRx7+SQDhkCiiZUJyWWeu/271GB0ZhMHvn9CZeIju4xw":{"chainKey":{"counter":0},"chainType":2,"messageKeys":{}},"BVky9VcFiSWUeAW4NHbZ+RHS7UgMPt6VP57378swEo5x":{"chainKey":{"counter":0},"chainType":2,"messageKeys":{}},"BRHUJlgyULujSmWozMqYHunJsGO5JfMFG2ZMMQaexq9a":{"chainKey":{"counter":0},"chainType":2,"messageKeys":{}},"BTG/ZSCkt+1J13fWrfin4P6C4kqrnD8GS3VIBYugNUsY":{"chainKey":{"counter":0},"chainType":2,"messageKeys":{}},"BSdhLIiZixkMcmf97ZLPaGxL1xxqmPNpMpfC/5gvXwAL":{"chainKey":{"counter":0},"chainType":2,"messageKeys":{}},"BcTLSsDtpATJw/hbcDW36+eDG2pk/9OCIRgXp+8gy3Ux":{"chainKey":{"counter":0},"chainType":2,"messageKeys":{}},"Bd4B4uSrqePwV3W9sJc77oQ0JiXbbGrrIWfFCNt+WQ4B":{"chainKey":{"counter":0},"chainType":2,"messageKeys":{}},"BU5QAgEnfzZC4x8DqjyemBAc+KPoq1Xr6Iwi5Bpks/RC":{"chainKey":{"counter":0},"chainType":2,"messageKeys":{}},"BUfWDu79RHD9MaDI8uJSZtXnS9/SvH/E6ic2hvzARAwW":{"chainKey":{"counter":0},"chainType":2,"messageKeys":{}},"BcbGptcTwJWZF4iKVDULUrtd1q0g0rBl08jXiDMJ9ug3":{"chainKey":{"counter":0},"chainType":2,"messageKeys":{}},"Ba+XyYwiswk0AckNJmf0KAP6UtdB3sC4SlrwihfZlGMt":{"chainKey":{"counter":0},"chainType":2,"messageKeys":{}},"BYpFCGGaxq8bnmEgwqMyjyHDMQEQgDcq0lv1M4vihxBg":{"chainKey":{"counter":0},"chainType":2,"messageKeys":{}},"BduBrfF4vk5dnxrJ2Y0DDYT4hU7re5eqPMz8dA7MO4J9":{"chainKey":{"counter":0},"chainType":2,"messageKeys":{}},"BeqWQX/MRQLm3IlOPtHAvn6sqookhfw5wa7tPOa+eG0K":{"chainKey":{"counter":0},"chainType":2,"messageKeys":{}},"Bdhg4ozJde5K+6ywTh4e0P57LCZeRq0T9dcUUD4a94FM":{"chainKey":{"counter":1},"chainType":2,"messageKeys":{}},"BXbB2xzTFrT0VMosDfrxU7wbglJAe8Difh0JDuZ5+Cxe":{"chainKey":{"counter":0},"chainType":2,"messageKeys":{}},"BVU8K1rkJkQQN+iVcHsQHEm5inGO9Re9z0u0ojVQbC1k":{"chainKey":{"counter":0},"chainType":2,"messageKeys":{}},"Bdafi/HLu0bmX4ERd+bakBoQ5bM8lh/v/pb6ETgY4Vpc":{"chainKey":{"counter":0},"chainType":2,"messageKeys":{}},"BQHi7YeU1bgkoNa8ZKHFT02BiGp3fLXrYqQicnlA1Ipq":{"chainKey":{"counter":0},"chainType":2,"messageKeys":{}},"BcRsv8l5+orVfDx9LQl9kiC+r81apnVcpkaAlmmVjidn":{"chainKey":{"counter":2},"chainType":2,"messageKeys":{}},"BRZqHyRIwsU2ov3WTQAEvzztobAoTew7s+h7HHVBoptK":{"chainKey":{"counter":1},"chainType":2,"messageKeys":{}},"BbWN8SrKhisCprSES47U1T2hhkRctEmB/W1H+zMztsZo":{"chainKey":{"counter":0},"chainType":2,"messageKeys":{}},"BdYcC46DvU/dlwstnJh9QMty9EVnmpQ1dO6VwxHXcSoo":{"chainKey":{"counter":1},"chainType":2,"messageKeys":{}},"BZzYRsb3BtXK2WzttfZzATtnDLKVp0KWt5uRocUJFI1G":{"chainKey":{"counter":1},"chainType":2,"messageKeys":{}},"BZzkQxzAaKHCPaJKW66Agq/cjMMxOkQccfneMj7o++Fd":{"chainKey":{"counter":1},"chainType":2,"messageKeys":{}},"BURu/zIc37avwNX7elq9e0q4GRgVSSqW1wz7tuyF+/AC":{"chainKey":{"counter":0},"chainType":2,"messageKeys":{}},"BbKWTq//fFAe+i5Ti5EBorujqCdejT7XmgkuaGI2mOEw":{"chainKey":{"counter":0},"chainType":2,"messageKeys":{}},"BSfZcsT+lDmd/DtXCI+w+6vU/4iuCUF7ILOWEbPajC15":{"chainKey":{"counter":0},"chainType":2,"messageKeys":{}},"Bad1A1lcFZ+RUEtRrLBdFz7KUBnjppoKYlKEtIRQ1FsB":{"chainKey":{"counter":0},"chainType":2,"messageKeys":{}},"BTN5atEvcamdm5jfDl6H5L6vRLvTDk4DnDGSjN+RY9RU":{"chainKey":{"counter":0},"chainType":2,"messageKeys":{}},"BTWocab3q1+mPiLu6yt9qxm8xDzAc+Qmr4VaygBxBkw+":{"chainKey":{"counter":0},"chainType":2,"messageKeys":{}},"BVffHtcizhHLN7eRkhdDrM12ZzousYn51PieP6+r43dY":{"chainKey":{"counter":0},"chainType":2,"messageKeys":{}},"BW7tDtlWI5UDzkoJusTr7bNTxuslo75PtoaBb2J7k3dt":{"chainKey":{"counter":2},"chainType":2,"messageKeys":{}},"BazFg0uSHDemlIdO4jsejdmqT+EOp9jmW4mVUCSaML4E":{"chainKey":{"counter":0},"chainType":2,"messageKeys":{}},"BSJ+NQ643u6IIY6JKS6iSciRsj6ZT/9q34oPnC9rwEEF":{"chainKey":{"counter":0},"chainType":2,"messageKeys":{}},"BXdZtskBN3YqQYMc+VRtQIGjuv6hU0+K9FMnIEstIyE6":{"chainKey":{"counter":1},"chainType":2,"messageKeys":{}},"BUwYcbU/S7BH6TPZVTyrzfFKvyaN8ejS5CDsUv2JtfRS":{"chainKey":{"counter":0},"chainType":2,"messageKeys":{}},"BRXwK4Vp3LWiOuU34GaUHg5LFilBdth5zcAJRG4IuJRi":{"chainKey":{"counter":0},"chainType":2,"messageKeys":{}},"BXtx9NL2FVzn36PyxXzYJ632T8oHgO0TY5uArGkuYzg8":{"chainKey":{"counter":0},"chainType":2,"messageKeys":{}},"BQhzdhqO2NLr3kizwX7EAL4Vqdr/Gy6/PPOUmWi0dCVV":{"chainKey":{"counter":1},"chainType":2,"messageKeys":{}},"BR4hGpdoBGmvemwqdAlP1jkq/G5oZRT6r9v2D6/gZX40":{"chainKey":{"counter":0},"chainType":2,"messageKeys":{}},"BQHqZYDDlmnaNKVSGGvFUbTzgM21kqOA9jpwMzrfuMor":{"chainKey":{"counter":0},"chainType":2,"messageKeys":{}},"Be6Qf++49muF4teoRzFiXLi2qcOzAUm4ot0xCf3acbYd":{"chainKey":{"counter":0},"chainType":2,"messageKeys":{}},"BQZ10iIzqw0jTx6JIuPwzkkE3PhamhjK28ZGoDYJMYMM":{"chainKey":{"counter":1},"chainType":2,"messageKeys":{}},"BfJLoSwuZnTfn+/qlpXbdhU4IejwQPoBtzX01BU9loMO":{"chainKey":{"counter":1},"chainType":2,"messageKeys":{}},"BUdiwOR4Q63Y1zRxlK0cF4/ep1pX6DTYpJCPnga8WScm":{"chainKey":{"counter":1},"chainType":2,"messageKeys":{}},"BQk5ybMmXVdrh55aiuNbNFSICQW9zbbhFnjdqO7mKM1V":{"chainKey":{"counter":0},"chainType":2,"messageKeys":{}},"BTPzMOKq0B+DR0C4GVz0KgV5dBtdV6OFEMDlyMHcHqVN":{"chainKey":{"counter":1},"chainType":2,"messageKeys":{}},"BYaALpfUQL1cojcQTZwpL6R42uFyjjZRg3MCEs5Hgp9s":{"chainKey":{"counter":0},"chainType":2,"messageKeys":{}},"BUwVVWduJ5LP2Gcqc2iVm4kI8j5le1K6Br33CnoYTsdg":{"chainKey":{"counter":0},"chainType":2,"messageKeys":{}},"BQlSOpQsE05HYW6G5UHa7+ZoOzaIvkI7Pz+3sC9VMT9R":{"chainKey":{"counter":0},"chainType":2,"messageKeys":{}},"BS9mxbgS6B//aFbBON3RDdnZoMQl6vP1DoMSAsnJb+sA":{"chainKey":{"counter":1},"chainType":2,"messageKeys":{}},"BV6a/18TOI8fG/RrHLbEohwuM8MOFNgfH3iQt5vEoG9Q":{"chainKey":{"counter":3},"chainType":2,"messageKeys":{}},"BftkDXPFsAcrsnMYN8Rwi+rKbSUD5cMZqdqpUkwF7P9B":{"chainKey":{"counter":0},"chainType":2,"messageKeys":{}},"BQzmLopuzsInDTlEZInx1jFseTKoA3jM9eXLH44UbBR/":{"chainKey":{"counter":4},"chainType":2,"messageKeys":{}},"BcmYgfa0PzISav/v72GcHP5hsrrW5rT2CTXWb2MYeCJX":{"chainKey":{"counter":0},"chainType":2,"messageKeys":{}},"BYtLkoIJWN65n9s2ZWvw6v51G16EH/GNPjqLQey5UaZ5":{"chainKey":{"counter":0},"chainType":2,"messageKeys":{}},"BecB+ns6KXB+eUcxL4T/Lxbpb3707vOOM2ph1VvsxG0+":{"chainKey":{"counter":12},"chainType":2,"messageKeys":{}},"BdQNqI87ALiCVlEumv/HN3MojvkAfYgY8bCg5qMvK3E6":{"chainKey":{"counter":0},"chainType":2,"messageKeys":{}},"BaVjRlcwM5fXPT4ugh1mZYRjH/WeY1n8FHgkBg8da3dm":{"chainKey":{"counter":0},"chainType":2,"messageKeys":{}},"BX7Sq8iXLrUiSTPXvh4pUIIcLE7Ri8QJsq35Kph6Fr5r":{"chainKey":{"counter":0},"chainType":2,"messageKeys":{}},"BdOWVKda1w7DaCXpUdZXKRe7Ac7KgoF4/V3pEmLPxjVj":{"chainKey":{"counter":0},"chainType":2,"messageKeys":{}},"BZXYsnornmilx4WWxUkf7wgdzUHfKhRwJ5CVnbgz2tgI":{"chainKey":{"counter":2},"chainType":2,"messageKeys":{}},"BRiRW5YluDRqGJEXDYeSqRGDWXSGuC9K0GrcXhgljjIV":{"chainKey":{"counter":2},"chainType":2,"messageKeys":{}},"BWFpLWPbkdvB1QU+T/HbYU2gJydN1Yf9YwvNYiwBHKFd":{"chainKey":{"counter":0},"chainType":2,"messageKeys":{}},"BZNctLlYYESX9OYWIcAnHxBIKVciAN0CBWNdW3ColoJE":{"chainKey":{"counter":0},"chainType":2,"messageKeys":{}},"BdiAOZ48VUwFYflE/5rIYCz31d1DvdMb2mcs9Qs4WJBu":{"chainKey":{"counter":0},"chainType":2,"messageKeys":{}},"BRwlEo1+jEx8VsSJWTivVgVxQiRocl9X3JVz03R96K0J":{"chainKey":{"counter":0},"chainType":2,"messageKeys":{}},"Bc1MF/tr+scnXhEzR6fMpBI7ZK+jvtTOOz83WOWzFiEG":{"chainKey":{"counter":0},"chainType":2,"messageKeys":{}},"BW6A1vYDWelV5UR+EU/yECipM4g1VSif0zdowRiC1tIW":{"chainKey":{"counter":0},"chainType":2,"messageKeys":{}},"BVfTy1BCS99EuUViTZ2bGPz5MoZ7xwGLCBISSgya0Th4":{"chainKey":{"counter":0},"chainType":2,"messageKeys":{}},"BeOOUQ4yCLqdupRmogNYXl0MuCLXEHcYdcX21xbyTYNg":{"chainKey":{"counter":1},"chainType":2,"messageKeys":{}},"BeR+V4XpZ+q6SbOBNeJ5KXuchypWQu393MTDpCmPxB0h":{"chainKey":{"counter":0},"chainType":2,"messageKeys":{}},"Bc+G7QqisLR4s9SZXH/ChSuDQY5iPTi/F127pmJKJ6hf":{"chainKey":{"counter":0},"chainType":2,"messageKeys":{}},"BajY8dCVC2fxtrIwjKUTA08PwEes4hr/9nKr86vqhEJ2":{"chainKey":{"counter":0},"chainType":2,"messageKeys":{}},"BTeOlk0bKAogM9InmMrN1dz+0lYnuWYZfuXvWqKuDrRv":{"chainKey":{"counter":0},"chainType":2,"messageKeys":{}},"BeILQk8dTKBLz2NeUSNYwV087hu/eflltVO5DLN6rppy":{"chainKey":{"counter":0},"chainType":2,"messageKeys":{}},"Bb5F7AeNkWqacOk29e200O+WN27rfEBehhlgT5spRaEc":{"chainKey":{"counter":0},"chainType":2,"messageKeys":{}},"BX1rvlBWijNQ+iX25cbLsLwU69rCU83TQ6MMU7+gfqRL":{"chainKey":{"counter":0},"chainType":2,"messageKeys":{}},"BXIH/Vgyj0Gh2gLBIw9XUttw9ybrzwPH4YrLSzvYJT5K":{"chainKey":{"counter":0},"chainType":2,"messageKeys":{}},"BWD3BtFHJ0NhvuPMR/V8eox3Tk84OUi3ZD1pA+ZROXwP":{"chainKey":{"counter":0},"chainType":2,"messageKeys":{}},"BZ279YbgwZRuS0rzVJBEO/EnqjWKfAasUujtlCMHtdZ0":{"chainKey":{"counter":0},"chainType":2,"messageKeys":{}},"BU2hBEQMGNTnOK8MwdPexd2Oll45QYugg/XnbDh71MFR":{"chainKey":{"counter":1},"chainType":2,"messageKeys":{}},"BSP7gd2mYr0xmwvaKlp9IDf43K73ej9ZYY8dJJ6MYoA3":{"chainKey":{"counter":0},"chainType":2,"messageKeys":{}},"BWpEoED0e1sBpWOS2ye9yIUzLnBlGMkJxq01Z4FCh957":{"chainKey":{"counter":0},"chainType":2,"messageKeys":{}},"BTqX5VehB7vDNa1taS+mW8A9l12QItd9R5IRhN/btfJ/":{"chainKey":{"counter":0},"chainType":2,"messageKeys":{}},"BSBRoL0mAr1WkF43lJ9zUgc4uBzQylY3b+STunJV6kAX":{"chainKey":{"counter":0},"chainType":2,"messageKeys":{}},"BRD3vhJWZYuer/mxfUSLGOjbGkhQDLpQngIuAHshZz4F":{"chainKey":{"counter":1},"chainType":2,"messageKeys":{}},"BbpGM2VZaKuTp91n1IiQmH6iGIqb4G1r2/Z57ThfpPAp":{"chainKey":{"counter":0},"chainType":2,"messageKeys":{}},"Bee8nYcOZjopxvcd4IpmNirAvbeigHrc9KZPaOXrX9dm":{"chainKey":{"counter":0},"chainType":2,"messageKeys":{}},"BT6f0/qoD+yo1LORHJIrJ5rNICyKvVPolmBrjdZplCBN":{"chainKey":{"counter":1},"chainType":2,"messageKeys":{}},"BQUYntcDjfR79ShKSYlImQfLAbAJqk8NF107eZp4/CNY":{"chainKey":{"counter":1},"chainType":2,"messageKeys":{}},"BXIKS3SRs7IlfsC/se3k+V46vohwBaXrq6BGRyZ21Rxu":{"chainKey":{"counter":0},"chainType":2,"messageKeys":{}},"BbbJpeAvBUe5Whnf4ltgOOcVNHIbcZ58dhrssqIrr4Zs":{"chainKey":{"counter":1},"chainType":2,"messageKeys":{}},"BUfC20rc/kBTqpm76Lum0KIczVFtscf3Boli7F74o4Aj":{"chainKey":{"counter":0},"chainType":2,"messageKeys":{}},"BSKFxfxy8f94VQLS+WLAIdzeoFJOTxgSc9xTZTC+IEZX":{"chainKey":{"counter":0},"chainType":2,"messageKeys":{}},"BYRfl2DMahtfIzwaeFs1JeRkZfPxyNAwCNB8Bj3gYRMP":{"chainKey":{"counter":0},"chainType":2,"messageKeys":{}},"Bf5EkwQ3KS1NkzDdSf5eDJ/kFz/Fbt2fe0z1IkpEa2Mo":{"chainKey":{"counter":0},"chainType":2,"messageKeys":{}},"BS60xEV6WmtTud4/ERhg/2ZKppck6ag0h9GSDPiF9eMR":{"chainKey":{"counter":0},"chainType":2,"messageKeys":{}},"BaqVeAwCvUoEdyCw8YHZyHDH4rnGcQ4ANYc2PVi7Cjlf":{"chainKey":{"counter":0},"chainType":2,"messageKeys":{}},"BbId5+ETfhbR4kwZDtR/FRvNyzkvHq7eaPAay2+2Gs9m":{"chainKey":{"counter":0},"chainType":2,"messageKeys":{}},"BexUpq3mpDmSLjUgDmwcQaPLav0mDg92Ru+erfFMJeNb":{"chainKey":{"counter":0},"chainType":2,"messageKeys":{}},"BRlfanK1Hi/ZAMQGoLFCT98VmSSfYBhLtGH6luXV1N4V":{"chainKey":{"counter":0},"chainType":2,"messageKeys":{}},"BVEhbRJduTDFyEbdIvqOVk7pR54KUnapilyR0fjuxg9r":{"chainKey":{"counter":0},"chainType":2,"messageKeys":{}},"BfblgVvuYU+D4SDN9YP/1wToPidCrfH2qrbfDCi5LlBQ":{"chainKey":{"counter":1},"chainType":2,"messageKeys":{}},"BcLPTrz1UtH1vWkEAzCfPQMCMixZlsq99gSlfFufuYgb":{"chainKey":{"counter":0},"chainType":2,"messageKeys":{}},"BRBtnBPGpFTRlS4c1FaeseNwvKU7GbgFLUKfzz/dPmBw":{"chainKey":{"counter":0},"chainType":2,"messageKeys":{}},"Bd3MB+hI6SkyNOl1C+AtnitAAfsycPlgkJAhHLomZOFT":{"chainKey":{"counter":0},"chainType":2,"messageKeys":{}},"BUXDmx96indSmFPz0erQ/XmFjIPMFE9EOZEFFzTSfd8K":{"chainKey":{"counter":0},"chainType":2,"messageKeys":{}},"BWjsfcagjX2T1zutaC4xRzTUgBPvl1Nuh45WyvoHB3op":{"chainKey":{"counter":0},"chainType":2,"messageKeys":{}},"BUwrLwaq3K8TYYR74HapOyLvJlcNS0A3U4MVSy/XqMkJ":{"chainKey":{"counter":0},"chainType":2,"messageKeys":{}},"BUYYdnil5gzWyTkK1wYdX6RqmXgzu9xqXSTcItWduf8U":{"chainKey":{"counter":1},"chainType":2,"messageKeys":{}},"BWa28iwNSSIgorD6vW3i3Xa+5y5av2Jh+/ihE6rVcYgy":{"chainKey":{"counter":0},"chainType":2,"messageKeys":{}},"BQaHdDMTOAv8BSPI6lQze85RDNlo44FtzDzWf9XNWHBm":{"chainKey":{"counter":1,"key":"aO1lL2h4oHUYd3HGFYh0MvACs19hUIm5AQf9d8TQT9k="},"chainType":2,"messageKeys":{}},"BQRXm1h8LZLa1kdabt2DjYIuKP4r5Y1g3a1bReWZm01Y":{"chainKey":{"counter":1,"key":"g2CuXyezL/Ou9vb/dmfwk/b54uJp0eF5PBkjLCzZ2qQ="},"chainType":1,"messageKeys":{}}}},"Bd042M8ue+9f4YnChkh8I4BuI+fs35DcTxUiArEtoD4Q":{"registrationId":1559520757,"currentRatchet":{"ephemeralKeyPair":{"pubKey":"BVp1EK+CrnnbA7Us04pkSMYyCQzPxSkMeORRejxAKxoq","privKey":"cK5JBIIV7lSNnrS0ysrdvGnDEeWog851N1IxoQY9P1I="},"lastRemoteEphemeralKey":"BQHH9TM2dUPSMRfgMnR3syTFpEw3052BJDyAxEvqMvQ3","previousCounter":1,"rootKey":"0ZB+L+c+hQSx7sWGz3yMVW3Nikgpwd+sEFzDZYysZTo="},"indexInfo":{"baseKey":"Bd042M8ue+9f4YnChkh8I4BuI+fs35DcTxUiArEtoD4Q","baseKeyType":2,"closed":-1,"used":1726757706653,"created":1726753964652,"remoteIdentityKey":"BQ+0bFloA5qLyoi764wqMbT61whD698OOpYIEHacP6l0"},"_chains":{"BStc+lvx/XhaiwgotIEwVbKbPbj4f7DzS+KyJj0x2Tl1":{"chainKey":{"counter":1},"chainType":2,"messageKeys":{}},"BSmgaUIGdVrMEV9zWlKQq8VbkA0FIDSmtKv43XzoDZIV":{"chainKey":{"counter":0},"chainType":2,"messageKeys":{}},"BREuRAsmrK+EtkP9gbsJZOK3hnbnLQFH8vm1DKBDqtwv":{"chainKey":{"counter":0},"chainType":2,"messageKeys":{}},"BcfupVjilkqSsyOqmaINBGvZdjqMgzY5k6MIAOgOjSZv":{"chainKey":{"counter":0},"chainType":2,"messageKeys":{}},"BQQuLMJQwf8TWY90QL0/wv+wOYbTDRy3COqp3mr/McFs":{"chainKey":{"counter":0},"chainType":2,"messageKeys":{}},"Bb1XQmKEmqiubpXb8YBSgCIxUHzmlbWfKzfIdi11qnQT":{"chainKey":{"counter":1},"chainType":2,"messageKeys":{}},"BRDIz1ct4kCQUetTH2PrAxn9c8hX8VuOqv70WNMZPhFA":{"chainKey":{"counter":0},"chainType":2,"messageKeys":{}},"BZGZikBcyoAg6WV4E7lUcKra10Qnu4JHCxPqpTXjmXQT":{"chainKey":{"counter":0},"chainType":2,"messageKeys":{}},"BesYD6+OHGUqudzy9DQw+nYieK3CCae39a9Bwqs5g9hi":{"chainKey":{"counter":0},"chainType":2,"messageKeys":{}},"BctSlJ/o85ah+5dLsLZlN/UdH286E/OEnH1adJUTEJol":{"chainKey":{"counter":1},"chainType":2,"messageKeys":{"0":"jr7FYmuCV8S09hAyRqN2P58AHfuyLGyLOQxh3OAeSiI="}},"BcB8O5oYYiDSqyx8hCSOZQo7EEMI9KjCjtuElxp+CDp0":{"chainKey":{"counter":0},"chainType":2,"messageKeys":{}},"BYA7wqJLCV9MJVkjaJsxgSu3Z7FAcIsQTAJJc4e8yehi":{"chainKey":{"counter":0},"chainType":2,"messageKeys":{}},"BS4/cgHJ9Immt0jjdjFfhqKaE9H9RqhSkjwSAx+XFol+":{"chainKey":{"counter":0},"chainType":2,"messageKeys":{}},"BdC86RmfaDDO/gwxWFnTDW66lnwmNz8xNznzZBqqzPlj":{"chainKey":{"counter":0},"chainType":2,"messageKeys":{}},"BVJjRt0Hp0fl5SFJNsD23o6tmsORWzqc0X7rvABpx2Fw":{"chainKey":{"counter":0},"chainType":2,"messageKeys":{}},"BfEpOgsh4pdYAs66rf/3fg1UItqb04kS+uRlFhN68u13":{"chainKey":{"counter":2},"chainType":2,"messageKeys":{}},"BTTrYGbrdv7osPBYpTdUS/4gLlErlCOwdAcSc5KAQWdT":{"chainKey":{"counter":1},"chainType":2,"messageKeys":{}},"BX0grJz8KgQYKKriROnPYMc8/AzncACohcKTJZsIUwho":{"chainKey":{"counter":1},"chainType":2,"messageKeys":{}},"BarZMSgmERgOv5enWGfqhj4omY0qNUbJq42QNXOGLUVs":{"chainKey":{"counter":2},"chainType":2,"messageKeys":{}},"BRDCJXCkdC4R2erHrIc4ZKG/JgKnIGFaKUWROgorEURb":{"chainKey":{"counter":1},"chainType":2,"messageKeys":{}},"BZXLmkXHx5Tz/AIt1n5uu8fnTNGQrFRWCSKvD/KWqC9P":{"chainKey":{"counter":1},"chainType":2,"messageKeys":{"0":"b2gpvKda/10ARTgYPbuAfF0MPj6cjLj5bs8MZ9o8+eA="}},"BUucuPfJvREIDrWuoQPaKnCjDp9aC5l43JSo4jASxL4B":{"chainKey":{"counter":0},"chainType":2,"messageKeys":{}},"BdNqHehc1mBGSSiqcvJdcPdF+TFHy6YK4f5BpKoKSb8U":{"chainKey":{"counter":1},"chainType":2,"messageKeys":{"0":"77QyXNv7KaXO41HkzVR9DqZ4QTucI8Xa3NBJU352WoA="}},"BeVpgRnPdcAk5aKXANFaioolqB5kY9DVkW1v2tsVmjMZ":{"chainKey":{"counter":0},"chainType":2,"messageKeys":{}},"BaatPvs0ZDiSc5ZyW1hXBVcUXB3sN67ogIoDy5nrXxsK":{"chainKey":{"counter":1},"chainType":2,"messageKeys":{"0":"QCturI8PhhiLU2KNtfHr1wwu8MCOe0QkT7ZNoMH8Cec="}},"BT+7Ff3KTbROAWJqFCcZhEh1xpKwM8TiMNKwkK+A2rB9":{"chainKey":{"counter":1},"chainType":2,"messageKeys":{"0":"QiiSV4nIhC/svhHymvWGoU3E30mzo3dpQQVz+UGsXCY="}},"BcQJO6eaPsHz+tDtK13dqDpwWfEgVHgactMv+i91eIMn":{"chainKey":{"counter":1},"chainType":2,"messageKeys":{"1":"uJG1SOXcfhO94T3QpAwLuTa5XKSTC4K8JdjlDzzFeo0="}},"BV01/2Us62c2Ns9kNPHEtOWUQOb4Im0Vk9Og260Qy/9V":{"chainKey":{"counter":0},"chainType":2,"messageKeys":{}},"BfZhtDHaQHAO0vmPyolR2AeclQfeBv/HGN748cF7teQR":{"chainKey":{"counter":0},"chainType":2,"messageKeys":{}},"BbtVapxdGneCUGwNhjBn9Oxa3SaWR39Wlw6BjAE0g9oJ":{"chainKey":{"counter":0},"chainType":2,"messageKeys":{}},"BY3K4ZjdXzo9TpJE8Hki3yfz44LWrW26kPgMWIZr988W":{"chainKey":{"counter":0},"chainType":2,"messageKeys":{}},"BVIUha+U0zkjwWuINJiLPabaByi1yhsSI1YLv5fnB70m":{"chainKey":{"counter":0},"chainType":2,"messageKeys":{}},"BR8c095OgGiHkT7YzWrg0PENUPRezu2tvZP+F2tUkUdd":{"chainKey":{"counter":1},"chainType":2,"messageKeys":{"0":"AtaRID/hrhZYw6ZCHCq/2iaWkVu3rQBL30ofsv4fSAc="}},"BVT1swyqg8vYC1Zix0u7utqQKDqIHB4IEQnU6hCYYsZl":{"chainKey":{"counter":0},"chainType":2,"messageKeys":{}},"BZBRBb3QJq61gT2YftCeRIbjrnGOIh4tWuAwCtoL32Md":{"chainKey":{"counter":1},"chainType":2,"messageKeys":{"0":"4mFJC3M87OKCYgdl4a1W8uC/i8ZnVFb1bz7/brsq110="}},"BZqBC4Iqhe4jV0ev4/Up8OWZ2f+7O7YHS4r3IXGl7FQo":{"chainKey":{"counter":0},"chainType":2,"messageKeys":{}},"BeS6dTh7MBARNHaMbyw70iEjTOl9oHOaVPgSRncd0JZo":{"chainKey":{"counter":0},"chainType":2,"messageKeys":{}},"BcwymK65SxC6GIHwBH9dQgWkZY8js8MqOgwAOwhxWtsv":{"chainKey":{"counter":0},"chainType":2,"messageKeys":{}},"BYa9Dh2iCaPrr25Q6Z2H+OsXhY3q8xRWt/6w9bKL4fcz":{"chainKey":{"counter":0},"chainType":2,"messageKeys":{}},"BeCa60Gu3ZH3SPt3lFbFvfog5KChpdaW36qMVTaZgtl6":{"chainKey":{"counter":0},"chainType":2,"messageKeys":{}},"BWaa68P5UKYw5bxSVPPyubCWJbMGYo1tN2/16ob72VQO":{"chainKey":{"counter":0},"chainType":2,"messageKeys":{}},"BVIoWJ3KmhA1eqlMVk8fNm1M5ROHA1FS68Su4ZEK5uYL":{"chainKey":{"counter":1},"chainType":2,"messageKeys":{"0":"f/kG2Hot37qGtzZaVKc3kp3OUwvfmzCb3DzCJXVoNFE="}},"BQHH9TM2dUPSMRfgMnR3syTFpEw3052BJDyAxEvqMvQ3":{"chainKey":{"counter":0,"key":"ZtzB5v3B1YQCxl+TM75HYRKxvmMid6RWRL01zj5JGeU="},"chainType":2,"messageKeys":{}},"BVp1EK+CrnnbA7Us04pkSMYyCQzPxSkMeORRejxAKxoq":{"chainKey":{"counter":3,"key":"mMl74DIxh3gp2ul16rgoAwfIAU5YnRdRJH7WJAj7W60="},"chainType":1,"messageKeys":{}}}}},"version":"v1"}