{"_sessions":{"BRccrIPMs4zRZpzBMwoZtMWuKs7lTeS499r9JBSty506":{"registrationId":2034567835,"currentRatchet":{"ephemeralKeyPair":{"pubKey":"BZ/2CWmhgCyvWdbUm/rLAuBuY3EQSHK6e1opR52W35Az","privKey":"iMrTJjUQxhJFhivbjpFJzgmrJBMDMhUjyct+lTcw9X4="},"lastRemoteEphemeralKey":"Bb5pFBw8bEKFkg8J76RK2W0wBAeCTzKIloAbohCIII4T","previousCounter":0,"rootKey":"STiDQPJXbRun2W5nb548NFt/gqPCfNI2TtlW551e8Sg="},"indexInfo":{"baseKey":"BRccrIPMs4zRZpzBMwoZtMWuKs7lTeS499r9JBSty506","baseKeyType":2,"closed":-1,"used":1726579012929,"created":1726579012929,"remoteIdentityKey":"BUMz6NWhYcqMrprBx1r/f9Pq3OikKKHRBhtdi7Ng39Zi"},"_chains":{"Bb5pFBw8bEKFkg8J76RK2W0wBAeCTzKIloAbohCIII4T":{"chainKey":{"counter":1,"key":"9Bph0m6tRJiK1YfbEvmAv0IQYt5V0JsXT33SFmlaqtM="},"chainType":2,"messageKeys":{}},"BZ/2CWmhgCyvWdbUm/rLAuBuY3EQSHK6e1opR52W35Az":{"chainKey":{"counter":-1,"key":"XlmVn+UoYSzv6elrLIVdqIAE4PT9X69W+nbMkdxWLJQ="},"chainType":1,"messageKeys":{}}}}},"version":"v1"}