{"_sessions":{"BdT9COTSJseHe9Nh1yV34grrx2BauW9aIceBL/uZKawl":{"registrationId":5090,"currentRatchet":{"ephemeralKeyPair":{"pubKey":"BYtzXZQ4+G1uu/hUB6oFh8X/u6bAvZtCun98Ie57a/Ah","privKey":"sEBl4rCl+K/WAaAAgzpWWRQgKGJOoydJI0+c53UytVw="},"lastRemoteEphemeralKey":"BftttgRKBE/odq2XRsMCU8mppBdpFT3g+OkYZ3mlT3MA","previousCounter":0,"rootKey":"DXlrmgq5CPjga2GVfgOxrCa20VYuKP+BGN/5KHhBi3M="},"indexInfo":{"baseKey":"BdT9COTSJseHe9Nh1yV34grrx2BauW9aIceBL/uZKawl","baseKeyType":1,"closed":-1,"used":1726507251863,"created":1726507251863,"remoteIdentityKey":"BS370DOnlFM5vHN8qUjcO17zK4a5vrQsAJTZeX5nDdUm"},"_chains":{"BYtzXZQ4+G1uu/hUB6oFh8X/u6bAvZtCun98Ie57a/Ah":{"chainKey":{"counter":31,"key":"j3bLRYKayRdahgQ190bpp9m1LLAt8SC128844g8JSZA="},"chainType":1,"messageKeys":{}}},"pendingPreKey":{"signedKeyId":1,"baseKey":"BdT9COTSJseHe9Nh1yV34grrx2BauW9aIceBL/uZKawl"}}},"version":"v1"}