{"_sessions":{"BSgE3wpaG7mkKl5HMr/oVQ61UpMf7HdkC+/fP9jjlX5T":{"registrationId":3426,"currentRatchet":{"ephemeralKeyPair":{"pubKey":"BW4RXk4N7rR/9wjRtamU02M0MXSn02yYn7+HtbO7l9h+","privKey":"EPoKEfmugAA8EAn9mzG+umq7UWAbck3EOJ/TUKL9fkI="},"lastRemoteEphemeralKey":"BRQqLK7usWiZ2tLovNgFVeo3rRzD+dy6wTQGlLKE9ctK","previousCounter":0,"rootKey":"My6veOsjks6K/EKhc3XLVlxK5/4G5TdGBZl403/iIvE="},"indexInfo":{"baseKey":"BSgE3wpaG7mkKl5HMr/oVQ61UpMf7HdkC+/fP9jjlX5T","baseKeyType":1,"closed":-1,"used":1726475933413,"created":1726475933413,"remoteIdentityKey":"BddCiHVAvu0xLZGzsxFsAPszvgjtc4XVYFreActkyOQB"},"_chains":{"BW4RXk4N7rR/9wjRtamU02M0MXSn02yYn7+HtbO7l9h+":{"chainKey":{"counter":3,"key":"RQ4SrwGlJGRyxroFI7j40M3X/EAZgLCBw09B216SY7s="},"chainType":1,"messageKeys":{}}},"pendingPreKey":{"signedKeyId":1,"baseKey":"BSgE3wpaG7mkKl5HMr/oVQ61UpMf7HdkC+/fP9jjlX5T"}}},"version":"v1"}