{"_sessions":{"BQBeWyxa4GPdm6S8+3fxJ4bk6WdduVjPpSWjLkynfshm":{"registrationId":1522353156,"currentRatchet":{"ephemeralKeyPair":{"pubKey":"BUn2meBek4VfQS7bMtspwPJ6GAEGvzFouioEU0jh8wdN","privKey":"yEuI6fW9MOR9i8RfulGcsXonXxFawtmgeYcKkO/2U0Y="},"lastRemoteEphemeralKey":"BQacBJeViIhABCpMiNJfijEKFH6w3FCbWDpvF6cbgcwp","previousCounter":2,"rootKey":"NRYY5KiaVSGpieuWkDwRzo63siNOtEgukoreHLxU1Ug="},"indexInfo":{"baseKey":"BQBeWyxa4GPdm6S8+3fxJ4bk6WdduVjPpSWjLkynfshm","baseKeyType":1,"closed":-1,"used":1726656984150,"created":1726655221558,"remoteIdentityKey":"BYV/ZsxLXdfcpQyhOVz4rrRVfQPOuRPR6wk3OxbUHLJE"},"_chains":{"BThH+ezgoTvxQ9z6Z67+iiLt5L4atz9mYB+hfqrLUfoY":{"chainKey":{"counter":0},"chainType":2,"messageKeys":{}},"Bdaz+sgK3NJifZ2/fLNYe/oUcmILJpUWuCzywa+KFSkQ":{"chainKey":{"counter":0},"chainType":2,"messageKeys":{}},"BRXiaU1JPi+doQVIhowmPMzke5AIT5GpeXLF7A+8cNNa":{"chainKey":{"counter":0},"chainType":2,"messageKeys":{}},"BcGnzhUUcdHOhD9Y33gBkCq+mAdX5QlbM5FCvMKQf5h8":{"chainKey":{"counter":2},"chainType":2,"messageKeys":{}},"BdPKZtv3GLowVc9JHA8aqpLVcAWa/vzNgvZpeZ59MiQC":{"chainKey":{"counter":2},"chainType":2,"messageKeys":{}},"BQacBJeViIhABCpMiNJfijEKFH6w3FCbWDpvF6cbgcwp":{"chainKey":{"counter":1,"key":"MArwsFc799xQ6ZPJ7ecoW4P4QxdV6b8zCYAnXpkXHrY="},"chainType":2,"messageKeys":{}},"BUn2meBek4VfQS7bMtspwPJ6GAEGvzFouioEU0jh8wdN":{"chainKey":{"counter":2,"key":"FSYLHBJMF+KzzepM8GDeGbijv5ca+bZcsvt8tN2D66c="},"chainType":1,"messageKeys":{}}}}},"version":"v1"}