{"_sessions":{"Bdo3mVcER2eQ82ojou50hfnIBFsqZP4q4uaTfbwYs6g6":{"registrationId":1537258920,"currentRatchet":{"ephemeralKeyPair":{"pubKey":"BaH9bw59eucamjLwcNdMMamnf66dxEvLEPEkuYLxmBp3","privKey":"MK9ebtpxVAaL02TTnhQYeSHYqcuoqnrKsxwzCrDcpm4="},"lastRemoteEphemeralKey":"BWz+/NiTTVjmoe0VPglgJ1YDjnspfLpM25e0m/3VT0pW","previousCounter":2,"rootKey":"FqLpvW77xNCWzF9Ww4JPQq8OVwIeM/Sggg3bz1YIG4Q="},"indexInfo":{"baseKey":"Bdo3mVcER2eQ82ojou50hfnIBFsqZP4q4uaTfbwYs6g6","baseKeyType":1,"closed":-1,"used":1726723838746,"created":1726659770279,"remoteIdentityKey":"BflxE6O8e+mLJ0WOW7IIX2y6+E+UnXu6ZMPwVqhUQLtw"},"_chains":{"BVGu0mvv/BIntke680PeFqq6dZ89aZDIDXK9BC3UBGYr":{"chainKey":{"counter":0},"chainType":2,"messageKeys":{}},"BWz+/NiTTVjmoe0VPglgJ1YDjnspfLpM25e0m/3VT0pW":{"chainKey":{"counter":3,"key":"rh84UJKhHLIHa12bl2SqXCeeyHtqJ4AYhrA3o5dX6KA="},"chainType":2,"messageKeys":{}},"BaH9bw59eucamjLwcNdMMamnf66dxEvLEPEkuYLxmBp3":{"chainKey":{"counter":-1,"key":"iBFziUDnpu4mhOQBaHXwlY2gdhQP8AwJL1Mif+ux954="},"chainType":1,"messageKeys":{}}}}},"version":"v1"}