{"_sessions":{"BdFpHNSjv43R/vWgEyrc+jPgSDVcKlJ/syACo4iHqq0N":{"registrationId":1972741320,"currentRatchet":{"ephemeralKeyPair":{"pubKey":"BT9uK6XNfm4jh7EkDKAORa6LlG9mPTDaApUCQYoP2ioR","privKey":"UCK5mnbcpb0rWUjZYYv7BNZ931PMo9mYFLri83BKs2Y="},"lastRemoteEphemeralKey":"BW63GG8m4ZNK0kllzhhXQ/R6PM6BFiQjT2Vo3hlHD0Y+","previousCounter":6,"rootKey":"s1sn6nEiwXrcEayFAjFl8pw3VPCTh622RBJl1WXBPEg="},"indexInfo":{"baseKey":"BdFpHNSjv43R/vWgEyrc+jPgSDVcKlJ/syACo4iHqq0N","baseKeyType":2,"closed":-1,"used":1726715559304,"created":1726465562190,"remoteIdentityKey":"BTsbZHUcdEUnJpUFBptoxJ2+k/qADHAlzcZBuFjcBiNd"},"_chains":{"Bdhe/9ntf+GgPJGCPMwylVE8oJtSUMXa8YO2/E1S1Hh6":{"chainKey":{"counter":0},"chainType":2,"messageKeys":{}},"BcLTgfKAubgHFE/mlUeAlCU8NnvgRMEox8aeb8GAGAFJ":{"chainKey":{"counter":0},"chainType":2,"messageKeys":{}},"BWuqeMURxvv3AF2/uolZLZA3XRb1o6DOmgCw9lQGmKEN":{"chainKey":{"counter":1},"chainType":2,"messageKeys":{}},"BbvhQYXQNN3pE/aAkGMlLXMcD1vEUwbsrdaZkeKzrksc":{"chainKey":{"counter":0},"chainType":2,"messageKeys":{}},"BW63GG8m4ZNK0kllzhhXQ/R6PM6BFiQjT2Vo3hlHD0Y+":{"chainKey":{"counter":0,"key":"gchuUAIXALzh6WRGg9+dKsT853BNlDPT5IW4Kkqtq1I="},"chainType":2,"messageKeys":{}},"BT9uK6XNfm4jh7EkDKAORa6LlG9mPTDaApUCQYoP2ioR":{"chainKey":{"counter":0,"key":"QzZRjzsz4ReyiBU/rUTPxcVifRqYj3nrgcnFZd6A5mQ="},"chainType":1,"messageKeys":{}}}}},"version":"v1"}