{"_sessions":{"BQne2qbVloldWC+ecX9+ia4TLYMwiMqIBcQ95s1HTPQP":{"registrationId":66580243,"currentRatchet":{"ephemeralKeyPair":{"pubKey":"BZ60mnpeWUpioS0dURNe9/fd0g10iy9FhOWz4ZqARUgr","privKey":"iC2M9J5PwxUuH0WgXuY9D0NRyEVcPTwaZ5gcRMr64nI="},"lastRemoteEphemeralKey":"BY2L5jBaD8ge6XRiRPsG7z71/YUd97vcXpz2pgGpEZlD","previousCounter":0,"rootKey":"dQ6iWtZFXCR2eZK2N++k5/lOQZI+RSHp8klFiNa4NEQ="},"indexInfo":{"baseKey":"BQne2qbVloldWC+ecX9+ia4TLYMwiMqIBcQ95s1HTPQP","baseKeyType":1,"closed":-1,"used":1726465605253,"created":1726465605253,"remoteIdentityKey":"BVGJacqU8wfLQID2QDkfQ6ywTZFrSKiVvNCiexqkkaMQ"},"_chains":{"BZ60mnpeWUpioS0dURNe9/fd0g10iy9FhOWz4ZqARUgr":{"chainKey":{"counter":37,"key":"s/Qrb8rTgsSL1EeF/E6DRSJGbLiP1QurZ9bxykyw5WI="},"chainType":1,"messageKeys":{}}},"pendingPreKey":{"signedKeyId":6,"baseKey":"BQne2qbVloldWC+ecX9+ia4TLYMwiMqIBcQ95s1HTPQP"}}},"version":"v1"}