{"_sessions":{"BcThe6P47I9qTS3b5kLPfB4BXd4316UVH7gxA117N7JB":{"registrationId":8,"currentRatchet":{"ephemeralKeyPair":{"pubKey":"Bbdn8qUAQcinoUV0dKN0K56PXLTGKyk8I4RJP/UdPcJb","privKey":"uNZuVBSZEXTAHLW8JxBTlOZefp9PVQUG+qDd8Ee+sV0="},"lastRemoteEphemeralKey":"BdeR6LdaZw593qX1p96zpi0/RT1x7njAuWGVXvCQpOkN","previousCounter":0,"rootKey":"4LgZKgjdJZ63hJYqqtfCYgQuL1I2yQciocXcbw20N6g="},"indexInfo":{"baseKey":"BcThe6P47I9qTS3b5kLPfB4BXd4316UVH7gxA117N7JB","baseKeyType":1,"closed":1726483812994,"used":1726484562771,"created":1726483812585,"remoteIdentityKey":"BScR7Ao48N2Jhu/f+6FnEYaSbPct4FCDgad5+izHQeYO"},"_chains":{"BdeR6LdaZw593qX1p96zpi0/RT1x7njAuWGVXvCQpOkN":{"chainKey":{"counter":10,"key":"p28oYtB8Bdjs5WLhfeGNn1u31s4MXkHLR09rYlOJkM4="},"chainType":2,"messageKeys":{}},"Bbdn8qUAQcinoUV0dKN0K56PXLTGKyk8I4RJP/UdPcJb":{"chainKey":{"counter":-1,"key":"pPIGyqTyxPINixelMKsJb+yWkI79sId1zepIh/QH2eI="},"chainType":1,"messageKeys":{}}}},"BXaKe0JYItvxdOgdWMUTNLOcuEY72Y0AWtHOiCoWZO00":{"registrationId":8,"currentRatchet":{"ephemeralKeyPair":{"pubKey":"BX5SFXjNl7aFO/o3rQdM7xv+OKwSqAmSOU5bcnDl3yhG","privKey":"CPVp1GPZLF2ieJwWuUasy0VFeUWWOKWX76GO9jDJhXs="},"lastRemoteEphemeralKey":"BdeR6LdaZw593qX1p96zpi0/RT1x7njAuWGVXvCQpOkN","previousCounter":0,"rootKey":"fqm7/OrH51TW8Gk3tHEd+4caLKdvjvUlnrqPDc5wPvA="},"indexInfo":{"baseKey":"BXaKe0JYItvxdOgdWMUTNLOcuEY72Y0AWtHOiCoWZO00","baseKeyType":1,"closed":-1,"used":1726483812992,"created":1726483812992,"remoteIdentityKey":"BScR7Ao48N2Jhu/f+6FnEYaSbPct4FCDgad5+izHQeYO"},"_chains":{"BdeR6LdaZw593qX1p96zpi0/RT1x7njAuWGVXvCQpOkN":{"chainKey":{"counter":0,"key":"TMh+ENQW/fIEsC4y9NgJFJHyWCyeNWXHpXBRPy4uZ3s="},"chainType":2,"messageKeys":{}},"BX5SFXjNl7aFO/o3rQdM7xv+OKwSqAmSOU5bcnDl3yhG":{"chainKey":{"counter":2,"key":"hF5kgpzurAjosedxFGyE9XXcj0AyiQ2F6N2VNNy6cVI="},"chainType":1,"messageKeys":{}}},"pendingPreKey":{"signedKeyId":1,"baseKey":"BXaKe0JYItvxdOgdWMUTNLOcuEY72Y0AWtHOiCoWZO00","preKeyId":20}}},"version":"v1"}