{"_sessions":{"Be4bW/K9dW+mZO0mpmx8V0I8WG+1qA74Ko/O1emRV4cG":{"registrationId":2093349538,"currentRatchet":{"ephemeralKeyPair":{"pubKey":"BSc69JC7kkBimXWrIFGFBIBQ+ihetKISMQzsChcREaRD","privKey":"GMyL38XCKqnRl1TY6zTz4v9xtaLImnG1STP3rRB552w="},"lastRemoteEphemeralKey":"Be4tzQ2fv0VR3CMUZ3aoBLIBIbQNDpHU7KmrE81tK/94","previousCounter":0,"rootKey":"jC90bKhTP/cT/HsKu82pCh0A57Sh3pzHRMhe/XCR6bc="},"indexInfo":{"baseKey":"Be4bW/K9dW+mZO0mpmx8V0I8WG+1qA74Ko/O1emRV4cG","baseKeyType":1,"closed":-1,"used":1726507252089,"created":1726507252089,"remoteIdentityKey":"BfQFrq6smuPrHbH+tYixbOBNvd5y7RGL8N7LG3DN0dIr"},"_chains":{"BSc69JC7kkBimXWrIFGFBIBQ+ihetKISMQzsChcREaRD":{"chainKey":{"counter":31,"key":"D1SzqjRxteUnTeDnBSpJ/lAtubxkmeMVOX9FfbThLf0="},"chainType":1,"messageKeys":{}}},"pendingPreKey":{"signedKeyId":93,"baseKey":"Be4bW/K9dW+mZO0mpmx8V0I8WG+1qA74Ko/O1emRV4cG","preKeyId":733348}}},"version":"v1"}