{"_sessions":{"Bd1HjCG6HztqYNaZY47wujw3QcWo1n0EEq9lLJ9g1iAd":{"registrationId":111,"currentRatchet":{"ephemeralKeyPair":{"pubKey":"BW4UlfPUYMk9PmvKeSPGMd4KbQDHIVUGV4ZUgNJACtsN","privKey":"yAGdncKwiAjtFDVCXBvxY50DhI1x77Qt9bb6CU+EV24="},"lastRemoteEphemeralKey":"BQ+1t9Z4RLgt5drEnxr0fsPxDTQEvMoZ5iiKcMkbonQN","previousCounter":0,"rootKey":"92NGo/zqMR4HxQFL3+qook91vB4v59JL2M9uFE0ZnsE="},"indexInfo":{"baseKey":"Bd1HjCG6HztqYNaZY47wujw3QcWo1n0EEq9lLJ9g1iAd","baseKeyType":1,"closed":-1,"used":1726465605140,"created":1726465605140,"remoteIdentityKey":"BV1YUhwHFmiw++2ucLDNvPUXqRbrtWbE0mDurcksGopK"},"_chains":{"BW4UlfPUYMk9PmvKeSPGMd4KbQDHIVUGV4ZUgNJACtsN":{"chainKey":{"counter":37,"key":"tZFFMtPWvDgkC0UFZCSRMm3mOxtWlZsD8S6j/fDhtx8="},"chainType":1,"messageKeys":{}}},"pendingPreKey":{"signedKeyId":1,"baseKey":"Bd1HjCG6HztqYNaZY47wujw3QcWo1n0EEq9lLJ9g1iAd"}}},"version":"v1"}