{"_sessions":{"BUgt69Comd1bgIWw+w2L/uykYG4DtH7gOLp+UCTafqZD":{"registrationId":47384075,"currentRatchet":{"ephemeralKeyPair":{"pubKey":"BUnPL9HfIDi6uFPYu0isInQtyJ4Y/v+wWNwtm1XbQ+FT","privKey":"2MU3HXrgAgciUlDueKZqim6lPq2FggvWJk+DzoU7d08="},"lastRemoteEphemeralKey":"BdCUcoPMFkFuCpVtbaWWHWV0AAvCZqJUBWh2ueNB+LJL","previousCounter":31,"rootKey":"q1gtlqIfQbABB3/6S2IjCW9IKqpUs2zSpPA8VSaACyI="},"indexInfo":{"baseKey":"BUgt69Comd1bgIWw+w2L/uykYG4DtH7gOLp+UCTafqZD","baseKeyType":1,"closed":-1,"used":1726757638270,"created":1726507252261,"remoteIdentityKey":"BRrSlocsxlWedysi/kFw6UVw4u7rFX+3x1xLDZpV5pVb"},"_chains":{"BdCUcoPMFkFuCpVtbaWWHWV0AAvCZqJUBWh2ueNB+LJL":{"chainKey":{"counter":1,"key":"BlpBZUE1iU+NyrNdfZEc9uf7dcDOXoFjPQOYcwRakf0="},"chainType":2,"messageKeys":{}},"BUnPL9HfIDi6uFPYu0isInQtyJ4Y/v+wWNwtm1XbQ+FT":{"chainKey":{"counter":-1,"key":"OeHWEUxqqE3CKxXobcccqZVz9Nn94rBWmxMTOYMDrtg="},"chainType":1,"messageKeys":{}}}}},"version":"v1"}