{"_sessions":{"BZmJ5uRx4T6zwwDw9wLfHbca9EWkKDUeA4LYVVtpT+E5":{"registrationId":855817848,"currentRatchet":{"ephemeralKeyPair":{"pubKey":"BdHBw2TXIdk6mCh5GF8vxSidsXVpZsGYFvHP4lo8TOEe","privKey":"iCPD7EPb807gCrVsRgUPp7DzJhh4e48tt+wp0fT3Zls="},"lastRemoteEphemeralKey":"BbypIAkRJ5g+5y3M4pRp6rtC6STWFd3zEf2lq3+Sk644","previousCounter":0,"rootKey":"xmygMHmJ14RET14yibeY5bnyNJo9/Wq74W8xHNk1ORI="},"indexInfo":{"baseKey":"BZmJ5uRx4T6zwwDw9wLfHbca9EWkKDUeA4LYVVtpT+E5","baseKeyType":1,"closed":-1,"used":1726507252278,"created":1726507252278,"remoteIdentityKey":"BQbJvJNy3ur72pZllMLNoJ9UnHPQAJAqcMaYP4dNQGNB"},"_chains":{"BdHBw2TXIdk6mCh5GF8vxSidsXVpZsGYFvHP4lo8TOEe":{"chainKey":{"counter":31,"key":"7PojrhbzBBzEIT5AOUVxiUBUjOjrd36YRPbuu4cuBcw="},"chainType":1,"messageKeys":{}}},"pendingPreKey":{"signedKeyId":7,"baseKey":"BZmJ5uRx4T6zwwDw9wLfHbca9EWkKDUeA4LYVVtpT+E5","preKeyId":16506707}}},"version":"v1"}