{"_sessions":{"BV6D0ZZlMVBlrUovfgXDcNdtUEyTLffD1MPdQHokhhda":{"registrationId":1359646283,"currentRatchet":{"ephemeralKeyPair":{"pubKey":"BZDolP8v7pgrtz/782bX7iy+Iyws2NUEZaX5T+6s2adC","privKey":"UG+ECOA28gemQwxWu1c1KHQ7WI9N7nIMUtBJFAnGQ0M="},"lastRemoteEphemeralKey":"BTccuUJAPXACO2dqFXzQWfaw7iUWRbfpNwNwux+B64RX","previousCounter":0,"rootKey":"qffxnFj60+FoHo29SPVkVRzrkdUtayH4nB4dRMnsbRg="},"indexInfo":{"baseKey":"BV6D0ZZlMVBlrUovfgXDcNdtUEyTLffD1MPdQHokhhda","baseKeyType":1,"closed":-1,"used":1726465605250,"created":1726465605250,"remoteIdentityKey":"Be+4AcTzkLoa7VLt5vrfxfnGllH0kb39HYxt8jpVyX5W"},"_chains":{"BZDolP8v7pgrtz/782bX7iy+Iyws2NUEZaX5T+6s2adC":{"chainKey":{"counter":69,"key":"lhc5o5xm4xkYXxb2oCkKLkCLi3fQuiyMS/2IGX+s/Os="},"chainType":1,"messageKeys":{}}},"pendingPreKey":{"signedKeyId":2,"baseKey":"BV6D0ZZlMVBlrUovfgXDcNdtUEyTLffD1MPdQHokhhda","preKeyId":4954171}}},"version":"v1"}