{"_sessions":{"BUW3a0KPrL4katMd2FBSn9JTW5XMfmQhqKNu48Zv4qcG":{"registrationId":1463553430,"currentRatchet":{"ephemeralKeyPair":{"pubKey":"BRd0Acgdah4NrIScuQX5EA4IKnp1E/Gk/gXaGr9vXztS","privKey":"uPqEplh6lSpYoOfxymGkvSDizkIVk16S8xxAGagH3lA="},"lastRemoteEphemeralKey":"BXdGdVJs+DG24LqGU+qmTZxd0ArK0eKgxvYr7Fs0yOot","previousCounter":0,"rootKey":"cMzVpUVXPLpVSBWjQcRqg+YtKztoqEG7avhl13T7NG4="},"indexInfo":{"baseKey":"BUW3a0KPrL4katMd2FBSn9JTW5XMfmQhqKNu48Zv4qcG","baseKeyType":1,"closed":-1,"used":1726465605275,"created":1726465605275,"remoteIdentityKey":"BZD7M9vmnzCJyoXo7kaUzJEP4lOGAoFeWpvqBKRCiAF7"},"_chains":{"BRd0Acgdah4NrIScuQX5EA4IKnp1E/Gk/gXaGr9vXztS":{"chainKey":{"counter":37,"key":"MKCZ7RwnezHf43dOfLn6qHjRDRoVQw//JanmZghhwp8="},"chainType":1,"messageKeys":{}}},"pendingPreKey":{"signedKeyId":2,"baseKey":"BUW3a0KPrL4katMd2FBSn9JTW5XMfmQhqKNu48Zv4qcG","preKeyId":2982162}}},"version":"v1"}