{"_sessions":{"BWSEMtWZej2crzhZ46LnGnjOQAlsG2I6omz2sgASqa55":{"registrationId":754275897,"currentRatchet":{"ephemeralKeyPair":{"pubKey":"BWMcRSrMJQ/expBR283lgZ0aeLJ4nD4Baf031lMr3rQN","privKey":"WEWOGVfrz+uMWC5KJVJ5H8U+jxlIgXiEv4psBn+UHm0="},"lastRemoteEphemeralKey":"BaV4LKF60BjT/rq1+KGo2EbnUzSQfie1OdGiikkD0c5x","previousCounter":0,"rootKey":"RlAned5Qtm8oeKeD/oUbbl0buiafDVX3JUqZuhvr930="},"indexInfo":{"baseKey":"BWSEMtWZej2crzhZ46LnGnjOQAlsG2I6omz2sgASqa55","baseKeyType":1,"closed":-1,"used":1726492603584,"created":1726492603584,"remoteIdentityKey":"BQFIbe6JVNDsowKzYX3toDGS4zIFg1xFx2+BG+TfXxB7"},"_chains":{"BWMcRSrMJQ/expBR283lgZ0aeLJ4nD4Baf031lMr3rQN":{"chainKey":{"counter":23,"key":"wMsAk6GOlNBtGxT+9RzxWM/rgMKmQG8QjEamU/JRyKQ="},"chainType":1,"messageKeys":{}}},"pendingPreKey":{"signedKeyId":0,"baseKey":"BWSEMtWZej2crzhZ46LnGnjOQAlsG2I6omz2sgASqa55"}}},"version":"v1"}