{"_sessions":{"BVyvnzRu0OZ4W0vIQgOBUEaevl3M78Y+/0pkSpkzKOh9":{"registrationId":1914460912,"currentRatchet":{"ephemeralKeyPair":{"pubKey":"BehkOGOjuDm8bfDTloEN7vkVan9UGQws1Vq6g8Wgx0I/","privKey":"gIj5D7Vj0Wm3DIMGsp53NZJ9vkPT6cssbuD5DCpuOk8="},"lastRemoteEphemeralKey":"BRxkYXfPLZx4p8gvCqz2cq/ESIhr/Wm6SWIy524NVHMA","previousCounter":0,"rootKey":"O3l7P1+ySZI20x+GmYjM4uqEcTD+SM77ku+MfaUqS0c="},"indexInfo":{"baseKey":"BVyvnzRu0OZ4W0vIQgOBUEaevl3M78Y+/0pkSpkzKOh9","baseKeyType":1,"closed":-1,"used":1726480767798,"created":1726480767798,"remoteIdentityKey":"BReJbvIOHRn87dYnN8WaluzdU/QyJ0esRSsBi1G5uxUv"},"_chains":{"BehkOGOjuDm8bfDTloEN7vkVan9UGQws1Vq6g8Wgx0I/":{"chainKey":{"counter":0,"key":"0tuvpbDEaJOMU2o+TM6XyXAYREexGfrqsQA41EBmT/I="},"chainType":1,"messageKeys":{}}},"pendingPreKey":{"signedKeyId":21,"baseKey":"BVyvnzRu0OZ4W0vIQgOBUEaevl3M78Y+/0pkSpkzKOh9","preKeyId":6521659}}},"version":"v1"}