{"_sessions":{"BQ/kpKxoMZybFpEu7fXIv08+Fgp4s4PNPfXPL4VtjBwb":{"registrationId":1503119296,"currentRatchet":{"ephemeralKeyPair":{"pubKey":"Bdqitx06IV++AGzdUuQcMIuV6KB/nF0IcJ3mtvDtuNFl","privKey":"KNr+Hzo7aDvpt1llEI1j1agqCzj6XQhRHRwBLMllF28="},"lastRemoteEphemeralKey":"BTSnZinaT7rIv98n+skqYRONtCU+fRQeL2JNVS8Um5xc","previousCounter":6,"rootKey":"99nNdntpStk9e8Ms9I/XKtWknBUAvpXrLlREBREvIY4="},"indexInfo":{"baseKey":"BQ/kpKxoMZybFpEu7fXIv08+Fgp4s4PNPfXPL4VtjBwb","baseKeyType":1,"closed":-1,"used":1726739049654,"created":1726733484087,"remoteIdentityKey":"BV2l/84f/oFpHD+zVEQIMRYjHGf+IIhLjf7no+SH2AUJ"},"_chains":{"BQIer01/NEpTWTbjG6Q5qzPi3VGODoV7AjvDJKO6NcxK":{"chainKey":{"counter":0},"chainType":2,"messageKeys":{}},"BdFtg7PUMYFl6EpgERsueDiQFLIZe55ZFqbm20fpCzod":{"chainKey":{"counter":2},"chainType":2,"messageKeys":{}},"BR29warY3XpleAJSuCsI4M0H2mk9A7v/A0uSIPScP5Jr":{"chainKey":{"counter":0},"chainType":2,"messageKeys":{}},"BTSnZinaT7rIv98n+skqYRONtCU+fRQeL2JNVS8Um5xc":{"chainKey":{"counter":0,"key":"uRZA8Whdw714awpo1TmDJ2IujiBrras7cDDywHVgfLo="},"chainType":2,"messageKeys":{}},"Bdqitx06IV++AGzdUuQcMIuV6KB/nF0IcJ3mtvDtuNFl":{"chainKey":{"counter":1,"key":"L27LxWtmwhA/u3AkHoKR1UUKwrLncp/K6ibEdP/LtB8="},"chainType":1,"messageKeys":{}}}}},"version":"v1"}