{"_sessions":{"BbwJC4bEX3ZOxgtouxTAL4TYlPQZ8t6ev804qwEEWw9m":{"registrationId":97697873,"currentRatchet":{"ephemeralKeyPair":{"pubKey":"BeI+jdD8ZV5buw5Vt2NQldC/SLIqZP2okGW3FT3tIYsf","privKey":"KGuTHDCHKhbEtduwr+p1o8aUUgWkV01Dys+q9pQG6Wo="},"lastRemoteEphemeralKey":"BSmUen9hmeSi3GU9YLlXmoJxKjTSM4ZPlB80Zyl26UAx","previousCounter":239,"rootKey":"RCpTNXWrr4zUMdKdpa6yzyGETy1M2rFSfO/Em+GkGcU="},"indexInfo":{"baseKey":"BbwJC4bEX3ZOxgtouxTAL4TYlPQZ8t6ev804qwEEWw9m","baseKeyType":1,"closed":-1,"used":1726757636785,"created":1726581027545,"remoteIdentityKey":"BQtdJnxzPK0FCcj/RfDmBVNFVeSSe8nTxIB1TVOwAUE4"},"_chains":{"BRPDGSw8GOt2qTLpFse6tbMzpzP2JdtdQIhEX855B9px":{"chainKey":{"counter":0},"chainType":2,"messageKeys":{}},"BXFRGbT0acvBCOo67RC82sRbxlwANyuglkrZFf5UQ8dj":{"chainKey":{"counter":0},"chainType":2,"messageKeys":{}},"BUNcU3DII+hHM0nIBkpopvJ9gEZg834KxkJiqPtKNx0t":{"chainKey":{"counter":0},"chainType":2,"messageKeys":{}},"BSy5AixboLUc6kbeool6ZCA8ADsT1R/ExtXHqKBbMukQ":{"chainKey":{"counter":0},"chainType":2,"messageKeys":{}},"BR1TkLXTiBFPjx31C7dyik7SAPFCyzZ9XM2FY/vA2Wha":{"chainKey":{"counter":0},"chainType":2,"messageKeys":{}},"BShZAly3zrpGurjQnwHsO6f239rjbwapGOWFAXzVBFMz":{"chainKey":{"counter":0},"chainType":2,"messageKeys":{}},"BRdJU74CN5riO89ZdnON9t/EG04D4A/0NG5tZo3rw29C":{"chainKey":{"counter":0},"chainType":2,"messageKeys":{}},"BWFG0oQvW43rA0uxiDal/FUlYSvJ7BHi/Shp7AL5V/VI":{"chainKey":{"counter":0},"chainType":2,"messageKeys":{}},"BWjh9aafeH3TARyeHSugHMWD3KoyEC2H/HYQgcYNsUQ7":{"chainKey":{"counter":0},"chainType":2,"messageKeys":{}},"BXZfLbT5LX/BGEC6RlEXmmzN8mX8UNv80AvzTKrAzlg0":{"chainKey":{"counter":0},"chainType":2,"messageKeys":{}},"BV0ljGquOohBS3WHGY9p8ClFe7JK+uCLwWCTO9tW2ekF":{"chainKey":{"counter":3},"chainType":2,"messageKeys":{}},"BfXIbjNqqZx7JVJYlChqIMvtFZtl699+LrqnzjIfR84R":{"chainKey":{"counter":0},"chainType":2,"messageKeys":{}},"BXL6rIF5LYQqjNK2NcHQI7UNGz/yQZ87WiBSewhYz0dE":{"chainKey":{"counter":1},"chainType":2,"messageKeys":{"0":"RWKpwmybfrXz06kp/1N6kuLf9K7+Ls+JNzberGVrgCU="}},"BUjE7BfpVQ5yiv0X85N8dT7e8bO22H2suUmQBp5AZbgR":{"chainKey":{"counter":0},"chainType":2,"messageKeys":{}},"BTgEpSksoIYpIL8pqzyZxUcQ1zZjPhgrGgZg2QDA0aUX":{"chainKey":{"counter":0},"chainType":2,"messageKeys":{}},"Bd+BW399xbbJxAeonbetdQnt+6KiEQR1B/EPpjp4D0hl":{"chainKey":{"counter":0},"chainType":2,"messageKeys":{}},"BRgJtxJi16u9v8Swl++SuR8kgITc0VEh7ytCR4lK4fc7":{"chainKey":{"counter":0},"chainType":2,"messageKeys":{}},"BSR5o61IOD7Kn2o7sVKBkQ6J6SBxSR/e0vfY/+j2SYBU":{"chainKey":{"counter":0},"chainType":2,"messageKeys":{}},"BR/FknEqHBZLbLex4cWRXZEMoxvZnB9Poe2jhUmCdN0R":{"chainKey":{"counter":0},"chainType":2,"messageKeys":{}},"BeKa2RqhqnqM3BMQxLdfbCa+vSFMeU2joI6A+WWNmP9l":{"chainKey":{"counter":0},"chainType":2,"messageKeys":{}},"BXufY/24tqER0UvM0N56eqK+/gntS7MYkZyh4A+z5Tdp":{"chainKey":{"counter":0},"chainType":2,"messageKeys":{}},"BaMiBkfJvDCI1D/VQujVFLsnANb4KtxcE9oIaWyAZLwQ":{"chainKey":{"counter":0},"chainType":2,"messageKeys":{}},"BRWoClpyf5RjjR3dRfSob91yQ870kXQ+ezcmR78/a0AL":{"chainKey":{"counter":0},"chainType":2,"messageKeys":{}},"Bb9jzLx5GKWu5l7OdN6c1YyrkA51sndqbEiucb57Ueh8":{"chainKey":{"counter":0},"chainType":2,"messageKeys":{}},"Bas2kQ75RSWuS12vBZ/2jSrR3atNK0+8lKvG650hq3sP":{"chainKey":{"counter":1},"chainType":2,"messageKeys":{"0":"vlbzfGmdoU5xk/RjdnNqmokuSeHHIv+O3+T3Ne0cpNk="}},"BStsU5IRkJs8adMlxothnMTJKBfxhELgIMlQY1kKC8R/":{"chainKey":{"counter":0},"chainType":2,"messageKeys":{}},"BZMDotqYTJQM1zddGL0jwrs+nG/n2N1ydI0tH2QbvII7":{"chainKey":{"counter":0},"chainType":2,"messageKeys":{}},"BaoLEzz5prjaC+4B6h6XH1aVOkVTDvrsTGsxMOi5MR1i":{"chainKey":{"counter":0},"chainType":2,"messageKeys":{}},"BfDvKKSVANENlUZHJutu6Dec4lPJDdDo7dSYft3g9QFN":{"chainKey":{"counter":0},"chainType":2,"messageKeys":{}},"BY2cE4tNyrFoCiDjTJP4S9WjN9ml163DNGoGJ9PMZxV8":{"chainKey":{"counter":0},"chainType":2,"messageKeys":{}},"BaB7WYp58nx/knkh7+baY/fkidY7ie9cDhdzR9Auy0Qq":{"chainKey":{"counter":0},"chainType":2,"messageKeys":{}},"BX3g1oPLxoHWCaNfC/yvptA/x6OUcRoZh3d83QY6zZdP":{"chainKey":{"counter":0},"chainType":2,"messageKeys":{}},"BWdS3+HhV1N2nZtHu5VjTlDMODROkzn6UXqaa8FappRP":{"chainKey":{"counter":0},"chainType":2,"messageKeys":{}},"BUsQEiB3b9ka9zvJOOI7CBZUUnoPZd0fW8G1wD5/R4Vx":{"chainKey":{"counter":0},"chainType":2,"messageKeys":{}},"BdXF12/0PtWC14VH3KwhMKx4KIqbfnztHuAgLDU8r3w9":{"chainKey":{"counter":0},"chainType":2,"messageKeys":{}},"BUPXi3VoRxfmOjAUhKOfw81CITMZICnLFMH7WheHUu0B":{"chainKey":{"counter":0},"chainType":2,"messageKeys":{}},"BXvL2HjlTJUo6Nz+bt0EgnymKLNhHUnjTpiHNa9Eq8lR":{"chainKey":{"counter":0},"chainType":2,"messageKeys":{}},"BSJQ1QXLjqdXhLFtWNvIZTjIZfc6AJMiK8MdSvrPlbA3":{"chainKey":{"counter":1},"chainType":2,"messageKeys":{}},"BXbsU7pIzaG2Ouu4ah5MO3LEzaBVfQFoPIgamQUyUFVs":{"chainKey":{"counter":0},"chainType":2,"messageKeys":{}},"BQfRx59AGal5Qay+IyyDnpE3Yn+5O9zjkuWz0YEe3qkH":{"chainKey":{"counter":0},"chainType":2,"messageKeys":{}},"BX5ALNV5l7JXNLdIQGv+rSOyQcWnRt4TeyfK9PLh4R9i":{"chainKey":{"counter":0},"chainType":2,"messageKeys":{}},"BYyWywdAXBoKnlF3s2HpFrtw2NfTP8KBmAjQ1soRu60B":{"chainKey":{"counter":0},"chainType":2,"messageKeys":{}},"BTyWFS63j2rNZ8ew5aAqS4dmzdishQBm4oGy+VNpAO0/":{"chainKey":{"counter":0},"chainType":2,"messageKeys":{}},"BTQIGc73p9gmYyj4p0E6pMAPLQotok/Sr5oUOiIjh+Q3":{"chainKey":{"counter":0},"chainType":2,"messageKeys":{}},"Bb0gNkdQUNyNRNKEVJidIYKFUiAIQosmx+1B+qR95oQM":{"chainKey":{"counter":0},"chainType":2,"messageKeys":{}},"BWEe/WGjff9X/ZG7/MAaYcnT1XSwFsFzX04lfjkzrada":{"chainKey":{"counter":0},"chainType":2,"messageKeys":{}},"BUSuUzN/f+lZdsHQPeDsCpwcE1VK0fz7AR4eV5DfIkFO":{"chainKey":{"counter":0},"chainType":2,"messageKeys":{}},"BegXWZhH611x3v80qghK/sW82TRDZ4fBgEaq9hp889s3":{"chainKey":{"counter":0},"chainType":2,"messageKeys":{}},"BQyxQ/4gXIReFH5eF0vIbLJkERPrG50ifdQYaU9JUM8l":{"chainKey":{"counter":0},"chainType":2,"messageKeys":{}},"BWmUFhDE780fLRkxBNylmt2uCXyq/RIQAicOzUdIpdBb":{"chainKey":{"counter":0},"chainType":2,"messageKeys":{}},"BUmPPyUryJyXtXebCOc9OSDU1FWMsy+Ccx+i+4ggVZki":{"chainKey":{"counter":0},"chainType":2,"messageKeys":{}},"BZdmBkB4f7CjMd5iULSYyuEMsDRigdlteOVB00U7SQNt":{"chainKey":{"counter":0},"chainType":2,"messageKeys":{}},"BYCSIcyUTNge4v3IV+1tFpguzFyxd+IhR3d3+/3GD8IC":{"chainKey":{"counter":0},"chainType":2,"messageKeys":{}},"BfoLx6gIUuB/OaF7nTCbIQ7L0iyQQGTox4+niPAyJIoX":{"chainKey":{"counter":0},"chainType":2,"messageKeys":{}},"BWQ+xCH141nh+IYXd9sRt1aYcvvOKEVEPM4aYyFrt98M":{"chainKey":{"counter":0},"chainType":2,"messageKeys":{}},"BVU1rtyxt/51VkDtRjWk0OtIXqxUY4wbepgroToWCX1S":{"chainKey":{"counter":0},"chainType":2,"messageKeys":{}},"BW5veNaAJ9Ir6Brrcz/c7BzwCqkt13G7QJhUlanHh/AF":{"chainKey":{"counter":0},"chainType":2,"messageKeys":{}},"BYyFI8843DD2JDl15TIvp3uzNfEvRq6tAyH245dmPYdc":{"chainKey":{"counter":0},"chainType":2,"messageKeys":{}},"BX/vkuA3RThNArYr0glxKh9cdVapWlke2V3WsAe3fIF3":{"chainKey":{"counter":0},"chainType":2,"messageKeys":{}},"BRUzWbMHolKkIT37SpczwtY0YvTYvydWGQOmPknwJKBY":{"chainKey":{"counter":0},"chainType":2,"messageKeys":{}},"BeVBAI+grgIh8cHHnDxidfUwAR/hD+k0VBSEHWw2zedc":{"chainKey":{"counter":0},"chainType":2,"messageKeys":{}},"BS75NMzSexPFNPJKl9fErKnF0kw/yyu/cX08AsJLX/dn":{"chainKey":{"counter":0},"chainType":2,"messageKeys":{}},"BUaf+Xr9NDGUcKHgZMSa8C7nQFRdfGHSEFL8EwINY6g/":{"chainKey":{"counter":0},"chainType":2,"messageKeys":{}},"BSmUen9hmeSi3GU9YLlXmoJxKjTSM4ZPlB80Zyl26UAx":{"chainKey":{"counter":0,"key":"Esxcu3+s2s+tlrBNTt8VrzTgHgmmoHD3zLHmHznoDGQ="},"chainType":2,"messageKeys":{}},"BeI+jdD8ZV5buw5Vt2NQldC/SLIqZP2okGW3FT3tIYsf":{"chainKey":{"counter":5,"key":"1uLp2xN9Z42j9SeWCIt3nVl6ZYGMCfDHtX9vebmEM9I="},"chainType":1,"messageKeys":{}}}}},"version":"v1"}