{"_sessions":{"BQZzxS858xTvpSkfdBztFSGTEA4gjPsqqtPLmBBkMV85":{"registrationId":715674244,"currentRatchet":{"ephemeralKeyPair":{"pubKey":"BSwomI9WMnmkjExEbMmJYJU/8l4DoS7ECalBm2utfOcr","privKey":"sPAcN3kVJtxGVLPQM6eMnjlfWOMjisyzG6ix4q4Dr1U="},"lastRemoteEphemeralKey":"BT2NIYBFvDYU2AVpl+6fk3HTORkCoXMoUFB4quXScf4P","previousCounter":0,"rootKey":"KCO+Jdgrz6Cqqs9p1wOk4qW6jNxe7XgkE1otbo2lUow="},"indexInfo":{"baseKey":"BQZzxS858xTvpSkfdBztFSGTEA4gjPsqqtPLmBBkMV85","baseKeyType":1,"closed":-1,"used":1726480767654,"created":1726480767654,"remoteIdentityKey":"BQCMcw8dtN0C302hXKN9u7R/HXr8egWSYLQYrSpKbO8t"},"_chains":{"BSwomI9WMnmkjExEbMmJYJU/8l4DoS7ECalBm2utfOcr":{"chainKey":{"counter":0,"key":"3Bsc+7BAZ2n/UIU8Mui1g3zooavu/qfk6JxK/o9i4+s="},"chainType":1,"messageKeys":{}}},"pendingPreKey":{"signedKeyId":10,"baseKey":"BQZzxS858xTvpSkfdBztFSGTEA4gjPsqqtPLmBBkMV85","preKeyId":11441642}}},"version":"v1"}