{"_sessions":{"BfNoY6yoMwwMIu3FD9VwwJCw0DdtX/xQe29XtUXTowFX":{"registrationId":938087962,"currentRatchet":{"ephemeralKeyPair":{"pubKey":"BZX4zF8X1h+/r5o5rLegTvfpBkOMGMixHUIF7NlsP094","privKey":"KNqlcKQe04R4RYA8o8qoHTC/1F9d/H3aGiWdCVmFnkg="},"lastRemoteEphemeralKey":"BUa1pPc1U59fluElOzq4YXlCSQ8JvR9JE5tz6rWBM080","previousCounter":0,"rootKey":"ih+vMdCqTykZRmwUFJyzoVTDfmOYOAi8H7J8Ctgf2eY="},"indexInfo":{"baseKey":"BfNoY6yoMwwMIu3FD9VwwJCw0DdtX/xQe29XtUXTowFX","baseKeyType":1,"closed":-1,"used":1726682770800,"created":1726483493186,"remoteIdentityKey":"BQpzQxhfsGMy4kohNF8xE9t3QApmjJgqb6JcbwRgkWw5"},"_chains":{"BVAmvg9hspRGkouIeeTKtLuTMy6PGws9ZCIR+8kTshYf":{"chainKey":{"counter":0},"chainType":2,"messageKeys":{}},"BUa1pPc1U59fluElOzq4YXlCSQ8JvR9JE5tz6rWBM080":{"chainKey":{"counter":2,"key":"VCk5VirGXrtlBdFGh8KnMkp9h44nDcgOSqgqzkknY0Y="},"chainType":2,"messageKeys":{}},"BZX4zF8X1h+/r5o5rLegTvfpBkOMGMixHUIF7NlsP094":{"chainKey":{"counter":-1,"key":"ihGjOEZ5LKCA1LNN46F9747tOpDnVRCXw1XBCWpdHCY="},"chainType":1,"messageKeys":{}}}}},"version":"v1"}