{"_sessions":{"Bb+gT+kKGJv2wrAGZyRlNJjvvyjAhH2cResIp6CxcVRT":{"registrationId":242247977,"currentRatchet":{"ephemeralKeyPair":{"pubKey":"Bdd8/sXwg+/EexhOlqUgJaftM91YWXkJySMyTsXsw0F2","privKey":"ALISoYtPtv//k0GrNtbsn4f250S3TcK2HcttntczIVo="},"lastRemoteEphemeralKey":"BeCSWTNoBumwW2/KrlC6ytq0b4faiNGcUMLzsaX/9Td1","previousCounter":0,"rootKey":"j5e/7tNBaohSun/aYPrmX34iDRqZBAFOc+1l+QCilWw="},"indexInfo":{"baseKey":"Bb+gT+kKGJv2wrAGZyRlNJjvvyjAhH2cResIp6CxcVRT","baseKeyType":1,"closed":-1,"used":1726465605170,"created":1726465605170,"remoteIdentityKey":"BRAwaUkv/mUPN5yEMgZM72KAVZMclrcKJasiXpNJEoFB"},"_chains":{"Bdd8/sXwg+/EexhOlqUgJaftM91YWXkJySMyTsXsw0F2":{"chainKey":{"counter":41,"key":"ZcONyUPr9PNxN/Rm4GPssrS1eZJ51GiEGscqKydP804="},"chainType":1,"messageKeys":{}}},"pendingPreKey":{"signedKeyId":2,"baseKey":"Bb+gT+kKGJv2wrAGZyRlNJjvvyjAhH2cResIp6CxcVRT","preKeyId":1849966}}},"version":"v1"}