{"_sessions":{"BeH155uRqILu/s8BG0HH7TGmosOT2yCpilmLThqG4MYV":{"registrationId":1959600465,"currentRatchet":{"ephemeralKeyPair":{"pubKey":"BSwoScEKF9JS9QTIMxjNtiUPKTBpQzxcBMpHZjAhQcAJ","privKey":"GOdRVB1sCg7x6fxtxi7XZUnPWpMOxhulWtzA2yiUgX0="},"lastRemoteEphemeralKey":"BTWDuP8USyXTofF3aMKppVjCK7GkuZAbocumGyv5YzE4","previousCounter":0,"rootKey":"cWf6vhHSmrjcEWBOh7gohyWMNw7qoCm69dD7+r1emx4="},"indexInfo":{"baseKey":"BeH155uRqILu/s8BG0HH7TGmosOT2yCpilmLThqG4MYV","baseKeyType":1,"closed":-1,"used":1726465605165,"created":1726465605165,"remoteIdentityKey":"BfpO2gdLKkLwrN/afDkcAx00dbvrAg55zORqX5yMlL0R"},"_chains":{"BSwoScEKF9JS9QTIMxjNtiUPKTBpQzxcBMpHZjAhQcAJ":{"chainKey":{"counter":37,"key":"Ugw28h/e0Gt2RBmQUudueiMAHG02fbRuy8Q1T0LcMRU="},"chainType":1,"messageKeys":{}}},"pendingPreKey":{"signedKeyId":1,"baseKey":"BeH155uRqILu/s8BG0HH7TGmosOT2yCpilmLThqG4MYV","preKeyId":953}}},"version":"v1"}