{"_sessions":{"BcqTBSocRHbD18DfOCy31m5jL9pEJBzR8BfT3KU03QEC":{"registrationId":62,"currentRatchet":{"ephemeralKeyPair":{"pubKey":"BbCcpt86hJYMtwr4ZpEXhl+AiyXHC6rGaYXyT8M1TMhE","privKey":"+P04C/TQcmqsx2WCfCN8ehQlqX6z6e/3tb7XKXz3Mlk="},"lastRemoteEphemeralKey":"BSdvce42YzSdqVI6e5nJjB/3ZvfDk7YWdR2unTglhp1j","previousCounter":0,"rootKey":"pNG+uwg5rfgizDf5iISQmIfQzMl/zpG/+tB3D66MxwA="},"indexInfo":{"baseKey":"BcqTBSocRHbD18DfOCy31m5jL9pEJBzR8BfT3KU03QEC","baseKeyType":1,"closed":-1,"used":1726507251880,"created":1726507251880,"remoteIdentityKey":"BVb2vGdQ4aXGmLPZwAgUTvdeyKBDXNfoToajHOP4fOBy"},"_chains":{"BbCcpt86hJYMtwr4ZpEXhl+AiyXHC6rGaYXyT8M1TMhE":{"chainKey":{"counter":31,"key":"JsFXkQWewiYwrFMJanUIp5XzpRG1X46iDNGOvdX5yR4="},"chainType":1,"messageKeys":{}}},"pendingPreKey":{"signedKeyId":1,"baseKey":"BcqTBSocRHbD18DfOCy31m5jL9pEJBzR8BfT3KU03QEC"}}},"version":"v1"}