{"_sessions":{"BXAWXJX3KZOVv7e4o0ijOoyqxl+tzFLnaFMH3dvxkPtM":{"registrationId":222,"currentRatchet":{"ephemeralKeyPair":{"pubKey":"BRdlz1nhVIrOfsikXYxUhSX+Zs/fr+5iXmc4gk4vCs14","privKey":"gAyuRtPXDVGdtReGzGHh7xdk/Z+7O2k1xwHzg2tl+UE="},"lastRemoteEphemeralKey":"Bc546H2x75JDNIyi9z4pvGIEbQ9LAOuphEojRHM8Kc9R","previousCounter":0,"rootKey":"dUqsSqDvAAMaZDyyUNSemnvP3kE+N5IVyFLej00aZ6A="},"indexInfo":{"baseKey":"BXAWXJX3KZOVv7e4o0ijOoyqxl+tzFLnaFMH3dvxkPtM","baseKeyType":1,"closed":-1,"used":1726475933416,"created":1726475933416,"remoteIdentityKey":"BcAqZYiyw4NfYK8oae8sw6N14F1liQJuFY/sCZm8BWQp"},"_chains":{"BRdlz1nhVIrOfsikXYxUhSX+Zs/fr+5iXmc4gk4vCs14":{"chainKey":{"counter":3,"key":"2lb7/RkqjriSDn/nhZh/bydU2C7PwgX5mIlQvF/SAOY="},"chainType":1,"messageKeys":{}}},"pendingPreKey":{"signedKeyId":1,"baseKey":"BXAWXJX3KZOVv7e4o0ijOoyqxl+tzFLnaFMH3dvxkPtM"}}},"version":"v1"}