{"_sessions":{"BdVVxBgSdkELoGHWXSBU4CLEYFnSVyQb0E6OknW8rAsQ":{"registrationId":92,"currentRatchet":{"ephemeralKeyPair":{"pubKey":"BXYRmOydnZX4FXWlgujZ5DPnRnW7jzqDBbGAw+zszfYq","privKey":"KBg9tQl5Lt4csz1qI8FK9GsdDsBgzJI2frl2f78FcmM="},"lastRemoteEphemeralKey":"BcjJqTu4VaxB3sisocZymAd71iOi6z80XmLCm7FhZ70W","previousCounter":0,"rootKey":"ylZ4iXdhGaqO/XoxANuLt1+vOjJb09dOiXKx50Vxu98="},"indexInfo":{"baseKey":"BdVVxBgSdkELoGHWXSBU4CLEYFnSVyQb0E6OknW8rAsQ","baseKeyType":2,"closed":1726738364490,"used":1726747067374,"created":1726737927579,"remoteIdentityKey":"BS5SwN0n8o9BBtmhIfT+g2AVVXUMUgk4bOLHboY7tdEB"},"_chains":{"BT7i9UvJhvY+nvfTEtUa0vO50IUZ9qBbYZ0HtM6zW+QQ":{"chainKey":{"counter":1},"chainType":2,"messageKeys":{"1":"utu3HOnXg3MztTS9dn5Cc/g/nNkPnzD14aVvMjDBxFI="}},"BdMZhNFPjZDHsVV1J7RLz9ZjujtDcoKMkEb+DvAv6g9T":{"chainKey":{"counter":1},"chainType":2,"messageKeys":{"1":"HeOzsquPNfgfq9j4EjNEbClLggshXTCLcSKl1qxbnuM="}},"BT9S64L6+LK1e+Btxq7NozpoPLiYyKyyq1j6lCq76v5J":{"chainKey":{"counter":4},"chainType":2,"messageKeys":{"0":"ybQNkH6QA3c0Eymd6pv8ZnyEL4yNmL2dU25+EabcdOo=","1":"8WDZQa5zdUgQLk/smyKKy7P69UYvvCXvzDQK8iDlG/I=","2":"1kso3zLyFtd9vbcDShJyPkR3XHof37qSHOwRoS0CIfc=","4":"Fj02qU6q+VerNWydzcCbdPsckRzGwCAImWDJU1lO+W0="}},"BcjJqTu4VaxB3sisocZymAd71iOi6z80XmLCm7FhZ70W":{"chainKey":{"counter":1,"key":"AmGlrQ2dtQoBYvq07r0ullH+sRnmSu889njEBPe1AGg="},"chainType":2,"messageKeys":{}},"BXYRmOydnZX4FXWlgujZ5DPnRnW7jzqDBbGAw+zszfYq":{"chainKey":{"counter":-1,"key":"4AyEgOn2ij9PNoWsoSfzfbKiLhL/wj7BTn9w2UpnJ6U="},"chainType":1,"messageKeys":{}}}},"BdZUuu0o8QtnGINe2RzvZD00amG5evE+nGlOzIl+ZDlO":{"registrationId":92,"currentRatchet":{"ephemeralKeyPair":{"pubKey":"BRxVZq1io4Src+Z4ai2RTgfRKFWP9CldcWMEcK9s+goU","privKey":"wFeQHw4OKzSW/5naZyhoZuBzo66B7h5eR7BwZoG5U3I="},"lastRemoteEphemeralKey":"BcjJqTu4VaxB3sisocZymAd71iOi6z80XmLCm7FhZ70W","previousCounter":0,"rootKey":"OVzOW53drdFXrjmxinUox2nxm7DhwnzwNu/ByYRyHA8="},"indexInfo":{"baseKey":"BdZUuu0o8QtnGINe2RzvZD00amG5evE+nGlOzIl+ZDlO","baseKeyType":1,"closed":1726738471278,"used":1726738364482,"created":1726738364482,"remoteIdentityKey":"BS5SwN0n8o9BBtmhIfT+g2AVVXUMUgk4bOLHboY7tdEB"},"_chains":{"BcjJqTu4VaxB3sisocZymAd71iOi6z80XmLCm7FhZ70W":{"chainKey":{"counter":0,"key":"gDFGMPW2NtGL8wLKyViPdkbZS7/iY/MhQYf3O0/UY28="},"chainType":2,"messageKeys":{}},"BRxVZq1io4Src+Z4ai2RTgfRKFWP9CldcWMEcK9s+goU":{"chainKey":{"counter":-1,"key":"2IcEnAU+8IJ5NJrzqjnQfvQQ2GpuTSNkL89Vdl8EcJM="},"chainType":1,"messageKeys":{}}},"pendingPreKey":{"signedKeyId":1,"baseKey":"BdZUuu0o8QtnGINe2RzvZD00amG5evE+nGlOzIl+ZDlO","preKeyId":16}},"BeIOughH5UK/ZKsuhUX3lefbt0fCMIfvriOUuH67NfBB":{"registrationId":92,"currentRatchet":{"ephemeralKeyPair":{"pubKey":"BZ6ujafRPdo8N5t0RQ21uYZZoRbjtTz9NwSc94NZk4F2","privKey":"SM3p2DmXJvK7IpwObU68M3GbgChnNSPQAto7aTEaXkw="},"lastRemoteEphemeralKey":"BcjJqTu4VaxB3sisocZymAd71iOi6z80XmLCm7FhZ70W","previousCounter":0,"rootKey":"zcBKbCxVqqTEkER1g0xBFh9xPRihThWnf71eGjLLvXk="},"indexInfo":{"baseKey":"BeIOughH5UK/ZKsuhUX3lefbt0fCMIfvriOUuH67NfBB","baseKeyType":1,"closed":1726738575380,"used":1726738471276,"created":1726738471276,"remoteIdentityKey":"BS5SwN0n8o9BBtmhIfT+g2AVVXUMUgk4bOLHboY7tdEB"},"_chains":{"BcjJqTu4VaxB3sisocZymAd71iOi6z80XmLCm7FhZ70W":{"chainKey":{"counter":0,"key":"30fO+QkL+wkj+zxO7JvboyHGnOOREeIecyCnq7yPNRA="},"chainType":2,"messageKeys":{}},"BZ6ujafRPdo8N5t0RQ21uYZZoRbjtTz9NwSc94NZk4F2":{"chainKey":{"counter":-1,"key":"BJHX5L/tSESCcZRiz6E4BcrApfNaIwUu5ygQPnC7gNo="},"chainType":1,"messageKeys":{}}},"pendingPreKey":{"signedKeyId":1,"baseKey":"BeIOughH5UK/ZKsuhUX3lefbt0fCMIfvriOUuH67NfBB","preKeyId":12}},"BWalfzzliHiVAYr9bZzcViuD/D4BLv9a4tpUkWrxoZRg":{"registrationId":92,"currentRatchet":{"ephemeralKeyPair":{"pubKey":"BQ7Z0xgt1CBl1lnUcWCEMO5SSpHN7wdnAO9lFwYxaqci","privKey":"mLI6KPHzLfeOVJ4oVVOsLv6SQPRHItBZPTiCyBjg8EQ="},"lastRemoteEphemeralKey":"BcjJqTu4VaxB3sisocZymAd71iOi6z80XmLCm7FhZ70W","previousCounter":0,"rootKey":"uXW4ZritShe8h7EVgR6kKGovctzd9pnxq/lZL5aA2PY="},"indexInfo":{"baseKey":"BWalfzzliHiVAYr9bZzcViuD/D4BLv9a4tpUkWrxoZRg","baseKeyType":1,"closed":1726738585497,"used":1726738575378,"created":1726738575378,"remoteIdentityKey":"BS5SwN0n8o9BBtmhIfT+g2AVVXUMUgk4bOLHboY7tdEB"},"_chains":{"BcjJqTu4VaxB3sisocZymAd71iOi6z80XmLCm7FhZ70W":{"chainKey":{"counter":0,"key":"BGj9oquih/TI8sDjP0ZKiziJ3T6M0R/05t5hn0aR6ho="},"chainType":2,"messageKeys":{}},"BQ7Z0xgt1CBl1lnUcWCEMO5SSpHN7wdnAO9lFwYxaqci":{"chainKey":{"counter":-1,"key":"bbr87i6dF30ye/iki1LQMuHt9NYWnY5UWzwralx3Wac="},"chainType":1,"messageKeys":{}}},"pendingPreKey":{"signedKeyId":1,"baseKey":"BWalfzzliHiVAYr9bZzcViuD/D4BLv9a4tpUkWrxoZRg","preKeyId":13}},"BVS/og9Q4Jlehgb8tosiIAkEaeJH8Ipn6AzUyItx09xJ":{"registrationId":92,"currentRatchet":{"ephemeralKeyPair":{"pubKey":"BaKl9DM1ne4E694AywiAcgs6FJcvf4VaAeSBq0Telg0Q","privKey":"6D6FATaMo3KuR864FrY4f7PqoncwluD5nHpZHB6VkXU="},"lastRemoteEphemeralKey":"BcjJqTu4VaxB3sisocZymAd71iOi6z80XmLCm7FhZ70W","previousCounter":0,"rootKey":"wljrwMgpiOeRUGmyjM7IkRDA0kABSc7TDs4uPDaHX5o="},"indexInfo":{"baseKey":"BVS/og9Q4Jlehgb8tosiIAkEaeJH8Ipn6AzUyItx09xJ","baseKeyType":1,"closed":1726738639491,"used":1726738585486,"created":1726738585486,"remoteIdentityKey":"BS5SwN0n8o9BBtmhIfT+g2AVVXUMUgk4bOLHboY7tdEB"},"_chains":{"BcjJqTu4VaxB3sisocZymAd71iOi6z80XmLCm7FhZ70W":{"chainKey":{"counter":0,"key":"TJS4EJ1bjqAqpqeiGwW3T0QGcdW1nR4/+gIjGAQLRDQ="},"chainType":2,"messageKeys":{}},"BaKl9DM1ne4E694AywiAcgs6FJcvf4VaAeSBq0Telg0Q":{"chainKey":{"counter":-1,"key":"awBoGOotSokwnbThyJauaf9IRF30UwJTB86TbR9KCV4="},"chainType":1,"messageKeys":{}}},"pendingPreKey":{"signedKeyId":1,"baseKey":"BVS/og9Q4Jlehgb8tosiIAkEaeJH8Ipn6AzUyItx09xJ","preKeyId":28}},"Bdz63+31jwQUSwREje9zB+Pij7wkr/lbRPvmeDPD/PFc":{"registrationId":92,"currentRatchet":{"ephemeralKeyPair":{"pubKey":"BVu/rrAbnzGejJpw1DuWp1PUAtHpiSFECJFwJwXjuCFB","privKey":"EI1nPtvX/tgJtVRwBKwWMKa+e/JEWW7cyboFsb5qjWo="},"lastRemoteEphemeralKey":"BcjJqTu4VaxB3sisocZymAd71iOi6z80XmLCm7FhZ70W","previousCounter":0,"rootKey":"PJHZzsWTZiThIygvsSmi+vhQ9GbgX79jjy1e17t8BH4="},"indexInfo":{"baseKey":"Bdz63+31jwQUSwREje9zB+Pij7wkr/lbRPvmeDPD/PFc","baseKeyType":1,"closed":1726739060378,"used":1726738639481,"created":1726738639481,"remoteIdentityKey":"BS5SwN0n8o9BBtmhIfT+g2AVVXUMUgk4bOLHboY7tdEB"},"_chains":{"BcjJqTu4VaxB3sisocZymAd71iOi6z80XmLCm7FhZ70W":{"chainKey":{"counter":0,"key":"xNwyoT4OacgwldXRuqZts3Wdo9xV3O1NX6ZK2CTIVWQ="},"chainType":2,"messageKeys":{}},"BVu/rrAbnzGejJpw1DuWp1PUAtHpiSFECJFwJwXjuCFB":{"chainKey":{"counter":-1,"key":"PycAngKA1Wl9GTHwZgeVUKJBcJ0tcPesG63llDSrrDA="},"chainType":1,"messageKeys":{}}},"pendingPreKey":{"signedKeyId":1,"baseKey":"Bdz63+31jwQUSwREje9zB+Pij7wkr/lbRPvmeDPD/PFc","preKeyId":20}},"BTnkgrrDEkZqhWNpSY0bdXYr3lqagbZOhm2mMsJA5lI9":{"registrationId":92,"currentRatchet":{"ephemeralKeyPair":{"pubKey":"Bcjn+ULwynoLNjXY5xiLfWtNE4xTfIGp546y1l/ghMcj","privKey":"eDBH/Kz4uyplWd73oUETFVL3ThZSpC1twD6/yEJXVUQ="},"lastRemoteEphemeralKey":"BcjJqTu4VaxB3sisocZymAd71iOi6z80XmLCm7FhZ70W","previousCounter":0,"rootKey":"bWlqu8PYVflvdqxXDwgK+DVwrdaSieWSmmRDYIQ36XE="},"indexInfo":{"baseKey":"BTnkgrrDEkZqhWNpSY0bdXYr3lqagbZOhm2mMsJA5lI9","baseKeyType":1,"closed":1726739149760,"used":1726739060376,"created":1726739060376,"remoteIdentityKey":"BS5SwN0n8o9BBtmhIfT+g2AVVXUMUgk4bOLHboY7tdEB"},"_chains":{"BcjJqTu4VaxB3sisocZymAd71iOi6z80XmLCm7FhZ70W":{"chainKey":{"counter":1,"key":"d7lqurYRlS5wRKbcYr7lvWKeIozjuFrqj0Q4sG6//pE="},"chainType":2,"messageKeys":{"0":"P/Cx+xcOnREgU+k7AaIbhAJ/rNRK3OgxdW/IYsJHQTk="}},"Bcjn+ULwynoLNjXY5xiLfWtNE4xTfIGp546y1l/ghMcj":{"chainKey":{"counter":-1,"key":"3KFvA5Q6J/vda1k3/iUFrKT/EL/t9lq436da3m4ccZ8="},"chainType":1,"messageKeys":{}}},"pendingPreKey":{"signedKeyId":1,"baseKey":"BTnkgrrDEkZqhWNpSY0bdXYr3lqagbZOhm2mMsJA5lI9","preKeyId":21}},"Bc4yiGxlEUa7XzNjsIEMVNhz/z3TKdFWCOS5V0bB5AZZ":{"registrationId":92,"currentRatchet":{"ephemeralKeyPair":{"pubKey":"BS5naz2I0VGO7QSFxLHDNVPgxMvUw5EoVOW/SJ0wYO15","privKey":"aAF6aE6hjhju2R5u92Pv6pIZiClOqKc0C5zA626BXXo="},"lastRemoteEphemeralKey":"BcjJqTu4VaxB3sisocZymAd71iOi6z80XmLCm7FhZ70W","previousCounter":0,"rootKey":"O6BxlxIo1Xk5qnfXEAhwnO4mjxb3r6DKRLgnR47xb90="},"indexInfo":{"baseKey":"Bc4yiGxlEUa7XzNjsIEMVNhz/z3TKdFWCOS5V0bB5AZZ","baseKeyType":1,"closed":-1,"used":1726739149693,"created":1726739149693,"remoteIdentityKey":"BS5SwN0n8o9BBtmhIfT+g2AVVXUMUgk4bOLHboY7tdEB"},"_chains":{"BcjJqTu4VaxB3sisocZymAd71iOi6z80XmLCm7FhZ70W":{"chainKey":{"counter":1,"key":"/3e1DogZDJR1ri6xDfMngfRH/IivmqXvKaFMUko+WEw="},"chainType":2,"messageKeys":{"0":"LHqrYmIYGY7Ck00uUD+4fWlq/BO02n1evWW9IHvpS1s="}},"BS5naz2I0VGO7QSFxLHDNVPgxMvUw5EoVOW/SJ0wYO15":{"chainKey":{"counter":-1,"key":"l2yifEO4EgNJzc0GBWAjvyr2vdFXCqNbAg3bFI86X0E="},"chainType":1,"messageKeys":{}}},"pendingPreKey":{"signedKeyId":1,"baseKey":"Bc4yiGxlEUa7XzNjsIEMVNhz/z3TKdFWCOS5V0bB5AZZ","preKeyId":26}}},"version":"v1"}