{"_sessions":{"BfNYpRcAKcZROWeZrk5DCpRYVr5xYhv8AN0YKGios5xf":{"registrationId":200,"currentRatchet":{"ephemeralKeyPair":{"pubKey":"Bde+PaBZtSxHS6Htg8SeNzjKO0zk3QfwPT/FSHLNpY0o","privKey":"gPwm66VrY39ljRIL/Dxq6lN1JqjT7vCyIucpkwuHMFU="},"lastRemoteEphemeralKey":"BZQZ1Cnoxe92x+KTnW4bt6ROaYRebBlDo1GslkeAnZt+","previousCounter":0,"rootKey":"AX59uCEP/hjhGDeIpFWRIYx+CYA0xAK9WczXw/Jq+qY="},"indexInfo":{"baseKey":"BfNYpRcAKcZROWeZrk5DCpRYVr5xYhv8AN0YKGios5xf","baseKeyType":1,"closed":-1,"used":1726612663852,"created":1726612663852,"remoteIdentityKey":"BV1Icfu6nfzPrWF1hxrwQWAi5rgpVUHD6L+3XuqzSCwf"},"_chains":{"Bde+PaBZtSxHS6Htg8SeNzjKO0zk3QfwPT/FSHLNpY0o":{"chainKey":{"counter":0,"key":"hx+YISjVf0iHdMdtnebCizc08swcQl5zVNqft9N4MwI="},"chainType":1,"messageKeys":{}}},"pendingPreKey":{"signedKeyId":1,"baseKey":"BfNYpRcAKcZROWeZrk5DCpRYVr5xYhv8AN0YKGios5xf","preKeyId":5}}},"version":"v1"}