{"_sessions":{"BZYsMNzkTaVFtY8yQMW1P6cYUjEzk9Dqkthl6wlYIcQR":{"registrationId":711345495,"currentRatchet":{"ephemeralKeyPair":{"pubKey":"BR56p2LgCdStZEQiXUAiug8cq/QtEqZ9QL/vkgEwYEM0","privKey":"iIFSkvOCuvYHwi5CFfHEFrO2QOMKutQ28cIsxQ6ESGk="},"lastRemoteEphemeralKey":"BYolQDKTzKAeq9ueDYyYazpbF1plGDb+t1G1pF8TBocF","previousCounter":36,"rootKey":"UOe+PVy66Ms2zMLsjny+smGmwKatCe3mM74B9NQhupg="},"indexInfo":{"baseKey":"BZYsMNzkTaVFtY8yQMW1P6cYUjEzk9Dqkthl6wlYIcQR","baseKeyType":1,"closed":-1,"used":1726751566747,"created":1726466453464,"remoteIdentityKey":"BeO/Mg8yrDdkrNdY6fXnQnz0W7eykQ5pYmtkEFdLkHAe"},"_chains":{"BbAHBNCCbR9YwR1ssbF8AAjrDCcEPvtqgQI+eC1OQD46":{"chainKey":{"counter":0},"chainType":2,"messageKeys":{}},"BYolQDKTzKAeq9ueDYyYazpbF1plGDb+t1G1pF8TBocF":{"chainKey":{"counter":1,"key":"eRX38wAoH8ufcPgjIAhA1avi9dD9cToHj6vS/IosJb0="},"chainType":2,"messageKeys":{}},"BR56p2LgCdStZEQiXUAiug8cq/QtEqZ9QL/vkgEwYEM0":{"chainKey":{"counter":-1,"key":"BhLvQ/av4s31LeVvjrrx6aQ0ANJlOelNosqEGD8Lmug="},"chainType":1,"messageKeys":{}}}}},"version":"v1"}