{"_sessions":{"BVoRcD/2sVOUmbx0BfpT65iDWheXau2woOBUWIJLLb89":{"registrationId":579663517,"currentRatchet":{"ephemeralKeyPair":{"pubKey":"BQ0YjYNfg7vJbYrf1tw/4urXQL6LhGMM1Pe0jp09BhgM","privKey":"8CvbH9dj12Pk/ujEq/T7mqBepxZZpuKrwTwuyACW93g="},"lastRemoteEphemeralKey":"BeIjR06KP1Tt+Bn6oJBqEaTAHDhdBheUs8XY7p+OIbE5","previousCounter":0,"rootKey":"rre1sYBWKcQrYJOcz0keazB77qpreh+ugE33fTpxubs="},"indexInfo":{"baseKey":"BVoRcD/2sVOUmbx0BfpT65iDWheXau2woOBUWIJLLb89","baseKeyType":1,"closed":-1,"used":1726507252075,"created":1726507252075,"remoteIdentityKey":"BeuHy4PnDCICjGt/6QGEhKAKN8dvgOks/xHM3DWBx0Fq"},"_chains":{"BQ0YjYNfg7vJbYrf1tw/4urXQL6LhGMM1Pe0jp09BhgM":{"chainKey":{"counter":31,"key":"J6pva82yJQd6IcdYgYspa+b5YZL9s0B2wuuWzn4g3VE="},"chainType":1,"messageKeys":{}}},"pendingPreKey":{"signedKeyId":7,"baseKey":"BVoRcD/2sVOUmbx0BfpT65iDWheXau2woOBUWIJLLb89","preKeyId":10628180}}},"version":"v1"}