{"_sessions":{"Bbvn300aoNKE6Vpvfu6QrDWn9klDHmSVPH7Mcy+471Bd":{"registrationId":1421861382,"currentRatchet":{"ephemeralKeyPair":{"pubKey":"BQ3Q8FNNsnTVplnlFbRLdUtw86lXuxMKe07e6mUt4Ipt","privKey":"+LHVAgwPGnWS/5fRQZhQaePddtPuXCBR8JNtcRdlzmY="},"lastRemoteEphemeralKey":"BQa9b5sWeYp7zwiN9DzdKTbwVD9EyRbZRxCTnDaM6oV4","previousCounter":13,"rootKey":"BjWxcmsLqoUNHM0Q0zCwnV5DMKO3L1vZ4+vsrCPfxCA="},"indexInfo":{"baseKey":"Bbvn300aoNKE6Vpvfu6QrDWn9klDHmSVPH7Mcy+471Bd","baseKeyType":1,"closed":-1,"used":1726631659587,"created":1726507252297,"remoteIdentityKey":"Bd7Jr7oyND336Ep6viQceJfVoGyKZVoE5A/23fXED7pP"},"_chains":{"BRX72uAJoG247C+U9kWEdiuo37blu3uH3LKDEczgEvVu":{"chainKey":{"counter":0},"chainType":2,"messageKeys":{}},"BQa9b5sWeYp7zwiN9DzdKTbwVD9EyRbZRxCTnDaM6oV4":{"chainKey":{"counter":1,"key":"Xlsaqq3sScLA2bx21/bnAmaXeF7lmjhN78U/m4xd5Sg="},"chainType":2,"messageKeys":{}},"BQ3Q8FNNsnTVplnlFbRLdUtw86lXuxMKe07e6mUt4Ipt":{"chainKey":{"counter":-1,"key":"o+FOAQTHKEUggpeKIIKHmA6LlLnR3WelJosUXfdCthg="},"chainType":1,"messageKeys":{}}}}},"version":"v1"}