{"_sessions":{"BZbFlP2KvCiuWJzkV8BQ7LjJ3ZbNdAqx0Qm1JV4kxAZA":{"registrationId":1513567637,"currentRatchet":{"ephemeralKeyPair":{"pubKey":"BTsC/7A0E6HZ1wHbrG1gCpLaa//DTRpeUgSuJgZaC+0d","privKey":"iEMn0QnlwZPjPS52oS/5tVYBiuKCOS3woGcV2n2F4H4="},"lastRemoteEphemeralKey":"BXiABg9Q/yG/SjZ/J3FjeUUv79mGpq+ME4Twrx+f0T0W","previousCounter":2,"rootKey":"NbOB9KZRRFMw1oPsNe2KfDeufGoLIVjmqGu6siZzQ2c="},"indexInfo":{"baseKey":"BZbFlP2KvCiuWJzkV8BQ7LjJ3ZbNdAqx0Qm1JV4kxAZA","baseKeyType":2,"closed":-1,"used":1726718138394,"created":1726717729900,"remoteIdentityKey":"Bbov5SbkQcAatZxS8jqoE7/5Uu99rxP7V1mlpRsOgbdm"},"_chains":{"BUnPj/liLOObjphIG1cIWP+zZvEpKqI7VIFTAa7KoJkm":{"chainKey":{"counter":11},"chainType":2,"messageKeys":{"0":"3k1z50qSwjOaOWgIhQ5vytBtSB6TQUxe5b5YDwIzSGE=","1":"ySLetTyAeOjrk+RNlLthsbUgtAC6ddy+nKlr7ux3xVc=","2":"YODZgF3OUxgWFXhPDdFGSCLCSL0TGgVHtBfrWsX4WzE=","3":"NJX7k+fY1yvtHeLuxfVk0neqL2lyXlwA2Zk8ac9+HvA=","4":"L7yHuz12cVvkfdkvJs4zE3ZT6btb97sd8sDHGqrzs84=","5":"ibJBwyDpvxrAWT0oW2TpuSrH6kXFxVV+gpfgoKjGYGo=","6":"HtOz1JAbQshtvdNpIiZ1PEL0YeRwww4I/4N15nURmq8=","7":"PDZ7q/IGxzX4nG9+mJAqhaUC5E3gSNx/RpJsuAnMmnU=","8":"+KXC1qvXPB3ZivciTv87TbPYuTufszYrB2djaU77Q5g=","9":"wH2NmwjsRuK8hFbrXnR0OhtsmYBhfP4sUZEoW9uCTV8=","10":"+diqA/BJeDPPQq9o2HQGwMYFIsaToamtp1iECb/pvcA="}},"BXBQRTvfegijYtIGOermJyaW5zR6mVVIhu9RptsUny0h":{"chainKey":{"counter":1},"chainType":2,"messageKeys":{}},"BXiABg9Q/yG/SjZ/J3FjeUUv79mGpq+ME4Twrx+f0T0W":{"chainKey":{"counter":0,"key":"VtaU5jyxewRjjYOWgP4eXdT13lZ6n1vTR0Htio4uwqQ="},"chainType":2,"messageKeys":{}},"BTsC/7A0E6HZ1wHbrG1gCpLaa//DTRpeUgSuJgZaC+0d":{"chainKey":{"counter":2,"key":"LJ8Cou/E51Ys+3nEK/feuiL/dwYdvJmswaYFmxrru3w="},"chainType":1,"messageKeys":{}}}}},"version":"v1"}