{"_sessions":{"BR9msCzZduyccjym4BB1e9+pamCsd9CRA9QsmFG+QUFM":{"registrationId":742946396,"currentRatchet":{"ephemeralKeyPair":{"pubKey":"BdpXEMTdhzQbJyNiEpKUjNt4DL5XRPYVNB8prmLmkphh","privKey":"GOlY3KaXPuWObtTYXALyYcK6cgvi/BojD37muGSfsmI="},"lastRemoteEphemeralKey":"BUaaE6JEoTTK/FP2BtGws0CuDkiXvc8+bKb9kP3rc7Qj","previousCounter":0,"rootKey":"Uu6AOa3S5NlEfGpwbmfC2Yxzy7AOcaCDCHua7Dch3z0="},"indexInfo":{"baseKey":"BR9msCzZduyccjym4BB1e9+pamCsd9CRA9QsmFG+QUFM","baseKeyType":2,"closed":-1,"used":1726735045165,"created":1726735045165,"remoteIdentityKey":"Be6sOLxdM2Kr6Zykx4jHgPTOZY/amwwaMrmnMgCTTNFx"},"_chains":{"BUaaE6JEoTTK/FP2BtGws0CuDkiXvc8+bKb9kP3rc7Qj":{"chainKey":{"counter":0,"key":"Lbb0SFpEzZhtDqTgjaK4ZEq2VznceZ1AF+bBqr0tErE="},"chainType":2,"messageKeys":{}},"BdpXEMTdhzQbJyNiEpKUjNt4DL5XRPYVNB8prmLmkphh":{"chainKey":{"counter":0,"key":"gOaYzupoEfD+rvgIcSonT/l9fgFLV8bJWT1/a2kjuA8="},"chainType":1,"messageKeys":{}}}}},"version":"v1"}