{"_sessions":{"BS9VKFxxPIZWHKeG5PkZR4KHAyHQKKpqH8jTo29AjX1S":{"registrationId":475416434,"currentRatchet":{"ephemeralKeyPair":{"pubKey":"Beuxb9+FckW1LqYhwo4VvjxnPBP/175k6kfWkUyssl19","privKey":"kCLzM+PDjghKy67U+fWZM0mavA8JGEnkHaxa8jV0n2U="},"lastRemoteEphemeralKey":"BU+yhOglN/FCKYPZDw7hkoNT+Wfv8ZdZr6xBDSVoZMF2","previousCounter":0,"rootKey":"BwVrYAS2bXrQTvnqIKQRMAokrMcSRW8TuQBXOlPMF/o="},"indexInfo":{"baseKey":"BS9VKFxxPIZWHKeG5PkZR4KHAyHQKKpqH8jTo29AjX1S","baseKeyType":1,"closed":-1,"used":1726507252102,"created":1726507252102,"remoteIdentityKey":"BYBVDtxBtjEe2Qnt1hSQ5Kh0SANTSvHNBLBr4QKPYVQL"},"_chains":{"Beuxb9+FckW1LqYhwo4VvjxnPBP/175k6kfWkUyssl19":{"chainKey":{"counter":31,"key":"aeULgpcuIYoLjxmIk45Xusn2b5K1XqA0LZ9RUi8FedQ="},"chainType":1,"messageKeys":{}}},"pendingPreKey":{"signedKeyId":19,"baseKey":"BS9VKFxxPIZWHKeG5PkZR4KHAyHQKKpqH8jTo29AjX1S","preKeyId":189944}}},"version":"v1"}