{"_sessions":{"BeZghXVr2Xk88tZUjhh3ZgPj0UPhtlBaM5CTqXjUp2ot":{"registrationId":1389705852,"currentRatchet":{"ephemeralKeyPair":{"pubKey":"BVw4qDH7y/WlPb6j5WvuQ8JkjZgeu48ThkhgY8tDbUR8","privKey":"qHR9XcUuGiVsEeDUSIJJAaNKopCIjf0OuRVzbh+GulY="},"lastRemoteEphemeralKey":"BVwXJ9Evh3488UuQaOVHuhxMxb+587e/+9NyEVANqTwb","previousCounter":0,"rootKey":"WsgCNsURKg7a8lEc4EGIYY0tozj8tuwnH3ohuEUYotE="},"indexInfo":{"baseKey":"BeZghXVr2Xk88tZUjhh3ZgPj0UPhtlBaM5CTqXjUp2ot","baseKeyType":2,"closed":-1,"used":1726467537430,"created":1726467537430,"remoteIdentityKey":"BR8O4Z+KlDTlTzIxaLFHoJkp8eerwRj10npvFrCrOYdo"},"_chains":{"BVwXJ9Evh3488UuQaOVHuhxMxb+587e/+9NyEVANqTwb":{"chainKey":{"counter":2,"key":"IdkC2yGzxu/5Wn1u5QLQegnQ/yvKH+iS7GCNlHTuiQM="},"chainType":2,"messageKeys":{"1":"tZFLkTxkUnw4qPKqB2JPKSVqalxeNesfNQkRGOLoWIM="}},"BVw4qDH7y/WlPb6j5WvuQ8JkjZgeu48ThkhgY8tDbUR8":{"chainKey":{"counter":2,"key":"3T8z8CyFpxhSUECgYEsTug4BgfoiF3wS8CFsgyVfeCQ="},"chainType":1,"messageKeys":{}}}}},"version":"v1"}