{"_sessions":{"BS/fpcwL2oDlk9dd3MY5YPTXfVSa+dA2lLggIUPJOG1F":{"registrationId":655850416,"currentRatchet":{"ephemeralKeyPair":{"pubKey":"BX7AiTqPZ9ZbMzdDVGufITdNHYveyru328QAvK7BUWw8","privKey":"GJrL3+1ib9tmqdDmY1fgI98Fml3ffQQiBggopC/Tflw="},"lastRemoteEphemeralKey":"BcnoCLNtPT5MaDi1CZqHnoULndXdDRoe5cPfnfSm13os","previousCounter":2,"rootKey":"QzUT+2DOfNUAhyTlb5yzn/9JEnFZbZWsuha8g9850WY="},"indexInfo":{"baseKey":"BS/fpcwL2oDlk9dd3MY5YPTXfVSa+dA2lLggIUPJOG1F","baseKeyType":1,"closed":-1,"used":1726673953458,"created":1726647045776,"remoteIdentityKey":"Bdk0PDiE0LhADWzIuA+6lJ8hD7e+WB3LRSsuO+2DpLE1"},"_chains":{"BWep7dNNYW4tilGSqfTtAik25TZ+zfbIibOeOmo57c8J":{"chainKey":{"counter":0},"chainType":2,"messageKeys":{}},"BQIR7PViVd+5Mfa2woi0t0g5r5e7b2bRtD8kMoQH3Fwg":{"chainKey":{"counter":0},"chainType":2,"messageKeys":{}},"BXPrfDWps1tlzvXd4RdztRyQ1APRnj/+GPaIipBnqAkA":{"chainKey":{"counter":0},"chainType":2,"messageKeys":{}},"BY4R0jMKXeHZcDeFIQHwQDuyEMh91zHQrJ6DYbsWm65b":{"chainKey":{"counter":1},"chainType":2,"messageKeys":{}},"BWj5WHkYj9SAr2nPXxscP9P3qrYwAHL1PgbVqDpE6ioE":{"chainKey":{"counter":0},"chainType":2,"messageKeys":{}},"BcqfRE8I25MfeCGTb2794vmwEsmg7VqagtD7VxkwMdIv":{"chainKey":{"counter":0},"chainType":2,"messageKeys":{}},"BcnoCLNtPT5MaDi1CZqHnoULndXdDRoe5cPfnfSm13os":{"chainKey":{"counter":0,"key":"DfPITEpOowqUzHalUFDPg25IpyFlBOv1dxHh+vrFVjE="},"chainType":2,"messageKeys":{}},"BX7AiTqPZ9ZbMzdDVGufITdNHYveyru328QAvK7BUWw8":{"chainKey":{"counter":2,"key":"1JvcFTHwlxf7Pc5ciEskCxVcY4PBOVtTZb+belKLKN8="},"chainType":1,"messageKeys":{}}}}},"version":"v1"}