{"_sessions":{"Bf6qnHyhIPtKGi4X2hk98/JnA4W/mhlz69Ge2DfoefRt":{"registrationId":1364832808,"currentRatchet":{"ephemeralKeyPair":{"pubKey":"BdkdUI/+UVEdGJ1uw/BujCOvf/LC4KbKzx9Myhreztof","privKey":"ePYj5jxfbB+GMRusaHtcj0QXclKs/C+QYUK4Dm8j5EA="},"lastRemoteEphemeralKey":"BRTWPzwg2vDUPGo/lo6KAXlKzWR6CsjAp6F+/GIbXxFs","previousCounter":0,"rootKey":"138X5Ra2uOt9+RMH7cdmia4vy4Fov40bnn8wdL8wZwo="},"indexInfo":{"baseKey":"Bf6qnHyhIPtKGi4X2hk98/JnA4W/mhlz69Ge2DfoefRt","baseKeyType":1,"closed":-1,"used":1726480767672,"created":1726480767672,"remoteIdentityKey":"BQEI7JLBwXa85rbrFxuyIXsdGphIvoPVOCeYPW+rSsA2"},"_chains":{"BdkdUI/+UVEdGJ1uw/BujCOvf/LC4KbKzx9Myhreztof":{"chainKey":{"counter":0,"key":"iLEZLBgujhjS7ZqNYxENinKDyIn6mMI2/84VdkQJB4I="},"chainType":1,"messageKeys":{}}},"pendingPreKey":{"signedKeyId":1,"baseKey":"Bf6qnHyhIPtKGi4X2hk98/JnA4W/mhlz69Ge2DfoefRt","preKeyId":1775099}}},"version":"v1"}