{"_sessions":{"BYjKVUp+wLCqwk7zSm3jA+Vq8wbtPacrAU0/iL4uqShc":{"registrationId":47,"currentRatchet":{"ephemeralKeyPair":{"pubKey":"BXwAtacYB4FbVuxxysBuQSKdCe35efZPvj+gJHBKrP4h","privKey":"iII7tMg5GvrQYVo1SdUeL0vxX72xREEdPDHIBEBY7Fc="},"lastRemoteEphemeralKey":"BXf4eCX0c/nz/0Sw2c24XInBUYGoppQFD4XayZI3CmRi","previousCounter":0,"rootKey":"Gb81PVnZAzCskpYhmckIDdkm6haGc4Ix5NO+SmJX+OQ="},"indexInfo":{"baseKey":"BYjKVUp+wLCqwk7zSm3jA+Vq8wbtPacrAU0/iL4uqShc","baseKeyType":1,"closed":-1,"used":1726492603564,"created":1726492603564,"remoteIdentityKey":"BQA48UUJi2eZWcWby1evI9QsfEnQwC4V+yFgf4MSbSoc"},"_chains":{"BXwAtacYB4FbVuxxysBuQSKdCe35efZPvj+gJHBKrP4h":{"chainKey":{"counter":21,"key":"GL6M3RUAFhb8nlAI3/lDEU+yw1p+5CZjPIzMThK390Q="},"chainType":1,"messageKeys":{}}},"pendingPreKey":{"signedKeyId":1,"baseKey":"BYjKVUp+wLCqwk7zSm3jA+Vq8wbtPacrAU0/iL4uqShc"}}},"version":"v1"}