{"_sessions":{"BYVk+txwr8Bd6ngWkHkZsUyKpt2GtOmw+c0S1ixj7AQf":{"registrationId":358517652,"currentRatchet":{"ephemeralKeyPair":{"pubKey":"BQ3kg0owBDkzu0P4guv+q6Hd2lrxKTWeuSsG81FYDGlk","privKey":"WDvjLDt+zsNfdUNqBmhYdvdd+9l/80NABayau80isUc="},"lastRemoteEphemeralKey":"BWq/TDey+w6xrJaEDlQ6YFuLtg9eXL+xXxUSa409V7hM","previousCounter":0,"rootKey":"ED1qGmFDqhtIZ95xhRkvr69Q5YI7YNzhnB6wrVVpYkA="},"indexInfo":{"baseKey":"BYVk+txwr8Bd6ngWkHkZsUyKpt2GtOmw+c0S1ixj7AQf","baseKeyType":1,"closed":-1,"used":1726480767667,"created":1726480767667,"remoteIdentityKey":"BWA900hngy1X6SYIEV1tKrfJO+bGOC+fLyCBCA84YNIG"},"_chains":{"BQ3kg0owBDkzu0P4guv+q6Hd2lrxKTWeuSsG81FYDGlk":{"chainKey":{"counter":0,"key":"JcRXy40CxRSynM77igKyqoCFWh5Lq70H5W3GP6UyVvo="},"chainType":1,"messageKeys":{}}},"pendingPreKey":{"signedKeyId":20,"baseKey":"BYVk+txwr8Bd6ngWkHkZsUyKpt2GtOmw+c0S1ixj7AQf","preKeyId":9618794}}},"version":"v1"}