{"_sessions":{"BT1kqglNWz5w/fERb43eyoFbDLliC4Jfcs7fxQvpq2U0":{"registrationId":120083419,"currentRatchet":{"ephemeralKeyPair":{"pubKey":"BTh6NhBzWq/13inakEdSgAeCxNseXhzPltMEjv7KEcYI","privKey":"EL6/oZVpcsnc1Sq5YEATEBinN8Gd6tmnLHUtXp1cSHQ="},"lastRemoteEphemeralKey":"BUHf/naM889BovErQHtJw1F0SSP8H9w+sa5+HKD+bSNV","previousCounter":0,"rootKey":"Un+Ay39+gpcnqQ42Y5IyTJSgucake/aR5D++GKctxRA="},"indexInfo":{"baseKey":"BT1kqglNWz5w/fERb43eyoFbDLliC4Jfcs7fxQvpq2U0","baseKeyType":1,"closed":-1,"used":1726465605198,"created":1726465605198,"remoteIdentityKey":"BasdACVZvMm0KDwzfuQFOHz5GrlsG3yUexB8IVf6cZsY"},"_chains":{"BTh6NhBzWq/13inakEdSgAeCxNseXhzPltMEjv7KEcYI":{"chainKey":{"counter":37,"key":"ve99FfnivVpdrRCj+9FgAaQU5gFwKpHHcTYFVku0vnw="},"chainType":1,"messageKeys":{}}},"pendingPreKey":{"signedKeyId":2,"baseKey":"BT1kqglNWz5w/fERb43eyoFbDLliC4Jfcs7fxQvpq2U0"}}},"version":"v1"}