{"_sessions":{"BUF3Um6oDRFZmViOS5N4kCbnIin/kVs+M9bp19YXxcli":{"registrationId":1917923002,"currentRatchet":{"ephemeralKeyPair":{"pubKey":"Bd++k/YB6PVDszpvTqgJIdW2rhktHO2FewD7zlfXzUM0","privKey":"wPJQPpp14WmaCYD8NmmZ3q0YDQ+H44cfaVvC3+evFVY="},"lastRemoteEphemeralKey":"BZfyvZelYJn9XFmxOMQjMND2nE1IwUlcGkHEquPQGbEN","previousCounter":1,"rootKey":"aZ90Jn9XkxEdTFs7ek+YteZKDvA+OfbhKuqMc6LoTE0="},"indexInfo":{"baseKey":"BUF3Um6oDRFZmViOS5N4kCbnIin/kVs+M9bp19YXxcli","baseKeyType":1,"closed":-1,"used":1726647150766,"created":1726647145395,"remoteIdentityKey":"BdEzs2GNvCGozYCKPlrIKs1YUzmChWw5E9TYB19vtX4H"},"_chains":{"BZfyvZelYJn9XFmxOMQjMND2nE1IwUlcGkHEquPQGbEN":{"chainKey":{"counter":0,"key":"Ca6iTlf+ldOQKd6Xtmmp30yZc/uxoLD7IXwj2RvCn64="},"chainType":2,"messageKeys":{}},"Bd++k/YB6PVDszpvTqgJIdW2rhktHO2FewD7zlfXzUM0":{"chainKey":{"counter":1,"key":"84SGl1m/gzYdZpfDQp2otCN69mWv5TFceYA8f0mGY8A="},"chainType":1,"messageKeys":{}}}}},"version":"v1"}