{"_sessions":{"BWqcIMKeujJ5pUHyp/0dKnLYL1Vcdxi7LVfFnmF0lCMj":{"registrationId":247,"currentRatchet":{"ephemeralKeyPair":{"pubKey":"BWyAKmwaN/l3wUdrqx4TVLcIKFr5VMUN3+SP1Pl9ksF0","privKey":"cDA0LVQz36AV27shke1rhipyALEZ/0ML/pMckft38Xw="},"lastRemoteEphemeralKey":"BaJTU8SsdtKJFBMxbWAYJJMqiDQLEyIGHzns/AIDvdgj","previousCounter":0,"rootKey":"RudXvFza0PeIGZ+SHX+scv1TN6kWVjBUBTXuJMbGgSs="},"indexInfo":{"baseKey":"BWqcIMKeujJ5pUHyp/0dKnLYL1Vcdxi7LVfFnmF0lCMj","baseKeyType":1,"closed":-1,"used":1726465605131,"created":1726465605131,"remoteIdentityKey":"BXEOCE+/P0bCDU7tJ6QqqtKNQ0CLkMCFbbxJAW5Mzw4e"},"_chains":{"BWyAKmwaN/l3wUdrqx4TVLcIKFr5VMUN3+SP1Pl9ksF0":{"chainKey":{"counter":41,"key":"wca6pp5pZNYuNcFegEhDGv0P2shWLawakgD3CP22ux8="},"chainType":1,"messageKeys":{}}},"pendingPreKey":{"signedKeyId":1,"baseKey":"BWqcIMKeujJ5pUHyp/0dKnLYL1Vcdxi7LVfFnmF0lCMj"}}},"version":"v1"}