{"_sessions":{"BQaUuUlp/3KsEDcgcj+7Wn8jYD2w4f1u5LmOalLQLFcj":{"registrationId":118,"currentRatchet":{"ephemeralKeyPair":{"pubKey":"BYOGYSYEpKjHzqNK42ywk8FJCg+w1V9G78O3JmV2y8Yu","privKey":"KAlahtPd8Zsm3qqz/A4VrAnX5TmEFlfX/4x7vBXNJUY="},"lastRemoteEphemeralKey":"BbgPPh/ekHcbsfLHi4HnQCmJN34yEEPulDwu0dlHXW03","previousCounter":0,"rootKey":"aDi1eNXkhg8TstqsJMzgaUWV5Zeyz406yomvLPymVnI="},"indexInfo":{"baseKey":"BQaUuUlp/3KsEDcgcj+7Wn8jYD2w4f1u5LmOalLQLFcj","baseKeyType":1,"closed":-1,"used":1726465605095,"created":1726465605095,"remoteIdentityKey":"Bfvz51H4aPomm7tPBCMI+FhqiRKAZ6PHSe510PdxlntB"},"_chains":{"BYOGYSYEpKjHzqNK42ywk8FJCg+w1V9G78O3JmV2y8Yu":{"chainKey":{"counter":41,"key":"nX83iog7EJ4gZ82FMXcyFNeAe9raher8iEwE/Ib4pP8="},"chainType":1,"messageKeys":{}}},"pendingPreKey":{"signedKeyId":1,"baseKey":"BQaUuUlp/3KsEDcgcj+7Wn8jYD2w4f1u5LmOalLQLFcj"}}},"version":"v1"}