{"_sessions":{"BT4nDVLpaH1CNlf2S8niv1qbkdFEqrCxb23xgxqj/Cxc":{"registrationId":2901,"currentRatchet":{"ephemeralKeyPair":{"pubKey":"BTheKWXBytnn7MSwz6MMxOJItjcxgdjOjQc4inGsh843","privKey":"mEpgTm9GTyKrdt4z2LsakMi6StQE9+TQRw2l1zYD2F8="},"lastRemoteEphemeralKey":"BaueOX1jCeF4sd4hfz7PYR4fmHSQAI0YBGhVOg3QoDAx","previousCounter":0,"rootKey":"GkiCMk9i4CGn3Y5HNFoXqfMS9LqYdLo5mJUQgmwIaPc="},"indexInfo":{"baseKey":"BT4nDVLpaH1CNlf2S8niv1qbkdFEqrCxb23xgxqj/Cxc","baseKeyType":1,"closed":-1,"used":1726465605152,"created":1726465605152,"remoteIdentityKey":"BcXDO7EurmlUVN1K+7a5qFnA3XtnK4yFyFIMG3SbTcBS"},"_chains":{"BTheKWXBytnn7MSwz6MMxOJItjcxgdjOjQc4inGsh843":{"chainKey":{"counter":37,"key":"RFHuIkWVmVydzyt8efwOddfmHxl0kz7CW+fDAgkzzDo="},"chainType":1,"messageKeys":{}}},"pendingPreKey":{"signedKeyId":1,"baseKey":"BT4nDVLpaH1CNlf2S8niv1qbkdFEqrCxb23xgxqj/Cxc","preKeyId":500}}},"version":"v1"}