{"_sessions":{"BRl54lXLfZ0bEnb/NVZRyjucKPSbD6KNfgOo/s47RLwI":{"registrationId":441380114,"currentRatchet":{"ephemeralKeyPair":{"pubKey":"BTo+H3hF7addD5wyxs3+pbaTo5rZsGmzsIH02JFCC+pq","privKey":"CKopsp8snkunFr1qoExH10jTosdPb0W5fS1BtF+ezkk="},"lastRemoteEphemeralKey":"Ba1jc5zpGE/rFfalGW02b+xrF/lu16GBfoF/cfs9xKQl","previousCounter":0,"rootKey":"0qllTpVf7iS3NylLvem7l2Y1mrHxdhiSrYgrpk/TaCs="},"indexInfo":{"baseKey":"BRl54lXLfZ0bEnb/NVZRyjucKPSbD6KNfgOo/s47RLwI","baseKeyType":1,"closed":-1,"used":1726507252166,"created":1726507252166,"remoteIdentityKey":"BU1I+yYmuM1IhqbI8hLodShlL6SuLK/S+inf24hdY5E8"},"_chains":{"BTo+H3hF7addD5wyxs3+pbaTo5rZsGmzsIH02JFCC+pq":{"chainKey":{"counter":31,"key":"RaD51z+FtIsBAL7N48yZmmVx6iJCqA1VNSHcCSeXsww="},"chainType":1,"messageKeys":{}}},"pendingPreKey":{"signedKeyId":2,"baseKey":"BRl54lXLfZ0bEnb/NVZRyjucKPSbD6KNfgOo/s47RLwI","preKeyId":8525141}}},"version":"v1"}