{"_sessions":{"BRThUG7DhGYZeGj9CAOjiSES86ZRGBBVSzSPWV7D7Bdb":{"registrationId":1968495275,"currentRatchet":{"ephemeralKeyPair":{"pubKey":"BXPj9XbRFAbAck07cO2QDEKuYaAojfsZl/1W/nknCjR/","privKey":"UNSnHaUxXRTJPxjOfOjnOwzBYZq9THHBBXQNMJqBlVo="},"lastRemoteEphemeralKey":"BQB4n/lAaZyunj/Bto4/EOowSp/PKr92iC7G3Xhyo79r","previousCounter":0,"rootKey":"buB1caMJJlOY0lKYHX4YEZEhzl2Gy1h5M03h8bkLF1A="},"indexInfo":{"baseKey":"BRThUG7DhGYZeGj9CAOjiSES86ZRGBBVSzSPWV7D7Bdb","baseKeyType":1,"closed":-1,"used":1726507252051,"created":1726507252051,"remoteIdentityKey":"BVHlTskKBftfVzdPleYLJrxDmCXwLBpRKH63fAk+/7Z0"},"_chains":{"BXPj9XbRFAbAck07cO2QDEKuYaAojfsZl/1W/nknCjR/":{"chainKey":{"counter":31,"key":"FpuX5rpnMcDEyWfLiX/W5uYUUjGz9iqhlUe9mokIKDI="},"chainType":1,"messageKeys":{}}},"pendingPreKey":{"signedKeyId":9,"baseKey":"BRThUG7DhGYZeGj9CAOjiSES86ZRGBBVSzSPWV7D7Bdb","preKeyId":357297}}},"version":"v1"}