{"_sessions":{"BSrfelHRiymgFOC21Az1fb0dY/8sW35vw5oTJ6PxxrRM":{"registrationId":766069332,"currentRatchet":{"ephemeralKeyPair":{"pubKey":"BWtI9fwN2KifsYft+hzncfg3euJhinSo7DAOIRxcQ4hU","privKey":"kFYKUSEzojLckWb9zxTCTwbx4L5ALZO7TXVASSMiKW4="},"lastRemoteEphemeralKey":"BTAlHIRmBsyooq1EPs+cB+mEwycmfzBCw+zQeOfeEdYl","previousCounter":0,"rootKey":"Zo1/OC3HuwmKllWSHJj0rxi84PFafna83A0gdX7oaRs="},"indexInfo":{"baseKey":"BSrfelHRiymgFOC21Az1fb0dY/8sW35vw5oTJ6PxxrRM","baseKeyType":2,"closed":-1,"used":1726471438153,"created":1726471438153,"remoteIdentityKey":"BcZHDxPTtsNvQ5oC9GiIulWiTeWSulIVoLDcjqBqdDEs"},"_chains":{"BTAlHIRmBsyooq1EPs+cB+mEwycmfzBCw+zQeOfeEdYl":{"chainKey":{"counter":0,"key":"9gXjKFvpphSodxy0YPyhY2UbVzF7ZvrVItwy9ScVHIs="},"chainType":2,"messageKeys":{}},"BWtI9fwN2KifsYft+hzncfg3euJhinSo7DAOIRxcQ4hU":{"chainKey":{"counter":0,"key":"F3B5h6ofSi6J+4BnK0AjqLDuYDSjipAoEuLXZGAs3aQ="},"chainType":1,"messageKeys":{}}}}},"version":"v1"}