{"_sessions":{"BVEMqPvWufStofoirYhdZ2YyMn1ZYwQt2EoCAoHaRiQp":{"registrationId":4673,"currentRatchet":{"ephemeralKeyPair":{"pubKey":"BYcu717I4G8/zQVMxP3v6QdwJDQy1UZW+xNAVdjPBSVe","privKey":"KE3VI7kUFmTicmait1tcUqAlEyFxO/GdsWU2u/h1wmE="},"lastRemoteEphemeralKey":"BRbMnVsR+WHqJvAlVf3aF+w0gR2xdQeUOlXrQ/CYefpN","previousCounter":0,"rootKey":"Jw6y/NxODBGelHvM9+l5nkMJzGaXO/tfcjvPVvnW8wM="},"indexInfo":{"baseKey":"BVEMqPvWufStofoirYhdZ2YyMn1ZYwQt2EoCAoHaRiQp","baseKeyType":1,"closed":-1,"used":1726507251982,"created":1726507251982,"remoteIdentityKey":"BcgF80+DM0U3KSs6GogxVQBVMDwr29RvgJ8bUTVSCeg3"},"_chains":{"BYcu717I4G8/zQVMxP3v6QdwJDQy1UZW+xNAVdjPBSVe":{"chainKey":{"counter":0,"key":"red1OvM41YE5idRV3j4aYzugmFMdatJ/z9Zs1Ai+rp0="},"chainType":1,"messageKeys":{}}},"pendingPreKey":{"signedKeyId":2,"baseKey":"BVEMqPvWufStofoirYhdZ2YyMn1ZYwQt2EoCAoHaRiQp"}}},"version":"v1"}