{"_sessions":{"Bcd9W6Mqql2a1gq0rB4zkqHGdk2sC0vQ932qtP49uPEP":{"registrationId":1317583960,"currentRatchet":{"ephemeralKeyPair":{"pubKey":"BUMwUflF115hozSMz86UklfK8ShysPIaxeWwkqRUqJUO","privKey":"+IKi0lbG/OWbLPUV4fmbYvXkPVUBYhbj89yLbk2ufmI="},"lastRemoteEphemeralKey":"BdofNVG8wS+YebFYB+V0cWRMBFyRMTlHsSYlQxoy8xwU","previousCounter":0,"rootKey":"2JaH9R/2r60EQwmhWHG5XB0aU/BU2FGH9XFh/63x9mU="},"indexInfo":{"baseKey":"Bcd9W6Mqql2a1gq0rB4zkqHGdk2sC0vQ932qtP49uPEP","baseKeyType":1,"closed":1726712385766,"used":1726511978482,"created":1726465605271,"remoteIdentityKey":"BZ0Ay61C2zQw9PY+hveYqcMyen2wP5qH9E8LvXX0awpV"},"_chains":{"BdofNVG8wS+YebFYB+V0cWRMBFyRMTlHsSYlQxoy8xwU":{"chainKey":{"counter":0,"key":"q4Jj/9KSn0f5tx4JJu30XPvscUrdgctlkmcPItKfJ8I="},"chainType":2,"messageKeys":{}},"BUMwUflF115hozSMz86UklfK8ShysPIaxeWwkqRUqJUO":{"chainKey":{"counter":35,"key":"tjyx552U3zg9Jf6KUYEoJGIlNEkbX5IsU79Z/nnUEgc="},"chainType":1,"messageKeys":{}}}},"BUwbK8LPCWq04aYkV4iQlECedsb0YhwDBWN6Mxx0knwv":{"registrationId":1317583960,"currentRatchet":{"ephemeralKeyPair":{"pubKey":"BWcUP6k5f2RnH+qwQwHNpCH12Pxr1RfnhEgWkM2XQsUp","privKey":"WHnvuBACkervmAkPL+WuyIslchwVKtG6dG2z7ju3TVs="},"lastRemoteEphemeralKey":"Ba59cEgi+i76Xh8haY0HUhaekqXfEsvC/H2k4EcU1e0g","previousCounter":0,"rootKey":"+YZz581aby8rgK4MZWlc1ccXP38mv58eNCJYelSqEZY="},"indexInfo":{"baseKey":"BUwbK8LPCWq04aYkV4iQlECedsb0YhwDBWN6Mxx0knwv","baseKeyType":2,"closed":-1,"used":1726712385770,"created":1726712385770,"remoteIdentityKey":"BZ0Ay61C2zQw9PY+hveYqcMyen2wP5qH9E8LvXX0awpV"},"_chains":{"Ba59cEgi+i76Xh8haY0HUhaekqXfEsvC/H2k4EcU1e0g":{"chainKey":{"counter":0,"key":"653RqH4rYx3tkQ6/xtPEGIXStTYszfLRiKMQ0obQ4To="},"chainType":2,"messageKeys":{}},"BWcUP6k5f2RnH+qwQwHNpCH12Pxr1RfnhEgWkM2XQsUp":{"chainKey":{"counter":0,"key":"wtuloBXWav83w5p/XBYRyT7C3IJ4Gf5YQR297PmXGHY="},"chainType":1,"messageKeys":{}}}}},"version":"v1"}