{"_sessions":{"BcJC/voIUyus5dy4Rwuoh4dI57vmvkCKya832gl6cnZb":{"registrationId":1485782545,"currentRatchet":{"ephemeralKeyPair":{"pubKey":"Bc7539y47qOPhe/purYb21o6w3qyNr0JH9gwm0M20zY6","privKey":"8BmeDXgUMmjOIDA6hj3j9Bj1Fx5Wh4kxUDLEoBD+C2M="},"lastRemoteEphemeralKey":"BR+6FqGsycU0TxSkTyE4+IBoQFgP93bBbhpJ1xXgD/Be","previousCounter":0,"rootKey":"WgQNbzqkDR3MiysKHg8OkAqO7iRoSzNl5kBdocLpDKA="},"indexInfo":{"baseKey":"BcJC/voIUyus5dy4Rwuoh4dI57vmvkCKya832gl6cnZb","baseKeyType":1,"closed":-1,"used":1726465605257,"created":1726465605257,"remoteIdentityKey":"BQ/A+ngwvV1EwVMeIDQ4C5xQWz7Ave0pBEiuLtiCeCYM"},"_chains":{"Bc7539y47qOPhe/purYb21o6w3qyNr0JH9gwm0M20zY6":{"chainKey":{"counter":37,"key":"f6SLWapmzPQIJgkBJeKm2PbgRnr/Qk/C8+J/BJc+X7A="},"chainType":1,"messageKeys":{}}},"pendingPreKey":{"signedKeyId":1,"baseKey":"BcJC/voIUyus5dy4Rwuoh4dI57vmvkCKya832gl6cnZb","preKeyId":5943958}}},"version":"v1"}