{"_sessions":{"BVuhwR0VTLf0z4aLBc/uyO9of851IM1HOIxN8RjHp6hQ":{"registrationId":5837,"currentRatchet":{"ephemeralKeyPair":{"pubKey":"BWjSdVZpltmLbaCT5oz9BfmE/b9jjqHzGEnkOOEz4Hp7","privKey":"wCLrmKlltS+N9l3pFrcLDxJaBJ+aprQPdKg9GVZJV3I="},"lastRemoteEphemeralKey":"BWleHbBahegd4EqhCzKy2Z4+5lucMYi03e7sZB+e7yAa","previousCounter":0,"rootKey":"bWWlerNTq1BJaJCz5BKFM8Vnmmjn8dUOs2C+xG92NjU="},"indexInfo":{"baseKey":"BVuhwR0VTLf0z4aLBc/uyO9of851IM1HOIxN8RjHp6hQ","baseKeyType":1,"closed":-1,"used":1726507251973,"created":1726507251973,"remoteIdentityKey":"BQHLpD+sjfwvuM562SxXwESM5cFNYZ++o9gRJbT4anph"},"_chains":{"BWjSdVZpltmLbaCT5oz9BfmE/b9jjqHzGEnkOOEz4Hp7":{"chainKey":{"counter":0,"key":"y1t0Fip506Nw/JIggkRopygwErhPWdIUymym6z5SFD8="},"chainType":1,"messageKeys":{}}},"pendingPreKey":{"signedKeyId":2,"baseKey":"BVuhwR0VTLf0z4aLBc/uyO9of851IM1HOIxN8RjHp6hQ","preKeyId":2249}}},"version":"v1"}