{"_sessions":{"BWBw9JVoG/q42DRgH+Vy6skensAlxp8cqEDOX70sMwEI":{"registrationId":1,"currentRatchet":{"ephemeralKeyPair":{"pubKey":"BW+K0HBsU89PRQ7YgsHPOHIhfO+oLX+th4ITAgVlrxMb","privKey":"ICmDUsqscPKk84yn9gD4B5jMi3VU8I3y9iFpsXNKYHg="},"lastRemoteEphemeralKey":"BbB4/V01n8FUzSQLVwU6OcrhjW7fZM1wmPPjiYxhhtYo","previousCounter":0,"rootKey":"PBLlQ3vMR30FsiTIIFnLEBXYPhTt15tdzc5SG7DDQyI="},"indexInfo":{"baseKey":"BWBw9JVoG/q42DRgH+Vy6skensAlxp8cqEDOX70sMwEI","baseKeyType":1,"closed":-1,"used":1726754063659,"created":1726751092169,"remoteIdentityKey":"BaQPlAhbK0itZkvnqbbkqeE4bJVwEbcqfn9tsKtYkBkJ"},"_chains":{"BbB4/V01n8FUzSQLVwU6OcrhjW7fZM1wmPPjiYxhhtYo":{"chainKey":{"counter":0,"key":"CLNCOTnCV5JaEaDLsEvmUysxbsYV/DMT0ZyYOBO8Hlc="},"chainType":2,"messageKeys":{}},"BW+K0HBsU89PRQ7YgsHPOHIhfO+oLX+th4ITAgVlrxMb":{"chainKey":{"counter":-1,"key":"nAHtMK3oVsdOHud1cJappa4kKd/O+GjD1E0SBAh6v5g="},"chainType":1,"messageKeys":{}}}}},"version":"v1"}