{"_sessions":{"BbkEVZCOicz2EHqKjFY53kcD/x/SV8zQvAbJCvs2JLN8":{"registrationId":245,"currentRatchet":{"ephemeralKeyPair":{"pubKey":"Bcm6d7ruH5kytYP+KhpOhhEZGJpeB65TFmIYWU/0H6gK","privKey":"UKoUumrY8A8an5M5Hbb1LZAibwF8A4SxzBk5dO4eg3w="},"lastRemoteEphemeralKey":"BXiuIrSEE9/vDw57ykUku3bJfmF4Veuj3s48BliLe9kp","previousCounter":0,"rootKey":"c7JsiptneZF+gjZTBDv9pbimYll2YdhUE0oVDZEPcS0="},"indexInfo":{"baseKey":"BbkEVZCOicz2EHqKjFY53kcD/x/SV8zQvAbJCvs2JLN8","baseKeyType":1,"closed":-1,"used":1726616917756,"created":1726595816480,"remoteIdentityKey":"BTKq8ydr8FuyYoGACD7i/4Or/qtWiJ4zK1bLOI2rdd19"},"_chains":{"BV8JToOUI1glo3FEemuURsYNl2Bu/SmBfJRA6XNcUsp3":{"chainKey":{"counter":0},"chainType":2,"messageKeys":{}},"BXiuIrSEE9/vDw57ykUku3bJfmF4Veuj3s48BliLe9kp":{"chainKey":{"counter":0,"key":"AUef4bzH6IRQa6XOpcb1kLkSnsyuViDd4wwAN84xL8g="},"chainType":2,"messageKeys":{}},"Bcm6d7ruH5kytYP+KhpOhhEZGJpeB65TFmIYWU/0H6gK":{"chainKey":{"counter":6,"key":"62SgcQNQ40xNYipNC2u6xM3ioBnY9TawuvMyxv14v1M="},"chainType":1,"messageKeys":{}}}}},"version":"v1"}