{"_sessions":{"BQ/X7usKQ1jYN7h8+2Ey2lBD2QPHHm7Z//WqOU/sWzNw":{"registrationId":61773436,"currentRatchet":{"ephemeralKeyPair":{"pubKey":"Be3e6Sp1T2jfUN1pvkPaXNp1JZaVefqrZbRdtAD3+T4Y","privKey":"gL0fLrwE88/2iwRHRnfTsmSCyQt/YM7lNhdDN+S9JHY="},"lastRemoteEphemeralKey":"BWkNS/NcZvgwszgite/VNuOuBl5xBFJn7i5P60SCC9tU","previousCounter":0,"rootKey":"4vBvHpjkz2UwxQ82EbBgYFksQ44Un582cSPeitIUXSY="},"indexInfo":{"baseKey":"BQ/X7usKQ1jYN7h8+2Ey2lBD2QPHHm7Z//WqOU/sWzNw","baseKeyType":1,"closed":-1,"used":1726737920253,"created":1726735149784,"remoteIdentityKey":"BdvKKuKiSXuO65EWrkaJrmFFKcO4Mu9rRjoF3j4er4N6"},"_chains":{"BepLbVbAfcd8z7uacDQxuVCkLCNEROh09an3XTie7Hpy":{"chainKey":{"counter":1},"chainType":2,"messageKeys":{}},"BWkNS/NcZvgwszgite/VNuOuBl5xBFJn7i5P60SCC9tU":{"chainKey":{"counter":0,"key":"rKygTcXsnYgJN7oC4rvZgSo6QWT/z0R1XlONv+7OJ5A="},"chainType":2,"messageKeys":{}},"Be3e6Sp1T2jfUN1pvkPaXNp1JZaVefqrZbRdtAD3+T4Y":{"chainKey":{"counter":-1,"key":"Y6/S1vc9cCzhX9WHpNdQ8NAYHeF9CcfgURPJ++7qMzA="},"chainType":1,"messageKeys":{}}}}},"version":"v1"}