{"_sessions":{"BQ+lo8L87zzTTwWe6e1OaCmJb1ScIhJqWDFhJ2A0Lhpq":{"registrationId":133,"currentRatchet":{"ephemeralKeyPair":{"pubKey":"BVFwuVylQn0ZV+dOa1kypJbVM8VMUMX4DNKcUfyZUfFp","privKey":"wLNaRIHzyXM0uto+/EElxV5GONpWyo6twTNFotjhtFI="},"lastRemoteEphemeralKey":"BXsqR3MBK7FQhAdvE68VQJSF561XZbCbO+9W5+TIED8p","previousCounter":0,"rootKey":"53MsxCP3+HFWFIQJ6R0Ookv2GE+GmAeRW2U8aq5YXaU="},"indexInfo":{"baseKey":"BQ+lo8L87zzTTwWe6e1OaCmJb1ScIhJqWDFhJ2A0Lhpq","baseKeyType":1,"closed":-1,"used":1726488101551,"created":1726473418664,"remoteIdentityKey":"BVkcB+YyIquXIbPthcqyD1IvKPKUspEYsUH82braqDM6"},"_chains":{"BXsqR3MBK7FQhAdvE68VQJSF561XZbCbO+9W5+TIED8p":{"chainKey":{"counter":1,"key":"TXXHbDtv6YNSxfavYoBzD1hhQE01iAs9Q6WC65C1KW8="},"chainType":2,"messageKeys":{}},"BVFwuVylQn0ZV+dOa1kypJbVM8VMUMX4DNKcUfyZUfFp":{"chainKey":{"counter":36,"key":"sNtG+tV8XG6FI+mmnfigerL74ZCW6z6Mw3oEk0e86YY="},"chainType":1,"messageKeys":{}}}}},"version":"v1"}