{"_sessions":{"BTkNouyiXtQvqsoM6qkl9ZYbL/cxDS9LRX9XArWxMbZE":{"registrationId":101927670,"currentRatchet":{"ephemeralKeyPair":{"pubKey":"Bf0Udx5monAfmKkK4JK0Lk9450RJ/4fmC35E67jJsAJb","privKey":"EH8FLl1Oip3oNHgH3p7ylH/5zrCbVI+lG4ykYGDN0H8="},"lastRemoteEphemeralKey":"BRGhofZtBezA95psN/FpYX+45sB+t0v/Aa6juFLbvIFq","previousCounter":0,"rootKey":"JJo1Hic5xw+gHtipd+MT+FsXCjwJCA78kdPmHqEu9Ks="},"indexInfo":{"baseKey":"BTkNouyiXtQvqsoM6qkl9ZYbL/cxDS9LRX9XArWxMbZE","baseKeyType":1,"closed":-1,"used":1726465605175,"created":1726465605175,"remoteIdentityKey":"BSxuKH0ZmDGmqzHWpCCXAm2+JEOlRT66tfI6LvT0gFtr"},"_chains":{"Bf0Udx5monAfmKkK4JK0Lk9450RJ/4fmC35E67jJsAJb":{"chainKey":{"counter":37,"key":"5wE0i32goP9Ncn3uWpndY2MkQtcQbRjwE/j8Ke6v37w="},"chainType":1,"messageKeys":{}}},"pendingPreKey":{"signedKeyId":3,"baseKey":"BTkNouyiXtQvqsoM6qkl9ZYbL/cxDS9LRX9XArWxMbZE","preKeyId":14416352}}},"version":"v1"}