{"_sessions":{"BRB5dxc4nzHgmRuuyASahzRwZbNQ/FAxauVOf9s1bWJY":{"registrationId":285900391,"currentRatchet":{"ephemeralKeyPair":{"pubKey":"BU4RgAheJfGn+qJM6Ni8Cbwa4ad0GQJ0+IkiYTNVu31f","privKey":"aPvDmOxwbhFU+RkPNqQJF3ONpAiyTPjAsY/uYbVVZnU="},"lastRemoteEphemeralKey":"BQrAT/6YseLB4gIlIQO+y50jEoj7JhjDFRrMhtmZomdC","previousCounter":0,"rootKey":"IaSfnhMeKKS/8RfMVuyTl1sn2aGZxybc5fJ6gZKeY6E="},"indexInfo":{"baseKey":"BRB5dxc4nzHgmRuuyASahzRwZbNQ/FAxauVOf9s1bWJY","baseKeyType":2,"closed":-1,"used":1726480764569,"created":1726480764569,"remoteIdentityKey":"BUv6wzVaGbbTno7lHmFN12aR223aeR2paPl6rtNVjGwL"},"_chains":{"BQrAT/6YseLB4gIlIQO+y50jEoj7JhjDFRrMhtmZomdC":{"chainKey":{"counter":0,"key":"noOcpUrIoBjbePfiGNoEYLf3KPtZWsDBohdVc5ppX38="},"chainType":2,"messageKeys":{}},"BU4RgAheJfGn+qJM6Ni8Cbwa4ad0GQJ0+IkiYTNVu31f":{"chainKey":{"counter":0,"key":"iDk5d+ulGldW2vCRw7jOFYDIW+pTTpJW+H7+FXS6zzs="},"chainType":1,"messageKeys":{}}}}},"version":"v1"}