{"_sessions":{"BTT9Efi6Lx2/c2b8FGVjVHyEWN9CLuuU5iQn8yygm6B2":{"registrationId":183,"currentRatchet":{"ephemeralKeyPair":{"pubKey":"BSY0MFbtQz+bBzBjmVkM/ZOn+vAlRziQkT36w09EuJt4","privKey":"OGBxzmwbVw893Go/vO66qTlT2JGoUoCtiiEW2a2/nm8="},"lastRemoteEphemeralKey":"BTCynPTODhFU72GUlkXWcMYJr3pOZyZK1tZxZuBUxOBS","previousCounter":0,"rootKey":"1rdYAoj1YVjOps9SwlPBxgLFyRTD+Iq/8ebIKdO8Wk4="},"indexInfo":{"baseKey":"BTT9Efi6Lx2/c2b8FGVjVHyEWN9CLuuU5iQn8yygm6B2","baseKeyType":1,"closed":-1,"used":1726465605136,"created":1726465605136,"remoteIdentityKey":"BdNi+n18/51/r/Gbi3HTtfBUUBDaBxF0IlN2KACX3boH"},"_chains":{"BSY0MFbtQz+bBzBjmVkM/ZOn+vAlRziQkT36w09EuJt4":{"chainKey":{"counter":41,"key":"Cq+K9a8BDMzEycTwLgpLzV/J3WcTxLtyvTgXNzMcpl8="},"chainType":1,"messageKeys":{}}},"pendingPreKey":{"signedKeyId":1,"baseKey":"BTT9Efi6Lx2/c2b8FGVjVHyEWN9CLuuU5iQn8yygm6B2"}}},"version":"v1"}