{"_sessions":{"BfjFl161YewDPGKZu71M+a3x8QEAtWqTQ4OuXH/TPuVu":{"registrationId":311351557,"currentRatchet":{"ephemeralKeyPair":{"pubKey":"BaY277X2eIRgHLSe4nXCixJDlxU6U50Os9yN8AzBUyke","privKey":"AMoSIBP7YJX92AO6kZMPz1wkjZLExDENDQF6SoMTWHI="},"lastRemoteEphemeralKey":"Be89/fHzqchcytxzSPDBBNzplrtZ0JwMOAi0Wg938yIm","previousCounter":0,"rootKey":"1LWNeSYrO3EqwiQ+P/U8GHGGf+pOIrMnCMzReYLK5CM="},"indexInfo":{"baseKey":"BfjFl161YewDPGKZu71M+a3x8QEAtWqTQ4OuXH/TPuVu","baseKeyType":1,"closed":-1,"used":1726751092175,"created":1726751092175,"remoteIdentityKey":"BTFNWYncrlzd1YSJ0RUBO2CNTvlQDYREEBoHQ7N0TR4t"},"_chains":{"BaY277X2eIRgHLSe4nXCixJDlxU6U50Os9yN8AzBUyke":{"chainKey":{"counter":0,"key":"6duMQCEfsDMBQoU+IdJ/vQ7tHeWWeHbSypQFdMQ9rNk="},"chainType":1,"messageKeys":{}}},"pendingPreKey":{"signedKeyId":1,"baseKey":"BfjFl161YewDPGKZu71M+a3x8QEAtWqTQ4OuXH/TPuVu"}}},"version":"v1"}