{"_sessions":{"Bah3U5s/5vYxxwh/VI55vvEBd1ntauxaXLDAqtow2xFH":{"registrationId":1836905778,"currentRatchet":{"ephemeralKeyPair":{"pubKey":"BUjYpTlQmnuFpYn89P0sMqY+gK5VWlGVzJf4Ee86apAw","privKey":"CGWDhffn97XV9OeLnzfBfQHSSRGJzoVkZWUrbd+DVHs="},"lastRemoteEphemeralKey":"BYS/14r9wYK9zxC7FF+5WRhL3NTZf2LLsJxzGtaMGO8M","previousCounter":3,"rootKey":"gL816wVN+wGDs8y580mPjAVXRQnDCM9oMn8+9K+39Wk="},"indexInfo":{"baseKey":"Bah3U5s/5vYxxwh/VI55vvEBd1ntauxaXLDAqtow2xFH","baseKeyType":1,"closed":-1,"used":1726567772384,"created":1726475933425,"remoteIdentityKey":"BWU9y3kPcbd5GRa1Pk4lN3aHxOWomcH2YT5l6Yns1C18"},"_chains":{"BYS/14r9wYK9zxC7FF+5WRhL3NTZf2LLsJxzGtaMGO8M":{"chainKey":{"counter":0,"key":"hgQyG7Rbwxza7I8+9ySmqBEPJdkCaE4MK6H5GP4tZ4s="},"chainType":2,"messageKeys":{}},"BUjYpTlQmnuFpYn89P0sMqY+gK5VWlGVzJf4Ee86apAw":{"chainKey":{"counter":-1,"key":"SQUPALXH8zbOnc7mU+N/Z5hFaWPrgFtefE3mN3n1CL8="},"chainType":1,"messageKeys":{}}}}},"version":"v1"}