{"_sessions":{"BSc9dat8fNQYXOAzrAYGRvUjlZXCUssI7yT33RgD26MF":{"registrationId":1036107473,"currentRatchet":{"ephemeralKeyPair":{"pubKey":"BVkw+No/6Sh0drNdOpZDc1+kUis2B2S/bZjqNWm8HmsX","privKey":"WEIr+bsx82bv8OjSKA7TlaEyX28/LVKu4VGVa1whTmQ="},"lastRemoteEphemeralKey":"BZwQoXMR5JTUo9GVjEb5thpEtFH1muvcif7Qu0Xd8mpF","previousCounter":0,"rootKey":"Y5ATRtAPK+D2EO3tPBWDqSapk264gpnLm26swjItn2g="},"indexInfo":{"baseKey":"BSc9dat8fNQYXOAzrAYGRvUjlZXCUssI7yT33RgD26MF","baseKeyType":1,"closed":-1,"used":1726507252150,"created":1726507252150,"remoteIdentityKey":"BRLjH2K7VDIBev5ePOO9eTPH/5c9Y322Jljq7eDx/ekT"},"_chains":{"BVkw+No/6Sh0drNdOpZDc1+kUis2B2S/bZjqNWm8HmsX":{"chainKey":{"counter":31,"key":"pI6Ncc6VtLh/8pcs2wXN5rX1qP7IFSZHVaqEuwkmdrg="},"chainType":1,"messageKeys":{}}},"pendingPreKey":{"signedKeyId":4,"baseKey":"BSc9dat8fNQYXOAzrAYGRvUjlZXCUssI7yT33RgD26MF"}}},"version":"v1"}