{"_sessions":{"BR2p04uymHHEL6ESOilDDHmD9JwXeL5I2hTYh/0ccadm":{"registrationId":124,"currentRatchet":{"ephemeralKeyPair":{"pubKey":"BYLlNuvtkoxby5101d8kdY8i8QhmB2ehivZCF7pvrml0","privKey":"KK6Etc6O/q1Q/n7zsGNlsXbHqBUYZYx6Oa7OxA38fEI="},"lastRemoteEphemeralKey":"BQbpVmQDAnLPRPf7AQgQwlTwE5UTWlCzEzVKlekwCnYg","previousCounter":0,"rootKey":"SSFNnjuBvhNxMzMjLo4FWiQidgFhzZTK6BVwGDOC1pQ="},"indexInfo":{"baseKey":"BR2p04uymHHEL6ESOilDDHmD9JwXeL5I2hTYh/0ccadm","baseKeyType":1,"closed":-1,"used":1726492603574,"created":1726492603574,"remoteIdentityKey":"BWLa8xGc3hWSms+HnKOwkUGGzetzMd8axJPtKc8k+y4O"},"_chains":{"BYLlNuvtkoxby5101d8kdY8i8QhmB2ehivZCF7pvrml0":{"chainKey":{"counter":22,"key":"RXAELaUYx2A1AFLwUg31dFnm8QLgdDcgMEKif3GaZbU="},"chainType":1,"messageKeys":{}}},"pendingPreKey":{"signedKeyId":1,"baseKey":"BR2p04uymHHEL6ESOilDDHmD9JwXeL5I2hTYh/0ccadm"}}},"version":"v1"}