{"_sessions":{"Bd7OTXFpQBl5OxFWGo3zILRNWpoxoqra7QSAhg4wiz1+":{"registrationId":195,"currentRatchet":{"ephemeralKeyPair":{"pubKey":"BZc0iZr63TCibqqDjU2Qg75xKlnflPrKc24gHkQ9qqxy","privKey":"+AGZgRAxC0tV9iONYXypx7p+rYGMmKjZh/FrObwQbks="},"lastRemoteEphemeralKey":"BRgxMD41dTfyshAIa5t2ZCxEQFkUUfD6k2DL2Cuf+gw9","previousCounter":0,"rootKey":"Xo2C5kxjykWo/0nFlmRtHSVstWULYDp9SKWnBstXex0="},"indexInfo":{"baseKey":"Bd7OTXFpQBl5OxFWGo3zILRNWpoxoqra7QSAhg4wiz1+","baseKeyType":1,"closed":-1,"used":1726733484051,"created":1726733484051,"remoteIdentityKey":"BWa/ngy5tNUkgIJsMT+kqWCX6Rx03ZsJRAfazPtVgZcG"},"_chains":{"BZc0iZr63TCibqqDjU2Qg75xKlnflPrKc24gHkQ9qqxy":{"chainKey":{"counter":12,"key":"yAdX5ml7aBcWIU82IDn/JmWqjBGzTitXlP2PDfC9g6g="},"chainType":1,"messageKeys":{}}},"pendingPreKey":{"signedKeyId":1,"baseKey":"Bd7OTXFpQBl5OxFWGo3zILRNWpoxoqra7QSAhg4wiz1+","preKeyId":16}}},"version":"v1"}