{"_sessions":{"BWnrV5fRVz64DVZ5cJsHoUqVsdeH5xPQWRwz6t5CH20e":{"registrationId":1007724472,"currentRatchet":{"ephemeralKeyPair":{"pubKey":"BbxYuxRnTWoq/LvW2hiYiq2i44cB0CdYyNwltMur3NpJ","privKey":"OKWHJqyKAaeGBv/M4LYy3SY+Zk4onlyjEiniy+OAGFI="},"lastRemoteEphemeralKey":"BTF9Q4QDi2hc5J5UqPeYBLcqui0WxHJbAz8U8IiPZ9EZ","previousCounter":0,"rootKey":"kNrYUNWdBaVgKa3aoi7+yzaivr/uWjJYAv5DrNZqfTc="},"indexInfo":{"baseKey":"BWnrV5fRVz64DVZ5cJsHoUqVsdeH5xPQWRwz6t5CH20e","baseKeyType":1,"closed":-1,"used":1726465605180,"created":1726465605180,"remoteIdentityKey":"BQ1d9mEH8qRmkxI/16XtvO83XeErt6i0keiXG+JHW+VV"},"_chains":{"BbxYuxRnTWoq/LvW2hiYiq2i44cB0CdYyNwltMur3NpJ":{"chainKey":{"counter":37,"key":"8xRiFsZd9i7v0Fg3TJWrHuj9UFmAczz3HWI9NERzis4="},"chainType":1,"messageKeys":{}}},"pendingPreKey":{"signedKeyId":51,"baseKey":"BWnrV5fRVz64DVZ5cJsHoUqVsdeH5xPQWRwz6t5CH20e","preKeyId":14016991}}},"version":"v1"}