{"_sessions":{"BenKm21GRvMSupe+6kAvwGFmIPbEWnkS8Ph99G1M9Egi":{"registrationId":10256989,"currentRatchet":{"ephemeralKeyPair":{"pubKey":"BfyEYln4yZJboo1nOsLioBXZIyxBop3u35u01oWGxOJ3","privKey":"EAwAgLbq9d306QocbEA/wnTKsIq4RznhmL+pk1zj/Hg="},"lastRemoteEphemeralKey":"BcvUN/7vOvmrNsRzzAfkU+TZmalHnic4bF3N8ajee05Q","previousCounter":0,"rootKey":"K7GHxXQHUK4b9ad78oo3EWabe1+kYhqu+ydjPX7jGQk="},"indexInfo":{"baseKey":"BenKm21GRvMSupe+6kAvwGFmIPbEWnkS8Ph99G1M9Egi","baseKeyType":1,"closed":-1,"used":1726507252199,"created":1726507252199,"remoteIdentityKey":"BegC5K4nqbck6YfwsocwRMe5FLFNvNWMLjoA9TRNpKMh"},"_chains":{"BfyEYln4yZJboo1nOsLioBXZIyxBop3u35u01oWGxOJ3":{"chainKey":{"counter":31,"key":"XCWQU0OYUzRLLp078nKG1VTDXUY4pOhQ/FAU1ejjiGA="},"chainType":1,"messageKeys":{}}},"pendingPreKey":{"signedKeyId":1,"baseKey":"BenKm21GRvMSupe+6kAvwGFmIPbEWnkS8Ph99G1M9Egi","preKeyId":10944835}}},"version":"v1"}