{"_sessions":{"BbDLw+sRq/+sMLvOQv3TC8HB/HVsCMA46uMAE/x9FSk8":{"registrationId":1150110571,"currentRatchet":{"ephemeralKeyPair":{"pubKey":"BalikC9ccwJlNsxB4rxVh9uwjvxe0iFi2Wm9yZoR+t1P","privKey":"iIzQzm3EZIz11O10/2krG+8H7uj7ZTIXiNU6s2uR02w="},"lastRemoteEphemeralKey":"BfnVgzEqAHvHKSgPAJIzzpeq4Rz1VoRXBZjZufr7MDEv","previousCounter":0,"rootKey":"TisGHFul+KuB7ou8QczsZMhjR+/H0wqLhBbfosph6ME="},"indexInfo":{"baseKey":"BbDLw+sRq/+sMLvOQv3TC8HB/HVsCMA46uMAE/x9FSk8","baseKeyType":1,"closed":-1,"used":1726507252248,"created":1726507252248,"remoteIdentityKey":"BXQscta8qp9jQEhfyceMFRqIZLr/fNP8NAYGMCGotbZn"},"_chains":{"BalikC9ccwJlNsxB4rxVh9uwjvxe0iFi2Wm9yZoR+t1P":{"chainKey":{"counter":31,"key":"WG8V0LPrtK3hjk9eD4NFbKc4yRFcD1QOLG9cEpDHT60="},"chainType":1,"messageKeys":{}}},"pendingPreKey":{"signedKeyId":5,"baseKey":"BbDLw+sRq/+sMLvOQv3TC8HB/HVsCMA46uMAE/x9FSk8","preKeyId":3103124}}},"version":"v1"}