{"_sessions":{"BeIzrK8Oa9XJZ6kDyi6xTNeGmUoYJ/Qw4LFJT7Nlx/MP":{"registrationId":791919267,"currentRatchet":{"ephemeralKeyPair":{"pubKey":"BfI2iwka/E+n9gffKiBjHFdPxB5EIEO/hEpHjzFOWIJ7","privKey":"eIaJMpqfYMFdPMTryjqm2SrmiBhs408AwP1Aqqwy70o="},"lastRemoteEphemeralKey":"BXnH1bm7Cih73QWKG9H+xoPMrVMb/dunAy3AZBA/ekEi","previousCounter":31,"rootKey":"tEIm0GfcYC8oZrWIHZZpY1fUGp4UMvQ+X7euitm7xbw="},"indexInfo":{"baseKey":"BeIzrK8Oa9XJZ6kDyi6xTNeGmUoYJ/Qw4LFJT7Nlx/MP","baseKeyType":1,"closed":-1,"used":1726720811818,"created":1726507252195,"remoteIdentityKey":"BVR0MZk5A8UkD4pv2TceRIl6591V1mVOGxcNVL4oP/Ef"},"_chains":{"BXnH1bm7Cih73QWKG9H+xoPMrVMb/dunAy3AZBA/ekEi":{"chainKey":{"counter":0,"key":"9AJu+irTZ28RMlla8TmFoXLU2si5WXXSiNqcQdAaDPk="},"chainType":2,"messageKeys":{}},"BfI2iwka/E+n9gffKiBjHFdPxB5EIEO/hEpHjzFOWIJ7":{"chainKey":{"counter":-1,"key":"vHFITBjPFm1CMboAB7fklLGu7Gz2zx8fsIhGdMAUJGk="},"chainType":1,"messageKeys":{}}}}},"version":"v1"}