{"_sessions":{"BavEHhqRJQJkkIY1Y9DIZ8k0V23AqVGZvIpP+ydw2vEb":{"registrationId":702239046,"currentRatchet":{"ephemeralKeyPair":{"pubKey":"Bbh11NRylVJ/vvAJhMaNJikvllzGaXxIvkFiVHEhx00E","privKey":"MHBeHSIDBy2bNS8c2Rq7KB4iHWP2DoUP/3rRvXyJUkk="},"lastRemoteEphemeralKey":"BepB6FMOp3MFo7DA6dCQ8e2aulXZW3XQOw/JTNBa/P1s","previousCounter":0,"rootKey":"kzY/oVkdOkAmim/7QAuOq8FV9rZP+Gk99t4bsgsy2Zg="},"indexInfo":{"baseKey":"BavEHhqRJQJkkIY1Y9DIZ8k0V23AqVGZvIpP+ydw2vEb","baseKeyType":1,"closed":-1,"used":1726561461254,"created":1726561461254,"remoteIdentityKey":"BUeDZQlnzU8xi0prmblF1l1ylDHG48mByxlGpJ/0F14/"},"_chains":{"Bbh11NRylVJ/vvAJhMaNJikvllzGaXxIvkFiVHEhx00E":{"chainKey":{"counter":22,"key":"f7p53s/1XfXrL3BuzgB1Li96INTohEuoDcQUScknNzE="},"chainType":1,"messageKeys":{}}},"pendingPreKey":{"signedKeyId":6,"baseKey":"BavEHhqRJQJkkIY1Y9DIZ8k0V23AqVGZvIpP+ydw2vEb","preKeyId":2090438}}},"version":"v1"}