{"_sessions":{"BWTU+EBG/6yKIM4e7AEGoUGCZfXu6aHU74nISF/5wF8J":{"registrationId":183,"currentRatchet":{"ephemeralKeyPair":{"pubKey":"BbYwQ4XZqXBdSgNmnxvDWMXoGtrxCMFmmXCp/tMStjIT","privKey":"SJ90QMYelg4bQrPrWFrqVUs+lG4gXZTANUQ3cEdKyEo="},"lastRemoteEphemeralKey":"BWs+V8fT+62I0sO7dcFIYtQkBS/q5RteZXHxAJDFzr0Y","previousCounter":0,"rootKey":"1VOPFpzfVzRXOl2bbS7HZziFgV7gHLxFxhrDapYmEXc="},"indexInfo":{"baseKey":"BWTU+EBG/6yKIM4e7AEGoUGCZfXu6aHU74nISF/5wF8J","baseKeyType":1,"closed":-1,"used":1726465605156,"created":1726465605156,"remoteIdentityKey":"BYVZ/v6vyb5aJO5khQxxqw9eB4RGEtFh1m8LQHCXMF85"},"_chains":{"BbYwQ4XZqXBdSgNmnxvDWMXoGtrxCMFmmXCp/tMStjIT":{"chainKey":{"counter":37,"key":"C3D1DSZ7C4qpY+FX6OLTJmUHBPcl1hgFSgwWwLCvYwM="},"chainType":1,"messageKeys":{}}},"pendingPreKey":{"signedKeyId":1,"baseKey":"BWTU+EBG/6yKIM4e7AEGoUGCZfXu6aHU74nISF/5wF8J"}}},"version":"v1"}