{"_sessions":{"BekFt+m3cbAnwNvYGO2XAQyIAVA9+z+G+I0z/harDfht":{"registrationId":2119169354,"currentRatchet":{"ephemeralKeyPair":{"pubKey":"Bfv5OkYtj4yp694iGrJi/4vJYcUPWrVMi9RbfrPjHfMg","privKey":"2JdXQwdtgv9/uiECQ96RqPsfMxCUOVsDyS+fpga8k1c="},"lastRemoteEphemeralKey":"Bb/aUiWInNPoRYDaMzedWFin+jOCyb4Vv/IRKylMcyIm","previousCounter":0,"rootKey":"orWXPp89acP1zeNXOZKgwkArba0obE55leoR3g5bOfc="},"indexInfo":{"baseKey":"BekFt+m3cbAnwNvYGO2XAQyIAVA9+z+G+I0z/harDfht","baseKeyType":1,"closed":-1,"used":1726738975266,"created":1726738599291,"remoteIdentityKey":"BWJKfw5ZpjIRBrPdG+JeFrrGc8CBBV3IUv4lH2L2diAH"},"_chains":{"Bb/aUiWInNPoRYDaMzedWFin+jOCyb4Vv/IRKylMcyIm":{"chainKey":{"counter":0,"key":"d1aaMK+C0n3ow7oqS58QcOYw8//KsxOtFN2UBOaWc08="},"chainType":2,"messageKeys":{}},"Bfv5OkYtj4yp694iGrJi/4vJYcUPWrVMi9RbfrPjHfMg":{"chainKey":{"counter":0,"key":"wUxpJI1pi3LKU8JAKI0dM9lpf7WnzIeoj8snCBKxMic="},"chainType":1,"messageKeys":{}}}}},"version":"v1"}