{"_sessions":{"BblQ9ohJLFDMWensdb0pLaxAIM76HVpNz4Xb6A+i+2oO":{"registrationId":3005,"currentRatchet":{"ephemeralKeyPair":{"pubKey":"BZDK0hu0/ksg6Cz/KqZRgypk3ajEHDkXhv6+5YQi14Yq","privKey":"AKFamtP1TUn+xMYBN49l2yUs5oT/F2ImfNj8jndO3Us="},"lastRemoteEphemeralKey":"BUtOM+QbgmFS3QLcsaF95rApRIxvp2UwyvGLXsaWT5UH","previousCounter":0,"rootKey":"WSW3r21+zuZbU69HrxKvDPgJTuhH82Pc2hwZsGO2PDI="},"indexInfo":{"baseKey":"BblQ9ohJLFDMWensdb0pLaxAIM76HVpNz4Xb6A+i+2oO","baseKeyType":1,"closed":-1,"used":1726733038061,"created":1726733038061,"remoteIdentityKey":"BRYQSCXCNkMBCi+dOAI9o9TIjsZlxd+WqpEbpAPmA5hl"},"_chains":{"BZDK0hu0/ksg6Cz/KqZRgypk3ajEHDkXhv6+5YQi14Yq":{"chainKey":{"counter":1,"key":"dTbkqA5AsNlapCuQk3enSkdvHM3ViWXJklN0NlTcYKE="},"chainType":1,"messageKeys":{}}},"pendingPreKey":{"signedKeyId":1,"baseKey":"BblQ9ohJLFDMWensdb0pLaxAIM76HVpNz4Xb6A+i+2oO","preKeyId":853}}},"version":"v1"}