{"_sessions":{"BfJRn9hPj4WpWF7pd0eNgR2z9UGM6rDT3nt34nZfCSJv":{"registrationId":105,"currentRatchet":{"ephemeralKeyPair":{"pubKey":"BS/NI9PBDsVZV6UjORu8t80hkR6siDnKpqcoJUlqgjkT","privKey":"uCDD+CEz4AjOvuqIjDwwfT6RzvQlRraImtXkyJwg1V4="},"lastRemoteEphemeralKey":"BZPDf3nS15rmtYUAYZs2AS05wESiuKx4tXV+3tfl4jIO","previousCounter":0,"rootKey":"TOzcUkXd3FOYzGqhJ0emKWvc7m7Nmj9s6d1Ff6ZbIcg="},"indexInfo":{"baseKey":"BfJRn9hPj4WpWF7pd0eNgR2z9UGM6rDT3nt34nZfCSJv","baseKeyType":1,"closed":-1,"used":1726612663805,"created":1726612663805,"remoteIdentityKey":"BXE4mx9ciDk6ZO/TccYqwp9ZGYBnNWNVRG50QBfQvKoS"},"_chains":{"BS/NI9PBDsVZV6UjORu8t80hkR6siDnKpqcoJUlqgjkT":{"chainKey":{"counter":0,"key":"Fmg0z1inEnGhKu4xPlruwMfVGqWhn5JXe2PxueV6jxE="},"chainType":1,"messageKeys":{}}},"pendingPreKey":{"signedKeyId":1,"baseKey":"BfJRn9hPj4WpWF7pd0eNgR2z9UGM6rDT3nt34nZfCSJv","preKeyId":33}}},"version":"v1"}