{"_sessions":{"BSxdCvYsvv2COd9QAhipXvlPqwBMAoyR5EW2F7im57QD":{"registrationId":72,"currentRatchet":{"ephemeralKeyPair":{"pubKey":"BfNH+RjyidEcrmAy5cQoAzRj+CAWUwreQtZ0irH7fHkD","privKey":"CODpF/kayVrGHgibx+ND4NZvSipMjZD2lF6u8jDygHw="},"lastRemoteEphemeralKey":"BbHG+RxaU+Xfbemkw7J1MOhM2Nh96K+QSGx6+/XBIeEM","previousCounter":0,"rootKey":"c6ulMLAxv1FYNfeuAV8gEHr5KiGs80pAzJCa0NGcLy8="},"indexInfo":{"baseKey":"BSxdCvYsvv2COd9QAhipXvlPqwBMAoyR5EW2F7im57QD","baseKeyType":1,"closed":-1,"used":1726492603577,"created":1726492603577,"remoteIdentityKey":"BanGDGz88zygGtal9A5u+s+4/fgIB7qM+TSZjdTZvfE4"},"_chains":{"BfNH+RjyidEcrmAy5cQoAzRj+CAWUwreQtZ0irH7fHkD":{"chainKey":{"counter":2,"key":"pPcilbcpMp7Qv6RlydAgwX7MtprsexdCd8u/FFTlTC0="},"chainType":1,"messageKeys":{}}},"pendingPreKey":{"signedKeyId":1,"baseKey":"BSxdCvYsvv2COd9QAhipXvlPqwBMAoyR5EW2F7im57QD"}}},"version":"v1"}