{"_sessions":{"BUcF8hZI2NG+FDypAr8mHUYx6ugdDmDjOc4ffMvQA3RE":{"registrationId":919181897,"currentRatchet":{"ephemeralKeyPair":{"pubKey":"BZJTHFJHb3PHNF4EeCFjGlq/BDQVFPtQlDk0mlOP7PND","privKey":"KFbwtiEpfY3bhtJomBPyWtgU5sw21voTEtysTXpXG1o="},"lastRemoteEphemeralKey":"BSt5ZoLptPsMgP0+7I1T1BIzxTl5w17jNYQfFUtlJNw1","previousCounter":0,"rootKey":"kJrF8yLBX97Y2bJX8Rv5PK333ZlG5HfOuLHITmOSe0A="},"indexInfo":{"baseKey":"BUcF8hZI2NG+FDypAr8mHUYx6ugdDmDjOc4ffMvQA3RE","baseKeyType":1,"closed":-1,"used":1726507252098,"created":1726507252098,"remoteIdentityKey":"Bb/HTWgR7r8euLmdR8nTfPjO8UTBrH+VVG2I/YvtKXRq"},"_chains":{"BZJTHFJHb3PHNF4EeCFjGlq/BDQVFPtQlDk0mlOP7PND":{"chainKey":{"counter":31,"key":"7OVzn6J9E40e1wf8qwXJWhhfPYGqucDSLsAEziXCziQ="},"chainType":1,"messageKeys":{}}},"pendingPreKey":{"signedKeyId":18,"baseKey":"BUcF8hZI2NG+FDypAr8mHUYx6ugdDmDjOc4ffMvQA3RE","preKeyId":7773287}}},"version":"v1"}