{"_sessions":{"Beij4oEcoz0XGKd4ituiRnp1/mo0w6Sx4M567BSd+9Jz":{"registrationId":97234896,"currentRatchet":{"ephemeralKeyPair":{"pubKey":"BS3vuelhmFDTj7AK8spL6P8sW5QrvL9anvJdH9uE2Bgc","privKey":"IM7hATMuetBgfOygIkoDY7spOzhLFyLKc5FMnadf6n0="},"lastRemoteEphemeralKey":"Bdg2fPORj2zVRkv+0YagTB1gbRc9xiJJumCE7yDddlpS","previousCounter":0,"rootKey":"CQ+q7XjXhL217WzcNrcIJ9nr/sjau0KLgPLHUo+Gbes="},"indexInfo":{"baseKey":"Beij4oEcoz0XGKd4ituiRnp1/mo0w6Sx4M567BSd+9Jz","baseKeyType":1,"closed":-1,"used":1726475933463,"created":1726475933463,"remoteIdentityKey":"Be3n5Qy2ea1jmZfxlcPh05zEB7c9rrjjJG//qAus7r8h"},"_chains":{"BS3vuelhmFDTj7AK8spL6P8sW5QrvL9anvJdH9uE2Bgc":{"chainKey":{"counter":3,"key":"SEkv5jf1dKHzy2L2COCklrgu2QzovNxaFA1BJVLMt3M="},"chainType":1,"messageKeys":{}}},"pendingPreKey":{"signedKeyId":5,"baseKey":"Beij4oEcoz0XGKd4ituiRnp1/mo0w6Sx4M567BSd+9Jz","preKeyId":1040177}}},"version":"v1"}