{"_sessions":{"BcHgLtR6sWYKsz0uRRvVvm3HbDlZfb+xb3yY93vXwuIy":{"registrationId":141,"currentRatchet":{"ephemeralKeyPair":{"pubKey":"BVNOxxB3y8pV4iVRikZLZH6bVX02bfoSGD+bRNeIBSUN","privKey":"gETYE4nOGYMGMMBd1nwXuS+kmqbnr8gtCZYAu1VtSXg="},"lastRemoteEphemeralKey":"BZ3YfK9uUzjCmNch1Eguw0IaeWCXP0TaqcDFKVrrseYN","previousCounter":0,"rootKey":"fRrkdOG9cDllimKGhI1ZdGYfnBEbFxUp3wCaRr+4Fog="},"indexInfo":{"baseKey":"BcHgLtR6sWYKsz0uRRvVvm3HbDlZfb+xb3yY93vXwuIy","baseKeyType":1,"closed":-1,"used":1726465605078,"created":1726465605078,"remoteIdentityKey":"BZaZrSaUiXAfiFiTxqQ03/iq7SY31PmKP5T6Yj23SyoD"},"_chains":{"BVNOxxB3y8pV4iVRikZLZH6bVX02bfoSGD+bRNeIBSUN":{"chainKey":{"counter":41,"key":"j0bGvBRr3WZNyMujBuIQvhZZzhOjzZulXm4pkuHHXQM="},"chainType":1,"messageKeys":{}}},"pendingPreKey":{"signedKeyId":1,"baseKey":"BcHgLtR6sWYKsz0uRRvVvm3HbDlZfb+xb3yY93vXwuIy"}}},"version":"v1"}