{"_sessions":{"Bfx4gesEJQbXiJLcj8HKPzVrkWHv/ADSnc3yjZSPLwdo":{"registrationId":287560327,"currentRatchet":{"ephemeralKeyPair":{"pubKey":"BbeuXNKaJoNYbQb71i1/UZ/W+fQnI80uI7q5RdnAHH8K","privKey":"iKi1vuQ43qCy/2GLTa6SQ1cKhTpCzz0RFlvbA9DHdWU="},"lastRemoteEphemeralKey":"Bf/U+zeS4uqQ9SKzAIu4iMbHIh//Lel94/c1DAUmRLsG","previousCounter":0,"rootKey":"0+678TeNs7lGDaufeYZ7aZgH6wtLYQXKlql0D5PNo4w="},"indexInfo":{"baseKey":"Bfx4gesEJQbXiJLcj8HKPzVrkWHv/ADSnc3yjZSPLwdo","baseKeyType":1,"closed":-1,"used":1726480767681,"created":1726480767681,"remoteIdentityKey":"BRYLAEPKVwrQtKooACeF49fovRYVKIJ2qSjdi/fLyJJd"},"_chains":{"BbeuXNKaJoNYbQb71i1/UZ/W+fQnI80uI7q5RdnAHH8K":{"chainKey":{"counter":0,"key":"TqkctyB7bgmbAvdKnXEvww0Bv5JpYyUjyqk3VtNacl0="},"chainType":1,"messageKeys":{}}},"pendingPreKey":{"signedKeyId":1,"baseKey":"Bfx4gesEJQbXiJLcj8HKPzVrkWHv/ADSnc3yjZSPLwdo","preKeyId":977954}}},"version":"v1"}