{"_sessions":{"BQEQhTMvHvtubQ9qvl5eM4zq6vezDMjFh/s+1vsJQ8wC":{"registrationId":31502343,"currentRatchet":{"ephemeralKeyPair":{"pubKey":"Bcs9FyV0gbBZ3uM94zNtCte5P0qGXrYty9l3UNBfseQs","privKey":"qIj7tBLgcBUgvaXEA7u10TekXOle397CIEOt4Kxqw1I="},"lastRemoteEphemeralKey":"BZGcM8snGRjCQpjlP6z/S8Rqqtl7D20m2f0ewGefnyM5","previousCounter":0,"rootKey":"MeKvpyZ5Ng1hOms4Nk+YD3eskx7XQZkpdNV9xzvB6RI="},"indexInfo":{"baseKey":"BQEQhTMvHvtubQ9qvl5eM4zq6vezDMjFh/s+1vsJQ8wC","baseKeyType":1,"closed":-1,"used":1726507252160,"created":1726507252160,"remoteIdentityKey":"BdAjnZrdpb07HXYv69httd/t2VQEjd4pFiEw5R+IPU0E"},"_chains":{"Bcs9FyV0gbBZ3uM94zNtCte5P0qGXrYty9l3UNBfseQs":{"chainKey":{"counter":31,"key":"eOpPxrRc/PRH+uNLgWmnJstfPbveVwexTcJkYWpxsJY="},"chainType":1,"messageKeys":{}}},"pendingPreKey":{"signedKeyId":7,"baseKey":"BQEQhTMvHvtubQ9qvl5eM4zq6vezDMjFh/s+1vsJQ8wC","preKeyId":15721874}}},"version":"v1"}