{"_sessions":{"BRCD9bSjvOMZ57I8UBIlAyjK/8EkcPKnqz1O3dybY2s4":{"registrationId":107,"currentRatchet":{"ephemeralKeyPair":{"pubKey":"BfgyGhW93MBRw1Iq2wRl73hP8EOFTlIp8gXRzm0xfxMN","privKey":"0AvQFYmp/q+HvEKsGY34rFcjQL04BgQ1ejOgSsXbGFE="},"lastRemoteEphemeralKey":"Bf9wvMrklxh7aRqq2sANbQSgFl6lj5WVwjQDeYTmkLBV","previousCounter":0,"rootKey":"3iv3i1zkayqowBY/jkOXFap1fauc/13PW6R3jHib/FE="},"indexInfo":{"baseKey":"BRCD9bSjvOMZ57I8UBIlAyjK/8EkcPKnqz1O3dybY2s4","baseKeyType":1,"closed":1726507253472,"used":1726567636892,"created":1726507251953,"remoteIdentityKey":"BZjXP+7xKJwnjnlsieMTsDIwW8Zc9MysoeXm13sxKqUs"},"_chains":{"Bf9wvMrklxh7aRqq2sANbQSgFl6lj5WVwjQDeYTmkLBV":{"chainKey":{"counter":4,"key":"ySf0gbPxTD1RxAF9RHk78ebDcGhTu+KGaOB8g6Jo3kI="},"chainType":2,"messageKeys":{"0":"D2+Y5kIkl4HYcXlznrkTIrAAk6U6WfoYbiIEQlBmYPA=","1":"AmbxYFQiko1FrwvfppZKBRhD/xdblwSY0cxkNDjE3NA=","2":"g/Jt/i9HAP5nRvrbSMNEU8OxX4ED5q1COdvYwqnHf/s=","3":"HBkx6BXDsj2IQtMXxSolvJ2i6TCiFyQsHHgafRkwrSA="}},"BfgyGhW93MBRw1Iq2wRl73hP8EOFTlIp8gXRzm0xfxMN":{"chainKey":{"counter":-1,"key":"mCaVPy4D5nCxfjtSSJlK/3W9PeMKPu2mS3HAcrU0Kf0="},"chainType":1,"messageKeys":{}}}},"BfNk4HUfashmT4potXgQQZ7kyUWMtzhWX9iVc6lQy5Vx":{"registrationId":107,"currentRatchet":{"ephemeralKeyPair":{"pubKey":"BSUaSlffNQUOA5s7cgzMoNlamdGKF0ppW7HfvdT0Bg00","privKey":"OD0BMdwHD+ur/YZAP8oKkXUzV3Ln+XxkPN4WpsOEHUo="},"lastRemoteEphemeralKey":"Bf9wvMrklxh7aRqq2sANbQSgFl6lj5WVwjQDeYTmkLBV","previousCounter":7,"rootKey":"LtJXS0nYg8r69w5l5nwhmFm1QtmKLx7XK+YL03nwB5A="},"indexInfo":{"baseKey":"BfNk4HUfashmT4potXgQQZ7kyUWMtzhWX9iVc6lQy5Vx","baseKeyType":2,"closed":1726582653453,"used":1726507253476,"created":1726507253476,"remoteIdentityKey":"BZjXP+7xKJwnjnlsieMTsDIwW8Zc9MysoeXm13sxKqUs"},"_chains":{"Bcqcmi4WGgn+yPcBQcdey2GX8Qdv3nDVLAUztewjxE0e":{"chainKey":{"counter":0},"chainType":2,"messageKeys":{}},"Bf9wvMrklxh7aRqq2sANbQSgFl6lj5WVwjQDeYTmkLBV":{"chainKey":{"counter":4,"key":"Fm/F58qoqntLdM6qJKIdNenHw+qWljqJ//7FEwvmEeA="},"chainType":2,"messageKeys":{"0":"nFl4x4tBkwBj3WKm80vzgvC4C8lqdz8g8240Yj069Ew=","1":"C8d+4TJ4WT5on1mE9bwCeBU/x526+ukebDnoTXbF0aE=","2":"4PPXVvNUFsjMVNFsxE0NK7HbJAJ6GngX10FQDD8sh08=","3":"I5SsQKPT5Rc5B3TBFgbNeRV6MiLVx83nTky5/96xGxk="}},"BSUaSlffNQUOA5s7cgzMoNlamdGKF0ppW7HfvdT0Bg00":{"chainKey":{"counter":21,"key":"0o2tcSCmgiVy+M930kPo45rechmPkQxPa9DxH+TB42Y="},"chainType":1,"messageKeys":{}}}},"BVLv3PfQSdXW4wUjGM05+n/V/V6IWhAaSRHax8v8bMdX":{"registrationId":107,"currentRatchet":{"ephemeralKeyPair":{"pubKey":"BaDiQZ5eAX2ApmH2jlBqe8fHOvCjwGt6/Mj+H0cI7NJ/","privKey":"UP4LEDvMYb9BSwPCULAovYRO8DXfcg50EZN0L2bsL2Q="},"lastRemoteEphemeralKey":"BXXFVB+QAWgE0crKeIQdX5O/nM29i22A04gX0rW1phom","previousCounter":0,"rootKey":"FPnYnbNGBrCYW0DXOaZEYvb/DtA0yM5xhz0bcmeZxQU="},"indexInfo":{"baseKey":"BVLv3PfQSdXW4wUjGM05+n/V/V6IWhAaSRHax8v8bMdX","baseKeyType":1,"closed":-1,"used":1726582653451,"created":1726582653451,"remoteIdentityKey":"BZjXP+7xKJwnjnlsieMTsDIwW8Zc9MysoeXm13sxKqUs"},"_chains":{"BaDiQZ5eAX2ApmH2jlBqe8fHOvCjwGt6/Mj+H0cI7NJ/":{"chainKey":{"counter":0,"key":"O/mIQK0V5wrMHZdyQsobU2XmIknaBtO6p8AAUY/g2QA="},"chainType":1,"messageKeys":{}}},"pendingPreKey":{"signedKeyId":1,"baseKey":"BVLv3PfQSdXW4wUjGM05+n/V/V6IWhAaSRHax8v8bMdX","preKeyId":158}}},"version":"v1"}