{"_sessions":{"BQ5OxceMlyve8AWWL01yGp3bkNtEAbjpSH4LAyrl0yEa":{"registrationId":249,"currentRatchet":{"ephemeralKeyPair":{"pubKey":"BefT/A4F5M+5NbQA7duG20qCT691BQNgs1cn2PcMBWwb","privKey":"WOk8wiVo/HtJbu61UC5IlmnokkneSvvK+LIrDCCBtEI="},"lastRemoteEphemeralKey":"BViwbO2MCeFMbs56wPH6nVmu1v6pO7o3CRX9KewLmBEE","previousCounter":0,"rootKey":"yM1ibJWqe+zyz++mu3jetCgw8SRHRAicRJt9TymmNYw="},"indexInfo":{"baseKey":"BQ5OxceMlyve8AWWL01yGp3bkNtEAbjpSH4LAyrl0yEa","baseKeyType":1,"closed":-1,"used":1726745652770,"created":1726673661463,"remoteIdentityKey":"BbnDzNGjg+SloFs2O1HTkQw4g5igPY/6jQfOs+s9c0cX"},"_chains":{"BViwbO2MCeFMbs56wPH6nVmu1v6pO7o3CRX9KewLmBEE":{"chainKey":{"counter":1,"key":"rQ0wCG0xx7flmKl1UbU9+K/nhKRTUBK1Nj46y9qcyaU="},"chainType":2,"messageKeys":{}},"BefT/A4F5M+5NbQA7duG20qCT691BQNgs1cn2PcMBWwb":{"chainKey":{"counter":-1,"key":"z2ox7lLsLlD4x2NV6lh9IH8ciYLxloeb2dHs/OAflt8="},"chainType":1,"messageKeys":{}}}}},"version":"v1"}