{"_sessions":{"BZsy2++98gc53g2Bo9A6NSlcr7b2GyZ1V4yaUmy6jBMp":{"registrationId":148,"currentRatchet":{"ephemeralKeyPair":{"pubKey":"BWgEoeRQA6OL8/Q1l7cPXmtLyLfBuUlyyxxVSCAdK4cG","privKey":"kLW1IoiFOhWRczjmsMYh60AST/6Q6+pzDf5SAIiyJVU="},"lastRemoteEphemeralKey":"Bdr3yFML+s2Tf08V7NRIHwPBcaC1tAX3dwEngHBmEJQ+","previousCounter":0,"rootKey":"dkRWcu0WAz0Pbp7Zn3dGp2JtpJDSAmAYGGDgSmP6B8s="},"indexInfo":{"baseKey":"BZsy2++98gc53g2Bo9A6NSlcr7b2GyZ1V4yaUmy6jBMp","baseKeyType":1,"closed":1726479788799,"used":1726477377897,"created":1726475933421,"remoteIdentityKey":"Be0OWu+Ra7cfkKxtscIr6YW+LH5v/+q2xb5j8yoSX4gD"},"_chains":{"Bdr3yFML+s2Tf08V7NRIHwPBcaC1tAX3dwEngHBmEJQ+":{"chainKey":{"counter":0,"key":"vzc9ZuVsjiYmGm57BGYaQhbmeGTGIoOsUajQkAKhFNo="},"chainType":2,"messageKeys":{}},"BWgEoeRQA6OL8/Q1l7cPXmtLyLfBuUlyyxxVSCAdK4cG":{"chainKey":{"counter":-1,"key":"IAys8ZgdnUZ+Xrs2dJW1JkH+eKBP4VZU9gMnlhs/cu4="},"chainType":1,"messageKeys":{}}}},"BRtPCOJME7l801ZRdRp8tbTWZ+4I0vUztv0H2+zYQ44a":{"registrationId":148,"currentRatchet":{"ephemeralKeyPair":{"pubKey":"BZRyPPVUwj5HrzWHedYEvlOWdCHru/B3h8A0ebziZBY3","privKey":"kKFup0kQyy5lqc9QE1z0yVSVMBIEEChs18BysilfOFE="},"lastRemoteEphemeralKey":"BSRE0pMor4NK/wePzUbwG1/Yx8qIMGVuRprDcvzXe81a","previousCounter":0,"rootKey":"BkkYmbhfnxfu3Y2ms4l0cxWOKoj4BaqlBU/S5gwLNeA="},"indexInfo":{"baseKey":"BRtPCOJME7l801ZRdRp8tbTWZ+4I0vUztv0H2+zYQ44a","baseKeyType":1,"closed":1726483813575,"used":1726479788795,"created":1726479788795,"remoteIdentityKey":"Be0OWu+Ra7cfkKxtscIr6YW+LH5v/+q2xb5j8yoSX4gD"},"_chains":{"BZRyPPVUwj5HrzWHedYEvlOWdCHru/B3h8A0ebziZBY3":{"chainKey":{"counter":1,"key":"HYy2b6bNIRRQyZS6UrQDEbazBdIwOBA7OEEJeM1Olo4="},"chainType":1,"messageKeys":{}}},"pendingPreKey":{"signedKeyId":1,"baseKey":"BRtPCOJME7l801ZRdRp8tbTWZ+4I0vUztv0H2+zYQ44a","preKeyId":221}},"BUv1wUAK/l9N1kq1FdS4N9LHtu1hZeU8H+23m5kp8Lpr":{"registrationId":148,"currentRatchet":{"ephemeralKeyPair":{"pubKey":"BQppYCzRoBKFjUjOrD2ro7fZM+5fSVPg4hZUuB39c+4Q","privKey":"eMMJ6awzyTkns6QAfuaK94TrSSDFBDyZER9b4mCzk1U="},"lastRemoteEphemeralKey":"BSRE0pMor4NK/wePzUbwG1/Yx8qIMGVuRprDcvzXe81a","previousCounter":0,"rootKey":"0wjUkLKkzOdxePTAVqMnyHyP71Vr148ILH3oyj6PgBw="},"indexInfo":{"baseKey":"BUv1wUAK/l9N1kq1FdS4N9LHtu1hZeU8H+23m5kp8Lpr","baseKeyType":1,"closed":-1,"used":1726483813563,"created":1726483813563,"remoteIdentityKey":"Be0OWu+Ra7cfkKxtscIr6YW+LH5v/+q2xb5j8yoSX4gD"},"_chains":{"BQppYCzRoBKFjUjOrD2ro7fZM+5fSVPg4hZUuB39c+4Q":{"chainKey":{"counter":1,"key":"h1d20xpRR3mUIKRYPDmDRu7wo7h/FEKz1+Vd37quG5s="},"chainType":1,"messageKeys":{}}},"pendingPreKey":{"signedKeyId":1,"baseKey":"BUv1wUAK/l9N1kq1FdS4N9LHtu1hZeU8H+23m5kp8Lpr","preKeyId":261}}},"version":"v1"}