{"_sessions":{"BZzbROKts8aY8tk1fc4/iJgmRhZrgPw/FE1Hyu0Ne6Jn":{"registrationId":72,"currentRatchet":{"ephemeralKeyPair":{"pubKey":"BQ5p42iisekM/JL5SbHFG3bNhLxiiF2NSbCLqUNZd0op","privKey":"GAMBrRNA1rXJEG6noyx5kqc8yCxe0rs6fjqOhc5oYVI="},"lastRemoteEphemeralKey":"BS+98oJrb5q54379vdadV6Bb0LtYyvLGWYWvIzrCeOx/","previousCounter":0,"rootKey":"lSyp32alPh+DEwcRipi301DAJa+xzpCur5bCXWZNj+c="},"indexInfo":{"baseKey":"BZzbROKts8aY8tk1fc4/iJgmRhZrgPw/FE1Hyu0Ne6Jn","baseKeyType":2,"closed":-1,"used":1726738528855,"created":1726489232709,"remoteIdentityKey":"BcmkeYHBajyR3GWyrYAlv/6PkpcrMn3wgGVBEaFMa6AU"},"_chains":{"BWxjgK/wiPORujo1GsnOlzOqzNUjQDeeyRTDZorN5BU6":{"chainKey":{"counter":1},"chainType":2,"messageKeys":{}},"BZEXkiUAfDvCUxyvpAgmwqOwQHUH3hc+apRSL7QV0JUW":{"chainKey":{"counter":0},"chainType":2,"messageKeys":{}},"BTIw7WK2AVt15FrtZ7yT1+GvcQz74kR0L2qzlVkBbAtm":{"chainKey":{"counter":0},"chainType":2,"messageKeys":{}},"BS+98oJrb5q54379vdadV6Bb0LtYyvLGWYWvIzrCeOx/":{"chainKey":{"counter":0,"key":"DC6lSxzt+Vm97TprSmdPDxnwAiQlV6INZ9PCh36T0dQ="},"chainType":2,"messageKeys":{}},"BQ5p42iisekM/JL5SbHFG3bNhLxiiF2NSbCLqUNZd0op":{"chainKey":{"counter":1,"key":"uPUIPan4TvWPxk++94es4IpFWkE2yMLTpuuNtKpWY80="},"chainType":1,"messageKeys":{}}}}},"version":"v1"}