{"_sessions":{"BYgiN1y/ORQRT2Uk+v7TKAOjCH+J/QwirglGAY//oc5Q":{"registrationId":1316341597,"currentRatchet":{"ephemeralKeyPair":{"pubKey":"BdTiSfCb6Lz/cHygU0KaOAc1gI+LcEPp2HkDercq5vgt","privKey":"EKnA2etJ1Mdockv3CoQoiEp0fUMihV8Ky36ksvpLIV4="},"lastRemoteEphemeralKey":"BUjsYwi+P3I879yrDtbW43bEUVSixoE34wGPRnAVIJpg","previousCounter":0,"rootKey":"2aRC826MjBtqlYLtykEFNp4qVPNmWFGCe0J2s6bLnhQ="},"indexInfo":{"baseKey":"BYgiN1y/ORQRT2Uk+v7TKAOjCH+J/QwirglGAY//oc5Q","baseKeyType":1,"closed":-1,"used":1726507252093,"created":1726507252093,"remoteIdentityKey":"BXbw7KAhULaV1ZuTgrr4yIdAckB+CW1Xlf9cD6YTYVh8"},"_chains":{"BdTiSfCb6Lz/cHygU0KaOAc1gI+LcEPp2HkDercq5vgt":{"chainKey":{"counter":31,"key":"pt+ShsSEL/ct8nZaiYed3xdALwHfXDvshivf6Kavxlw="},"chainType":1,"messageKeys":{}}},"pendingPreKey":{"signedKeyId":0,"baseKey":"BYgiN1y/ORQRT2Uk+v7TKAOjCH+J/QwirglGAY//oc5Q","preKeyId":1671664}}},"version":"v1"}