{"_sessions":{"BZxOpr4T5f7ad8Q1DPpKeKEiEkR61bSBCQGFN7vUJZNQ":{"registrationId":72,"currentRatchet":{"ephemeralKeyPair":{"pubKey":"BbMAjue+ICJe4SxfxPMfVS6ETDZR1A/wpqr9bqj3PbgK","privKey":"6AbZ2zBe2W0qxRtVkPZunocdr5yN7hXGIEPI7L78N0w="},"lastRemoteEphemeralKey":"BT5wiBBVyR/HKqFlecyzMqiBEOvjPbpLxHamnlH6MVxY","previousCounter":0,"rootKey":"LefzwT0BDYQsQ+PIWDi4adWmu7X19XOsMyl2nR1FtrY="},"indexInfo":{"baseKey":"BZxOpr4T5f7ad8Q1DPpKeKEiEkR61bSBCQGFN7vUJZNQ","baseKeyType":1,"closed":-1,"used":1726673661372,"created":1726673661372,"remoteIdentityKey":"BdVyUYDYjovaQLJjx77cSYIASMhuWkM2hAC/cxpv0LBG"},"_chains":{"BbMAjue+ICJe4SxfxPMfVS6ETDZR1A/wpqr9bqj3PbgK":{"chainKey":{"counter":0,"key":"DdYcBk7H6uDJyPClP6LXyNfYuIuSMw/v8MTrix4W6I4="},"chainType":1,"messageKeys":{}}},"pendingPreKey":{"signedKeyId":1,"baseKey":"BZxOpr4T5f7ad8Q1DPpKeKEiEkR61bSBCQGFN7vUJZNQ","preKeyId":11}}},"version":"v1"}