{"_sessions":{"BVUUszA0blxxhpt/TRRz2Uz6bT0t04rXgMSoTmN/dnlW":{"registrationId":1112646199,"currentRatchet":{"ephemeralKeyPair":{"pubKey":"BatNVYXWo9cE3duDZOtLOC5xDtH2hIV50xUF45gzlzQf","privKey":"KBzrLLhyHB1bRraw9z2x0DTwEfgsW2D+QABy8vydg2g="},"lastRemoteEphemeralKey":"Bf/NoBP039Qbc/IwIJ5T/1kyiY0mbnsv2sY8yP9mhsJG","previousCounter":1,"rootKey":"TcEtbKHHfk93VneSGXixpU/HCS5pq5gIUF1qqEYjAd8="},"indexInfo":{"baseKey":"BVUUszA0blxxhpt/TRRz2Uz6bT0t04rXgMSoTmN/dnlW","baseKeyType":2,"closed":-1,"used":1726752301372,"created":1726747928187,"remoteIdentityKey":"Bcg2eGCfdMLrR/JVJaZOiwaXtKea9kR94gxGYOFa4XAN"},"_chains":{"BTiBvv3UwVrjfbnb3V0iFq5mrhwc2IoPKokqiNvXeVwb":{"chainKey":{"counter":0},"chainType":2,"messageKeys":{}},"BUxzL2XPobfsgJrofxZhrJU8V68tTVWS6ZHvsjisQ4A3":{"chainKey":{"counter":2},"chainType":2,"messageKeys":{}},"BTlwrcI8bKuBUdD+k/Z9hNi3Alq3kQKA/6/hkhrNsuBh":{"chainKey":{"counter":1},"chainType":2,"messageKeys":{}},"Bf/NoBP039Qbc/IwIJ5T/1kyiY0mbnsv2sY8yP9mhsJG":{"chainKey":{"counter":0,"key":"XmNoQd6IoS2h1hL2DEui4PsvhvitWgjKNvSiURcICzw="},"chainType":2,"messageKeys":{}},"BatNVYXWo9cE3duDZOtLOC5xDtH2hIV50xUF45gzlzQf":{"chainKey":{"counter":-1,"key":"wmC/K27pRScBpBhd9TWxlHnhVRRPOVX0mw7VzcP5HAw="},"chainType":1,"messageKeys":{}}}}},"version":"v1"}