{"_sessions":{"BcDPsnAwwokUrjFjyg2CZzvsnWQ8UTZPAZuRCSlm+z9R":{"registrationId":1500172843,"currentRatchet":{"ephemeralKeyPair":{"pubKey":"BUApqDOZD2RC94Ho6b0dtZGgGLQB80vuYVXm1qGiafhJ","privKey":"cP6GgrW6EGqPs5RHMX9rVfv56AB2ev+/O6WEfYmhnkE="},"lastRemoteEphemeralKey":"BSLCaqwQmkrAaxYXqsDui0FJ/Bfo6Ra9sfF78b8taW4f","previousCounter":0,"rootKey":"NMDSVieUgfVJUueJTaU/QejkS844PIlvoZpETZw8it0="},"indexInfo":{"baseKey":"BcDPsnAwwokUrjFjyg2CZzvsnWQ8UTZPAZuRCSlm+z9R","baseKeyType":1,"closed":-1,"used":1726507252056,"created":1726507252056,"remoteIdentityKey":"BRESfWi5QomR/4C2C6ZsiKaZU9gNLD+Tg7svRlCzdS04"},"_chains":{"BUApqDOZD2RC94Ho6b0dtZGgGLQB80vuYVXm1qGiafhJ":{"chainKey":{"counter":31,"key":"QzG3CNDZyvBSdGCX+RGL6WfiKduPJWB7B5BB0U0GPwU="},"chainType":1,"messageKeys":{}}},"pendingPreKey":{"signedKeyId":2,"baseKey":"BcDPsnAwwokUrjFjyg2CZzvsnWQ8UTZPAZuRCSlm+z9R","preKeyId":10560322}}},"version":"v1"}