{"_sessions":{"Bfl1Jtq6YTgMJktZ4CFnKI2c7kwHCkhJm7KLBtgAISMq":{"registrationId":1581734336,"currentRatchet":{"ephemeralKeyPair":{"pubKey":"BT2cdPkoFAKYRMjnKn1NU1sXDxUG0/NpF6DQ8AWsGRst","privKey":"4C8Wn0tfyjTPsSuIusoh0Iiba0ZXoxKg6h0G2jd0yFc="},"lastRemoteEphemeralKey":"BTj9eOjV7oErrCzBVcy68zA36U33nVei29tyfVWf4zEv","previousCounter":0,"rootKey":"k5ceZhDyomQ4km0odP/0T9FxRLwZWfQRxK5EcrXSz6k="},"indexInfo":{"baseKey":"Bfl1Jtq6YTgMJktZ4CFnKI2c7kwHCkhJm7KLBtgAISMq","baseKeyType":1,"closed":-1,"used":1726558186011,"created":1726507252287,"remoteIdentityKey":"BciAxOYYPF6VNkrqEjfLPiQjvwa8sHmSwTYSVjQ0jTA/"},"_chains":{"BTj9eOjV7oErrCzBVcy68zA36U33nVei29tyfVWf4zEv":{"chainKey":{"counter":0,"key":"7KWeWkTuIcmXbYB0NjWs0JiyfpykCRaX7B6nihiofj0="},"chainType":2,"messageKeys":{}},"BT2cdPkoFAKYRMjnKn1NU1sXDxUG0/NpF6DQ8AWsGRst":{"chainKey":{"counter":30,"key":"nryd/U1o7x11oDWYDmOswObc0pXygV7gotXqq19rhJ8="},"chainType":1,"messageKeys":{}}}}},"version":"v1"}