{"_sessions":{"BVgpel6iWwHjHBMu2pmAQp/Wn+0G4H7bBINaOJcQFfEi":{"registrationId":1926,"currentRatchet":{"ephemeralKeyPair":{"pubKey":"Bc5027X59hOPani4SM47W6YGysejx9Mg3x/1j87GHC5m","privKey":"YPdRx8gsrZXeyy8I1Q0JwLmXJnuP/druMrT5m4CbLm4="},"lastRemoteEphemeralKey":"BcdKzSIzpQqyQIx5iGgRstkACkfA4y5pogVqX0VQZI4S","previousCounter":0,"rootKey":"3iqWRe2trNQnWve0MJcEHsCGa/gC/XgB8HMcxzdfWds="},"indexInfo":{"baseKey":"BVgpel6iWwHjHBMu2pmAQp/Wn+0G4H7bBINaOJcQFfEi","baseKeyType":1,"closed":-1,"used":1726465605083,"created":1726465605083,"remoteIdentityKey":"BY1xFpHz4Stzaq9sk7RWa2Jlob5gHGT5fuicoFuGxw53"},"_chains":{"Bc5027X59hOPani4SM47W6YGysejx9Mg3x/1j87GHC5m":{"chainKey":{"counter":15,"key":"tZg/IHDRucc117FWJNBJi0P0ZpxgiNNM1Q5tPXakLxI="},"chainType":1,"messageKeys":{}}},"pendingPreKey":{"signedKeyId":1,"baseKey":"BVgpel6iWwHjHBMu2pmAQp/Wn+0G4H7bBINaOJcQFfEi","preKeyId":206}}},"version":"v1"}