{"_sessions":{"BbSuhGKgTV4BZi6nR44zM5KUhF+AFgPhyVXShubzGLI5":{"registrationId":373,"currentRatchet":{"ephemeralKeyPair":{"pubKey":"BVRYSrL8u921jxcBI/4G0h7Zq0XKZixCzZgQDEI3jPBp","privKey":"mMiOQkFTKNrA+SgUU/s031hhsMIjdh6h+SLmISrJ9GI="},"lastRemoteEphemeralKey":"BTP3Mx/IV23QhT26yqZQak6d//VI7oduk+n0lYbAu4IS","previousCounter":0,"rootKey":"5uVsTF5c8q+ncrvws3FJ6o/KJxVwC66YPUWsnyeiHbQ="},"indexInfo":{"baseKey":"BbSuhGKgTV4BZi6nR44zM5KUhF+AFgPhyVXShubzGLI5","baseKeyType":1,"closed":-1,"used":1726475933408,"created":1726475933408,"remoteIdentityKey":"BYAn7bgLfNwW03M6uxVq05VcSIXeL6xj4+lI9uVXvxNX"},"_chains":{"BVRYSrL8u921jxcBI/4G0h7Zq0XKZixCzZgQDEI3jPBp":{"chainKey":{"counter":3,"key":"bpyu/ry8jVEL73Ybt3+16ctVrgm8noYZ3WUKxNKLOj8="},"chainType":1,"messageKeys":{}}},"pendingPreKey":{"signedKeyId":1,"baseKey":"BbSuhGKgTV4BZi6nR44zM5KUhF+AFgPhyVXShubzGLI5"}}},"version":"v1"}