{"_sessions":{"BRBBwtDGFPFBG2nmMnnIaWFxO58bJgZ8bG/NAR6iSMtq":{"registrationId":1277761270,"currentRatchet":{"ephemeralKeyPair":{"pubKey":"BfkkBFTScCRIGC4+8SaiG/6KkYQHbCEGu8vr2Mp0+JBv","privKey":"eCg8k/L+JhTkYqjxn1RvRY0sXK9/4TbQw6CDYX77GG0="},"lastRemoteEphemeralKey":"BYXb3dLvXB6MdSgxGApufxtay9GmmR/MX4Z5TlZdKMYI","previousCounter":0,"rootKey":"+iQSPSPDmyHaIKx27iglK/5c96AnyA5wUoooiCIFEpI="},"indexInfo":{"baseKey":"BRBBwtDGFPFBG2nmMnnIaWFxO58bJgZ8bG/NAR6iSMtq","baseKeyType":1,"closed":-1,"used":1726507251948,"created":1726507251948,"remoteIdentityKey":"BZw+XCG30fvXmiKJHjU0U2qUb9oNJLB1DeB527QJxSUS"},"_chains":{"BfkkBFTScCRIGC4+8SaiG/6KkYQHbCEGu8vr2Mp0+JBv":{"chainKey":{"counter":31,"key":"R1m7MkbZOBtS8AdnTJZ4jpFPKWCp6iY1LsrR5z2bYgw="},"chainType":1,"messageKeys":{}}},"pendingPreKey":{"signedKeyId":1,"baseKey":"BRBBwtDGFPFBG2nmMnnIaWFxO58bJgZ8bG/NAR6iSMtq"}}},"version":"v1"}