{"_sessions":{"BftaFZNIeb0K0zI80h+x4Mnb/DiLqEdx7N5QL8+eKJ1l":{"registrationId":826038947,"currentRatchet":{"ephemeralKeyPair":{"pubKey":"Ba54WLwnqUisvGL5WnEYHIHLq6K8iydn5/RqongDHp1F","privKey":"YBB4TTKb12bHS1IC8Sau5skJlZz9SvAguMAWmT5EPnA="},"lastRemoteEphemeralKey":"BQElM5eybH12/yVkisPvvsGoQhZU0nBfzHrROUjAehw7","previousCounter":0,"rootKey":"G/kqrCkYtJ8SPsu4nzJ+/YvpYKgjkwP+45+HP4lWzJ0="},"indexInfo":{"baseKey":"BftaFZNIeb0K0zI80h+x4Mnb/DiLqEdx7N5QL8+eKJ1l","baseKeyType":1,"closed":-1,"used":1726673661477,"created":1726673661477,"remoteIdentityKey":"BQyz5am8BZhlKu9siLfcm9+nqg9d05T71bOHyCB70xAT"},"_chains":{"Ba54WLwnqUisvGL5WnEYHIHLq6K8iydn5/RqongDHp1F":{"chainKey":{"counter":0,"key":"g7yOO/Qx7SwSNB2Di94Pd6IQdHdN72EIK+9QMShEGys="},"chainType":1,"messageKeys":{}}},"pendingPreKey":{"signedKeyId":0,"baseKey":"BftaFZNIeb0K0zI80h+x4Mnb/DiLqEdx7N5QL8+eKJ1l","preKeyId":3486177}}},"version":"v1"}