{"_sessions":{"BTESHkBo+RkTw/I+M2uvAEX40HCFB1mY8WPXtVTZ14t2":{"registrationId":2803,"currentRatchet":{"ephemeralKeyPair":{"pubKey":"BRq7O4u9TIsubkhAaSHZvNJ1A8byQUrfi816XURQDdJh","privKey":"YMKFQkF/TrnO598na1tDBk4XREpqi5tFiUU84HEAJ14="},"lastRemoteEphemeralKey":"BYQm3iwittLGkd9F+2dAk0PPBlumA2LiH025JtGoILB5","previousCounter":0,"rootKey":"BXpd+keRbxeBWaWVsHOZBj5RMCeTwRZnPL98ATn4Qa8="},"indexInfo":{"baseKey":"BTESHkBo+RkTw/I+M2uvAEX40HCFB1mY8WPXtVTZ14t2","baseKeyType":1,"closed":-1,"used":1726492603561,"created":1726492603561,"remoteIdentityKey":"BdPqocXM1w4baRQri3Sn+HNYfg1+23JFrKY69L4WPSRW"},"_chains":{"BRq7O4u9TIsubkhAaSHZvNJ1A8byQUrfi816XURQDdJh":{"chainKey":{"counter":23,"key":"SXxLfWUk21hdhpkhSZiOmuHNIUycOWwB1/OcPvXtRFY="},"chainType":1,"messageKeys":{}}},"pendingPreKey":{"signedKeyId":0,"baseKey":"BTESHkBo+RkTw/I+M2uvAEX40HCFB1mY8WPXtVTZ14t2"}}},"version":"v1"}