{"_sessions":{"BadmpWYKVGOCTlbfN95vwP85HwXNPjTF7rarN5sxwghc":{"registrationId":92,"currentRatchet":{"ephemeralKeyPair":{"pubKey":"BdQ1Of+zYygwBhji3zMPtYhzR3L74dUVz2lsuOuSlIsn","privKey":"yCD564QsSbZlUCSJzkK7hyd1Cn0sJsM+RtCv0QbZFVs="},"lastRemoteEphemeralKey":"BQRrYeYsEt1eeBg25a8MjphYEH0Duv6VLD1dxs9s9Js+","previousCounter":0,"rootKey":"C8k1BUS0iv7QmhvWrlnoe5OIW+WIHLGGtvApZMYQ/+s="},"indexInfo":{"baseKey":"BadmpWYKVGOCTlbfN95vwP85HwXNPjTF7rarN5sxwghc","baseKeyType":1,"closed":1726507252486,"used":1726507251958,"created":1726507251958,"remoteIdentityKey":"BdvMl4skqySJ786X6TCsDuMELV/Gyn90UyFc2C1mxigW"},"_chains":{"BdQ1Of+zYygwBhji3zMPtYhzR3L74dUVz2lsuOuSlIsn":{"chainKey":{"counter":-1,"key":"6oY3eEGPHZcwfKvhDyyxrdMsDBTwm+fqfXsZ2TvIgRE="},"chainType":1,"messageKeys":{}}},"pendingPreKey":{"signedKeyId":1,"baseKey":"BadmpWYKVGOCTlbfN95vwP85HwXNPjTF7rarN5sxwghc","preKeyId":27}},"BXbidmSVFchSyIcRBjmZweanbPwL1mtOz6XFmuyGnElg":{"registrationId":92,"currentRatchet":{"ephemeralKeyPair":{"pubKey":"BXC8p9ZBGv1ekf9mfEaqUJQsedvsZZPPzlOnC6cR80EU","privKey":"sA8VNpkLIk86FzWq8IqJKGOdNri3Rla+KXt9Md5RVnQ="},"lastRemoteEphemeralKey":"BQrpFonpxr6tnnHgdKJMW845jMOF0s3wNwlrAKMjWkR8","previousCounter":0,"rootKey":"0omV68kX+YtwouSKBSFMxRlfpB76BvF4v+oeQ8MJE9I="},"indexInfo":{"baseKey":"BXbidmSVFchSyIcRBjmZweanbPwL1mtOz6XFmuyGnElg","baseKeyType":2,"closed":1726563033061,"used":1726507252488,"created":1726507252488,"remoteIdentityKey":"BdvMl4skqySJ786X6TCsDuMELV/Gyn90UyFc2C1mxigW"},"_chains":{"BQrpFonpxr6tnnHgdKJMW845jMOF0s3wNwlrAKMjWkR8":{"chainKey":{"counter":0,"key":"l3Pd0PT29EAsw6e00JSEFIjRRx0UZgdph4Ly/dq7ZGg="},"chainType":2,"messageKeys":{}},"BXC8p9ZBGv1ekf9mfEaqUJQsedvsZZPPzlOnC6cR80EU":{"chainKey":{"counter":0,"key":"JnEm1M8lQyH5nHyqV75iB4///VV79meoJTs4OpFZ6Jc="},"chainType":1,"messageKeys":{}}}},"BRfTNQ+pSdk6xlJY/nhspFwlnTLsuEWTBbdmtJh5vcto":{"registrationId":92,"currentRatchet":{"ephemeralKeyPair":{"pubKey":"BT7C7QZuLlVxE4QjVkYApzo7zCDa8bs3OEEGOAD6wLpA","privKey":"MPseOrhcwauX7L4xy9B+A1TEj2cPMc5oPnC7H4jIaHg="},"lastRemoteEphemeralKey":"Bc+gQJ488nUBU4bBZ2Vyf6RLPXlMZugmghtvecBsXKpf","previousCounter":0,"rootKey":"W6RKBpG6s1azBUnS8157++zx8EPxavJAphxLVl4rFxo="},"indexInfo":{"baseKey":"BRfTNQ+pSdk6xlJY/nhspFwlnTLsuEWTBbdmtJh5vcto","baseKeyType":2,"closed":-1,"used":1726563033087,"created":1726563033087,"remoteIdentityKey":"BdvMl4skqySJ786X6TCsDuMELV/Gyn90UyFc2C1mxigW"},"_chains":{"Bc+gQJ488nUBU4bBZ2Vyf6RLPXlMZugmghtvecBsXKpf":{"chainKey":{"counter":1,"key":"dsfvpa5tgjQhpGYkGeSjbzOTRiaEE5Zbdu6x+FEg1as="},"chainType":2,"messageKeys":{}},"BT7C7QZuLlVxE4QjVkYApzo7zCDa8bs3OEEGOAD6wLpA":{"chainKey":{"counter":30,"key":"Aon6vrb/95IvY+aWHZWoeb2kEBrhtqyYaN0+EqlZfeI="},"chainType":1,"messageKeys":{}}}}},"version":"v1"}