{"_sessions":{"BdQljCmmjEkV+dZ1RJFKVL9zjMHbGsRslLa72gBKH3JB":{"registrationId":818072805,"currentRatchet":{"ephemeralKeyPair":{"pubKey":"BSu4fXMRrP2jXa+dtWW5+v9ht92qnsLvuRTlSW1xPnUx","privKey":"OBxFx7umGiNzwafnfRBk3fUSzxL2qRnZKpeaD+MdNk8="},"lastRemoteEphemeralKey":"BeI70RkkXoxoPAuycgo0hDD008wFKV91U87BkluqVVY0","previousCounter":0,"rootKey":"tywXDy/jYtHBBN3j8GNEh2ZHUuHUl6Bz+N+9pObZ/TI="},"indexInfo":{"baseKey":"BdQljCmmjEkV+dZ1RJFKVL9zjMHbGsRslLa72gBKH3JB","baseKeyType":1,"closed":-1,"used":1726465605245,"created":1726465605245,"remoteIdentityKey":"BdO0Y37DmDxZbkTM+EtRPOf4MnvV4NUjzHNs0FU9X5V/"},"_chains":{"BSu4fXMRrP2jXa+dtWW5+v9ht92qnsLvuRTlSW1xPnUx":{"chainKey":{"counter":41,"key":"pOsGYVPMO6CoZsgJyevYXm4oQCHI+hTMjTdT7CO8i80="},"chainType":1,"messageKeys":{}}},"pendingPreKey":{"signedKeyId":0,"baseKey":"BdQljCmmjEkV+dZ1RJFKVL9zjMHbGsRslLa72gBKH3JB"}}},"version":"v1"}