{"_sessions":{"BXVENmltd9rUme20Yw2g32QVOki4EKLOyTsIJmnPu+Yu":{"registrationId":297761807,"currentRatchet":{"ephemeralKeyPair":{"pubKey":"BR2mHsteXY3/X5COwni/dmLepv+4YF8IRt+rPbNIkHV8","privKey":"QNtov2IdNSaZ3UBjOf3uJ7ebcnXpd0KkEBYTNBbKxVQ="},"lastRemoteEphemeralKey":"BZX+qroOADdKhFDxFMKqoPAAs+9/8YkgCbaaoPgElv9/","previousCounter":0,"rootKey":"QX9z+D15CHROPYnialZc5FaNZbbP+3O4IJh7QmmXHz0="},"indexInfo":{"baseKey":"BXVENmltd9rUme20Yw2g32QVOki4EKLOyTsIJmnPu+Yu","baseKeyType":2,"closed":-1,"used":1726747937851,"created":1726747937851,"remoteIdentityKey":"BbdHKmPD9dlVafaKSTfEaOjyO9px5q9NbzIee1AUla5z"},"_chains":{"BZX+qroOADdKhFDxFMKqoPAAs+9/8YkgCbaaoPgElv9/":{"chainKey":{"counter":0,"key":"fgYr7E7jKNxPbpZrfzVHv8WjlwqRt48UDVh9m2LhuD4="},"chainType":2,"messageKeys":{}},"BR2mHsteXY3/X5COwni/dmLepv+4YF8IRt+rPbNIkHV8":{"chainKey":{"counter":0,"key":"e/2WIo4+ei9fPxjuyeH92WBNks5+NWZzodauOuoz+IU="},"chainType":1,"messageKeys":{}}}}},"version":"v1"}