{"_sessions":{"BRqoYKNnmVV5rP5eD2fElEtPlGClo+4hnv3EzhIVN3l9":{"registrationId":223,"currentRatchet":{"ephemeralKeyPair":{"pubKey":"BVCk9Mz5xMIj15msHRhcO0i7jcRk55btvYw5EOsee2Qm","privKey":"qNRUqFA1wzl8UYY6KXvyN+DURvusV+sUsvL+8Q+Ao0w="},"lastRemoteEphemeralKey":"BRiWVI/01yqkRewCIt9E6M7+Ykpwp6cEeUxGy+kNH0Il","previousCounter":0,"rootKey":"GglMPpRPr+OM0bAMst8lV9W2FBI4nHXYBZC8R+Se3mo="},"indexInfo":{"baseKey":"BRqoYKNnmVV5rP5eD2fElEtPlGClo+4hnv3EzhIVN3l9","baseKeyType":1,"closed":-1,"used":1726751092164,"created":1726751092164,"remoteIdentityKey":"BdrgxG4yb6FhfnZf6I43UxbQUko7mdrBZnsnCYMyR2Z/"},"_chains":{"BVCk9Mz5xMIj15msHRhcO0i7jcRk55btvYw5EOsee2Qm":{"chainKey":{"counter":0,"key":"KNXpjhMIvE3mHmnF245iApf+HFyunfOp8s8f3NGnXxA="},"chainType":1,"messageKeys":{}}},"pendingPreKey":{"signedKeyId":1,"baseKey":"BRqoYKNnmVV5rP5eD2fElEtPlGClo+4hnv3EzhIVN3l9"}}},"version":"v1"}