{"_sessions":{"BatDReUVC2wF7a0EYH9OFutKixfdtdPCBIHAjiq09gQy":{"registrationId":36467164,"currentRatchet":{"ephemeralKeyPair":{"pubKey":"Bbc0gzzIFDfvJkWFpgHPJ6SpQSy/GKFtJcwG8HGnDV5M","privKey":"KOfgUmNF76VARDmwjqZjZAXg/o2WU3gFeKZ7igHbh0A="},"lastRemoteEphemeralKey":"BSsJpgrWKhdRfmqMkXzMC7W2u/7A5iNK82XiztR7KktV","previousCounter":0,"rootKey":"kq0P7U9SsuD9fNoyw+dh9GSfaQAL4ElpiwDAO6RzKWU="},"indexInfo":{"baseKey":"BatDReUVC2wF7a0EYH9OFutKixfdtdPCBIHAjiq09gQy","baseKeyType":1,"closed":-1,"used":1726507252190,"created":1726507252190,"remoteIdentityKey":"BbPl8InAmhkExL5qMAs+d/AS8QcH4kvaLbtiy9ASppMQ"},"_chains":{"Bbc0gzzIFDfvJkWFpgHPJ6SpQSy/GKFtJcwG8HGnDV5M":{"chainKey":{"counter":31,"key":"p7JKA2ZtIXGs66s0TyWyIkUaTHaxoubTkBeszVALDGs="},"chainType":1,"messageKeys":{}}},"pendingPreKey":{"signedKeyId":1,"baseKey":"BatDReUVC2wF7a0EYH9OFutKixfdtdPCBIHAjiq09gQy","preKeyId":7143899}}},"version":"v1"}