{"_sessions":{"BSHrg2C6idUKETr7/58ZfBQcqo9i3gUSTi/sajlBiqNC":{"registrationId":2028637237,"currentRatchet":{"ephemeralKeyPair":{"pubKey":"BWf7EP19VOFGivuSFHYc2wQ6oe3wo2F7qfwbswvZBD4U","privKey":"AEaAjJzmxTfzClWQOBlydX+rX1nMV2cjz3movTW7TGQ="},"lastRemoteEphemeralKey":"BRqWomcZZcCsglDjINTpAwZgCcPIjW0YVMdQ97H3R5Bp","previousCounter":0,"rootKey":"DgPdyqZDmTibYqVZGhOBrTm0p+0+5+ag1ZWTgDwix80="},"indexInfo":{"baseKey":"BSHrg2C6idUKETr7/58ZfBQcqo9i3gUSTi/sajlBiqNC","baseKeyType":1,"closed":-1,"used":1726747143353,"created":1726739860678,"remoteIdentityKey":"BejfbagK4k97ebUAV8PX39TwjyT/twcHA8ClgBZBuxJL"},"_chains":{"BV9F3W+QBDCksSO0KukRwgjjDsG4wvX/pSSteYLOyrVA":{"chainKey":{"counter":1},"chainType":2,"messageKeys":{}},"BZ+WuiPzu2v4i8TW9GaMSm+OHtcwk8KutqbyuVbLkFoh":{"chainKey":{"counter":1},"chainType":2,"messageKeys":{}},"BXrIAXdD+8fO4vEVQnYdeaaPQUuxoMbg7cA+5odK6N4j":{"chainKey":{"counter":0},"chainType":2,"messageKeys":{}},"BRqWomcZZcCsglDjINTpAwZgCcPIjW0YVMdQ97H3R5Bp":{"chainKey":{"counter":0,"key":"Vhuv9i0JGc8vOyB2YjmJCTTKlsu0Cnchsk2XTciuMdY="},"chainType":2,"messageKeys":{}},"BWf7EP19VOFGivuSFHYc2wQ6oe3wo2F7qfwbswvZBD4U":{"chainKey":{"counter":-1,"key":"f9q4MmYN9n06NV/tKSwWOe6FV9V7lFcAlI8mmc5FTI0="},"chainType":1,"messageKeys":{}}}}},"version":"v1"}