{"_sessions":{"BfgsUdO7eI9mkhOgDkegEx+34UD2JwrIeQD1h/Az8+Fx":{"registrationId":163224073,"currentRatchet":{"ephemeralKeyPair":{"pubKey":"BSOCxpG/PfC2ZRTg09pk8cDIlYoyRfmLJDzHOBm1WrR6","privKey":"UMi2gAwEWVp/nVl5bf92fayU2NaodAJ+G8PNibLZkGI="},"lastRemoteEphemeralKey":"BdOUGolIb+zLIfHh/RNzg3tHrl7WFZSPZkjv+KJfCnB4","previousCounter":0,"rootKey":"iYLazKhi6HGIhcIRvx4gqy8KT3YrUUsS5tnn2c0pUCs="},"indexInfo":{"baseKey":"BfgsUdO7eI9mkhOgDkegEx+34UD2JwrIeQD1h/Az8+Fx","baseKeyType":1,"closed":-1,"used":1726488101054,"created":1726488101054,"remoteIdentityKey":"BchKFxz9kyhmfKLAltFai8nhj0+lxSbIHSBgW9sDxTlH"},"_chains":{"BSOCxpG/PfC2ZRTg09pk8cDIlYoyRfmLJDzHOBm1WrR6":{"chainKey":{"counter":37,"key":"eqygqfu4y6DwyeISCeTnWckY/A5Bbj5yQ6py6F244Xo="},"chainType":1,"messageKeys":{}}},"pendingPreKey":{"signedKeyId":5,"baseKey":"BfgsUdO7eI9mkhOgDkegEx+34UD2JwrIeQD1h/Az8+Fx","preKeyId":8464069}}},"version":"v1"}