{"_sessions":{"BXNOSSAE3+lIr9xrZd0G7UcFG9gK0i+3g7FZgZak4rRg":{"registrationId":1455151778,"currentRatchet":{"ephemeralKeyPair":{"pubKey":"BbvGMrAAmaLtOHXuZl04bgWbYZrmuauen4YiwJK8csh6","privKey":"cNDvPr58cUgWCbJTlvY3WZpC4m7g3m+FlcNHvocCeHg="},"lastRemoteEphemeralKey":"BdakwE4+FUkgJ4yastDUdJqVDeJFwT54ln4TASIgwfcm","previousCounter":0,"rootKey":"s0wExXEeVZbsUPmmHcw6Z5KKmFFXytaW3kofEw1KObI="},"indexInfo":{"baseKey":"BXNOSSAE3+lIr9xrZd0G7UcFG9gK0i+3g7FZgZak4rRg","baseKeyType":2,"closed":-1,"used":1726475895575,"created":1726475895575,"remoteIdentityKey":"Bacp3HeRfLCEhrtZpXMlpm4nKja2mxaQcUbS7fKxaRkt"},"_chains":{"BdakwE4+FUkgJ4yastDUdJqVDeJFwT54ln4TASIgwfcm":{"chainKey":{"counter":0,"key":"UhZtiTUCCxU+8i1pArpURwspSa1rZoAaibv83+avcWY="},"chainType":2,"messageKeys":{}},"BbvGMrAAmaLtOHXuZl04bgWbYZrmuauen4YiwJK8csh6":{"chainKey":{"counter":3,"key":"jGOPPsJl5YcbVydwMLGkL3g42JCfNcQuQtz5pzh2a8Y="},"chainType":1,"messageKeys":{}}}}},"version":"v1"}