{"_sessions":{"Bd63lmonqPYax0GumKpu4uv1Cj7R33jAuZVCcr4+crtD":{"registrationId":42008794,"currentRatchet":{"ephemeralKeyPair":{"pubKey":"BajwOXGMBm7zIqn57bhMLJBDT+5M7DTWLRzuQB6FcodK","privKey":"mGaovU/j/7IZth7Bwaajo3EkKAH2HEjoTi+y0vWYc0s="},"lastRemoteEphemeralKey":"BXnZ3CfDrRVcbBsWArstLtPYm46PGh1p5UliKKsbabk5","previousCounter":3,"rootKey":"e4zH/P3NBBmDm9qj1UuAiJI+F0/2QQKlTBebz5DNaeA="},"indexInfo":{"baseKey":"Bd63lmonqPYax0GumKpu4uv1Cj7R33jAuZVCcr4+crtD","baseKeyType":1,"closed":-1,"used":1726713886660,"created":1726465605207,"remoteIdentityKey":"BTTaI6q3Ss1E+XRk3BaW4YSqenGXDZgLkP9FHzgUOehg"},"_chains":{"BRIgGuFxgM9lCrAf731aoGXedRC7ygKrR8FxjTmOkVNn":{"chainKey":{"counter":0},"chainType":2,"messageKeys":{}},"BWYF1ZM/lQtVlPGLfBvG5fs9YPT1t4Zm4QgpsUj7h/hU":{"chainKey":{"counter":1},"chainType":2,"messageKeys":{}},"BTZ4nU9H68/r/7N5scgFeQl4WtDVTE3o8tLTxUL1VMEN":{"chainKey":{"counter":0},"chainType":2,"messageKeys":{}},"BXnZ3CfDrRVcbBsWArstLtPYm46PGh1p5UliKKsbabk5":{"chainKey":{"counter":0,"key":"omxIZBtT5j+ENOIYrtTQwqwNbzekxojopwuu7CkKKgY="},"chainType":2,"messageKeys":{}},"BajwOXGMBm7zIqn57bhMLJBDT+5M7DTWLRzuQB6FcodK":{"chainKey":{"counter":0,"key":"zIlva4zpjQNAZgxD4RoPsDxQK82M8iZRA+L7eDccjOQ="},"chainType":1,"messageKeys":{}}}}},"version":"v1"}