{"_sessions":{"BbqjuC/4AG2TKutRyX+OGKvIdc3ulpYZ+GT8HjyAuvED":{"registrationId":13394,"currentRatchet":{"ephemeralKeyPair":{"pubKey":"BZb+eXTRJObQ2Vs+vy7Yc0PMW1ASWbHcaT7CMDSPXqtF","privKey":"mLnIPCk+fIKcGOwq9CuQdpgMDKmYQjYZ4xR/lA/CCHE="},"lastRemoteEphemeralKey":"BcnQhMwTSE11DKhpgrjNK1ZVnFV18h7LCjjkrwBPesQd","previousCounter":0,"rootKey":"ajIlEgMaMua562yFfqp7sMX0bNkdSxKl9GQozkr2f0A="},"indexInfo":{"baseKey":"BbqjuC/4AG2TKutRyX+OGKvIdc3ulpYZ+GT8HjyAuvED","baseKeyType":1,"closed":-1,"used":1726465605069,"created":1726465605069,"remoteIdentityKey":"BdfRRIX4yo3JF/35jJyb6KUEIwlkNr83vzNCJWopwKlu"},"_chains":{"BZb+eXTRJObQ2Vs+vy7Yc0PMW1ASWbHcaT7CMDSPXqtF":{"chainKey":{"counter":37,"key":"k3o3Qznca9FQyedzURGCYEeCHBSwIK6NgWfl8fS6v7U="},"chainType":1,"messageKeys":{}}},"pendingPreKey":{"signedKeyId":1,"baseKey":"BbqjuC/4AG2TKutRyX+OGKvIdc3ulpYZ+GT8HjyAuvED"}}},"version":"v1"}