{"_sessions":{"BUDXGwfYZxBYkcX5+MoGccO8xdUo8klvom5ngKlqe7YH":{"registrationId":63,"currentRatchet":{"ephemeralKeyPair":{"pubKey":"BVB522U9v9bWOVorhsz2xM7YV+0OOzzaao9h1+v6oLN4","privKey":"uGigscnkkl3ws6+FhxtYPn5O85EUwgS/auhq0QSjjX8="},"lastRemoteEphemeralKey":"Baw5D+4+aZJNqYJI9TtVijobdxx0fp6YWBLaIuE9Hu1v","previousCounter":0,"rootKey":"0evrmwRlQ+BInYqDFy98/MJVw+lnBZo3ONQ95fP8++w="},"indexInfo":{"baseKey":"BUDXGwfYZxBYkcX5+MoGccO8xdUo8klvom5ngKlqe7YH","baseKeyType":1,"closed":-1,"used":1726733484060,"created":1726733484060,"remoteIdentityKey":"BTAxGduMW2oJgDJ980yWE/a03m59MJtuBLF2XvNSaIMH"},"_chains":{"BVB522U9v9bWOVorhsz2xM7YV+0OOzzaao9h1+v6oLN4":{"chainKey":{"counter":12,"key":"kGAOQk2ECY6jK7/ljETyle99S/QBj7tV/rH5Ho6VnQw="},"chainType":1,"messageKeys":{}}},"pendingPreKey":{"signedKeyId":1,"baseKey":"BUDXGwfYZxBYkcX5+MoGccO8xdUo8klvom5ngKlqe7YH","preKeyId":26}}},"version":"v1"}