{"_sessions":{"BcrXWBOZo+LC8O4n1lz6Zg5QCHzK28D9QKIsSYQkB+Jd":{"registrationId":530302601,"currentRatchet":{"ephemeralKeyPair":{"pubKey":"BQ+3tVi/s3ZDlNyX2tY4mi96cJq2G2U7YqeXbj1eG/0K","privKey":"eGJsKhgTAhThQpoERBK6Qcw6rDZARUrkXDGVFkmt2Fk="},"lastRemoteEphemeralKey":"BfhOTkEp+0JllGb3dpEtLIrLnu8otTVQ9TL+k6Xy2Hpp","previousCounter":0,"rootKey":"y1g31nsPf117Du+e3j+nwG3F+ckfcw5tBTH923qbUFM="},"indexInfo":{"baseKey":"BcrXWBOZo+LC8O4n1lz6Zg5QCHzK28D9QKIsSYQkB+Jd","baseKeyType":1,"closed":-1,"used":1726492603601,"created":1726492603601,"remoteIdentityKey":"BQR6DTGb/6Q/HgT8HzGOQRQlOtrBLKmCE5SGYXhMw9Nn"},"_chains":{"BQ+3tVi/s3ZDlNyX2tY4mi96cJq2G2U7YqeXbj1eG/0K":{"chainKey":{"counter":23,"key":"rre6m8vU/EZ+BxThWy3oX9VECEg8aIr/nXRIwbvOg3g="},"chainType":1,"messageKeys":{}}},"pendingPreKey":{"signedKeyId":1,"baseKey":"BcrXWBOZo+LC8O4n1lz6Zg5QCHzK28D9QKIsSYQkB+Jd","preKeyId":10492025}}},"version":"v1"}