{"_sessions":{"Bc7IKnRQjAYr8Y2iGl/hQ8RFLeuCtbISdeZ3mV0KAjoZ":{"registrationId":92,"currentRatchet":{"ephemeralKeyPair":{"pubKey":"BYxam2rPa/jAHth78fGSCw08HwRj29l0sDi2V6unJHQE","privKey":"uNdueXcVXIqQT2m81BeKmCI0Cljq6EzUz1KisGtWdmM="},"lastRemoteEphemeralKey":"BdNufBd2Ezet1qLf1Sl71lcKPJ6N4Ry+E4kl8mM5P7Nw","previousCounter":0,"rootKey":"3Kue/XCjAiPUGW48GznTiQiWGriXJ+loBuOv753Re3w="},"indexInfo":{"baseKey":"Bc7IKnRQjAYr8Y2iGl/hQ8RFLeuCtbISdeZ3mV0KAjoZ","baseKeyType":1,"closed":1726566831992,"used":1726549446590,"created":1726507251988,"remoteIdentityKey":"BdWRr7FM5Hoe11XFZ8OoRetYhzgZRIObqajCvVoRHBBw"},"_chains":{"BdNufBd2Ezet1qLf1Sl71lcKPJ6N4Ry+E4kl8mM5P7Nw":{"chainKey":{"counter":1,"key":"bVnLgUIAGZCgG3zq+WyLbSE67ILnyC6hCH2oQk6mlIU="},"chainType":2,"messageKeys":{}},"BYxam2rPa/jAHth78fGSCw08HwRj29l0sDi2V6unJHQE":{"chainKey":{"counter":1,"key":"NqT0xZRBxxfCW0x2fEKm4E1Ie8t1CWAwN0y0oZDAjIY="},"chainType":1,"messageKeys":{}}}},"Bb6csUmsoxqqxJlsmBKBYGarhhETURnHpTSKx6xbAEIt":{"registrationId":92,"currentRatchet":{"ephemeralKeyPair":{"pubKey":"BZMt1phUP2nBVsf1yelrbGAFutzI5NhNN9fXIKRKsc4/","privKey":"cPoXbO4pheIi8uvlrMaRg3ZPxcyOENRb01rd8MCa01Q="},"lastRemoteEphemeralKey":"BUB1S9jOD/iMUE+QRQ/elr2cRJUXc376ktRwQOo+7hEw","previousCounter":6,"rootKey":"2Mm149aVlvTXQkdsWMfyLd5R9c/bYsLPUBX59lnilGQ="},"indexInfo":{"baseKey":"Bb6csUmsoxqqxJlsmBKBYGarhhETURnHpTSKx6xbAEIt","baseKeyType":2,"closed":-1,"used":1726577959153,"created":1726566831996,"remoteIdentityKey":"BdWRr7FM5Hoe11XFZ8OoRetYhzgZRIObqajCvVoRHBBw"},"_chains":{"BZMtUZ2jzSdgf/Z1qtHnQT+nz2jZzBWth9FsI+2KQEAZ":{"chainKey":{"counter":1},"chainType":2,"messageKeys":{}},"BUB1S9jOD/iMUE+QRQ/elr2cRJUXc376ktRwQOo+7hEw":{"chainKey":{"counter":0,"key":"QIQGHM9BcYqK0KOBhSst79T+zx2UA3rx/PTLTwJyr4Y="},"chainType":2,"messageKeys":{}},"BZMt1phUP2nBVsf1yelrbGAFutzI5NhNN9fXIKRKsc4/":{"chainKey":{"counter":21,"key":"6XkjTly4VGZ3hplWxGmwlLCPxnbKGrLPf2MPURKd9Lk="},"chainType":1,"messageKeys":{}}}}},"version":"v1"}