{"_sessions":{"BWbpF7LZTl3lw3lyniBiwzjUbdQPOAnCErd5gyPmkkYX":{"registrationId":183,"currentRatchet":{"ephemeralKeyPair":{"pubKey":"BU8c+Wfk0GvZmVYKy8qHJM3WmsJaWn3YfgyEZxVuOwZ7","privKey":"eNxlL2sZW+wH6FqMr+9HoeeD3yhzPxu8VRkXMVDSgGg="},"lastRemoteEphemeralKey":"BWsRBzNtpzt709lp8VJz/DnfWuhteUge+zRzqIdQMeNb","previousCounter":0,"rootKey":"6HvPYkUSr3bYhWxZ/9a0HmIfsvRY/1mIP6M/dcWI4Ns="},"indexInfo":{"baseKey":"BWbpF7LZTl3lw3lyniBiwzjUbdQPOAnCErd5gyPmkkYX","baseKeyType":2,"closed":1726492612286,"used":1726492604494,"created":1726492604494,"remoteIdentityKey":"BVH6auoUVUrDTlcJyZrp1xkpilg3pYajyV06q/oqH8BZ"},"_chains":{"BWsRBzNtpzt709lp8VJz/DnfWuhteUge+zRzqIdQMeNb":{"chainKey":{"counter":0,"key":"YnRsg53qO/9bqELADhPFEg/GS3pV2WaiNxNoruZ7g3U="},"chainType":2,"messageKeys":{}},"BU8c+Wfk0GvZmVYKy8qHJM3WmsJaWn3YfgyEZxVuOwZ7":{"chainKey":{"counter":-1,"key":"eBm1pJ7jutYzH7aKVbP1bW6qlxy2/Xq6CeQR9B5lghw="},"chainType":1,"messageKeys":{}}}},"BT7VkmW2uFitDjqdbgIw6tiMde6biIZS02aeQ42365Qc":{"registrationId":183,"currentRatchet":{"ephemeralKeyPair":{"pubKey":"BdLgobhuD2jDLgYSBVShGqaCZ1JJgbUPfFpb7iAHSmoo","privKey":"SE4WMMfTpzoOR8mHKHEoFalKI0oK18n7vvkdCF4H+Xg="},"lastRemoteEphemeralKey":"BXjAeQg+fLzM49g4px9Qo0gDHq5/tl3st7O3g39fySII","previousCounter":0,"rootKey":"jklwTD1odlp8kX4aWXamS29sro49k1En9nR7iVg4yoY="},"indexInfo":{"baseKey":"BT7VkmW2uFitDjqdbgIw6tiMde6biIZS02aeQ42365Qc","baseKeyType":1,"closed":1726492617529,"used":1726492612283,"created":1726492612283,"remoteIdentityKey":"BVH6auoUVUrDTlcJyZrp1xkpilg3pYajyV06q/oqH8BZ"},"_chains":{"BdLgobhuD2jDLgYSBVShGqaCZ1JJgbUPfFpb7iAHSmoo":{"chainKey":{"counter":0,"key":"W0TxFBz2UgorhSUgFJty2zSd1ImDJlU1/RtBIRea5SE="},"chainType":1,"messageKeys":{}}},"pendingPreKey":{"signedKeyId":1,"baseKey":"BT7VkmW2uFitDjqdbgIw6tiMde6biIZS02aeQ42365Qc"}},"BUA+OHqlZUTJcqWreeDpVk6TxmvvcdJc7E4EJSkC38hT":{"registrationId":183,"currentRatchet":{"ephemeralKeyPair":{"pubKey":"BRO/w6or/ZkxvgdvhclXan+ZyTu19tMSEyIxs6ikL3dh","privKey":"6KWuwq7rf8OOn6eGlhLSWKhjHPWI+fax+VYiBEI2Tm4="},"lastRemoteEphemeralKey":"BXjAeQg+fLzM49g4px9Qo0gDHq5/tl3st7O3g39fySII","previousCounter":0,"rootKey":"Lm5l+S3OjIVqFN8cu6E5aOLlbts+eWGJQqm+0Udr5J0="},"indexInfo":{"baseKey":"BUA+OHqlZUTJcqWreeDpVk6TxmvvcdJc7E4EJSkC38hT","baseKeyType":1,"closed":1726492629175,"used":1726492617528,"created":1726492617528,"remoteIdentityKey":"BVH6auoUVUrDTlcJyZrp1xkpilg3pYajyV06q/oqH8BZ"},"_chains":{"BRO/w6or/ZkxvgdvhclXan+ZyTu19tMSEyIxs6ikL3dh":{"chainKey":{"counter":0,"key":"YrAUNKzhrAQRQbwQJfIOinMpkuVl/ZTd99pZzk8lR08="},"chainType":1,"messageKeys":{}}},"pendingPreKey":{"signedKeyId":1,"baseKey":"BUA+OHqlZUTJcqWreeDpVk6TxmvvcdJc7E4EJSkC38hT"}},"BSnhj4on4NQ1TbpmFASmFNYn4Gew6j1N3AhU9CUm5cJD":{"registrationId":183,"currentRatchet":{"ephemeralKeyPair":{"pubKey":"BaQwlXrLgADi2uDyU0pUFXMVLlcb4hQHBXtkhCUYdXxO","privKey":"MIVKYbM7KZF20tQzCpHa9H4oBNT21bd7M2UcFtecylk="},"lastRemoteEphemeralKey":"BXjAeQg+fLzM49g4px9Qo0gDHq5/tl3st7O3g39fySII","previousCounter":0,"rootKey":"63jynHJW33Ks+JyCdFRyCMNTIntn4V7561DnyX2djac="},"indexInfo":{"baseKey":"BSnhj4on4NQ1TbpmFASmFNYn4Gew6j1N3AhU9CUm5cJD","baseKeyType":1,"closed":1726492637874,"used":1726492629173,"created":1726492629173,"remoteIdentityKey":"BVH6auoUVUrDTlcJyZrp1xkpilg3pYajyV06q/oqH8BZ"},"_chains":{"BaQwlXrLgADi2uDyU0pUFXMVLlcb4hQHBXtkhCUYdXxO":{"chainKey":{"counter":0,"key":"fIbHjvwSluaMUfp91MTzPrhFMVSw99SQnH/GJK+4DRE="},"chainType":1,"messageKeys":{}}},"pendingPreKey":{"signedKeyId":1,"baseKey":"BSnhj4on4NQ1TbpmFASmFNYn4Gew6j1N3AhU9CUm5cJD"}},"BfiMyeYrZ8om6mJerTxPwoNfUWO3BopXMUkwz9YQQi0a":{"registrationId":183,"currentRatchet":{"ephemeralKeyPair":{"pubKey":"Bc2gHqsk6uuY8DlQXnlhYMwv6ZDobz6SjTwImcYe7mRq","privKey":"MM2Dus0SngIENUp+JxiwI/eJpytJkIueu4CSDA+DV0A="},"lastRemoteEphemeralKey":"BXjAeQg+fLzM49g4px9Qo0gDHq5/tl3st7O3g39fySII","previousCounter":0,"rootKey":"5jmJOGHXzavGQnG86adxBJiF9jRMXpEM9x4UXCMxPTI="},"indexInfo":{"baseKey":"BfiMyeYrZ8om6mJerTxPwoNfUWO3BopXMUkwz9YQQi0a","baseKeyType":1,"closed":1726503409321,"used":1726492637872,"created":1726492637872,"remoteIdentityKey":"BVH6auoUVUrDTlcJyZrp1xkpilg3pYajyV06q/oqH8BZ"},"_chains":{"Bc2gHqsk6uuY8DlQXnlhYMwv6ZDobz6SjTwImcYe7mRq":{"chainKey":{"counter":0,"key":"gmd7haMHegrzrsn36g6SK40/YLurHCY6YsmyVxfDQb4="},"chainType":1,"messageKeys":{}}},"pendingPreKey":{"signedKeyId":1,"baseKey":"BfiMyeYrZ8om6mJerTxPwoNfUWO3BopXMUkwz9YQQi0a"}},"BYIOI1m3AgZXs6OkayHKTrFRVk0vJqI27JKnm5UFbiFH":{"registrationId":183,"currentRatchet":{"ephemeralKeyPair":{"pubKey":"BTw4+pVpbgXybNAxgYaXWQJOa7z/m2hTtnbD9lCc9r1C","privKey":"yERhAFlxUt2uecPFuz9BdYoP6cRX2y9l+iIUd1/P/2E="},"lastRemoteEphemeralKey":"BXjAeQg+fLzM49g4px9Qo0gDHq5/tl3st7O3g39fySII","previousCounter":0,"rootKey":"G9z7VlOZjc0T1s+QxGC595sv4CnpNC6jHXWp8I82MNI="},"indexInfo":{"baseKey":"BYIOI1m3AgZXs6OkayHKTrFRVk0vJqI27JKnm5UFbiFH","baseKeyType":1,"closed":1726503416999,"used":1726503409313,"created":1726503409313,"remoteIdentityKey":"BVH6auoUVUrDTlcJyZrp1xkpilg3pYajyV06q/oqH8BZ"},"_chains":{"BTw4+pVpbgXybNAxgYaXWQJOa7z/m2hTtnbD9lCc9r1C":{"chainKey":{"counter":0,"key":"2D+E5H8fzADJ8fqMShzWOB85GjDmzahvhOSILfNg2bk="},"chainType":1,"messageKeys":{}}},"pendingPreKey":{"signedKeyId":1,"baseKey":"BYIOI1m3AgZXs6OkayHKTrFRVk0vJqI27JKnm5UFbiFH","preKeyId":496}},"BUJnwY3S6Tuyp3n1xNfyNUUqTN+WPEe4AfFclFXPa4E7":{"registrationId":183,"currentRatchet":{"ephemeralKeyPair":{"pubKey":"BfHE27E5KOhPZLecqlg4nHkWFMQs3KOiO64iK7oREWJ8","privKey":"YPGmYoO8RG/CBMtCGD9GHVk8KA/XvXtS/0w1VSC7bEQ="},"lastRemoteEphemeralKey":"BXjAeQg+fLzM49g4px9Qo0gDHq5/tl3st7O3g39fySII","previousCounter":0,"rootKey":"evpcKrXXX+6A0jy/R/YlgyEDNgCCXxqtDoVYS/9dBGY="},"indexInfo":{"baseKey":"BUJnwY3S6Tuyp3n1xNfyNUUqTN+WPEe4AfFclFXPa4E7","baseKeyType":1,"closed":1726555833114,"used":1726503416997,"created":1726503416997,"remoteIdentityKey":"BVH6auoUVUrDTlcJyZrp1xkpilg3pYajyV06q/oqH8BZ"},"_chains":{"BfHE27E5KOhPZLecqlg4nHkWFMQs3KOiO64iK7oREWJ8":{"chainKey":{"counter":0,"key":"rI8AjDGHa80a8ZBNs8btbF3+b6Jp3eSes1LsxDQWr7U="},"chainType":1,"messageKeys":{}}},"pendingPreKey":{"signedKeyId":1,"baseKey":"BUJnwY3S6Tuyp3n1xNfyNUUqTN+WPEe4AfFclFXPa4E7","preKeyId":481}},"Bemo8FaeiK3hEBESnmtO7d5Jh1mmtnNFPrh1fjTbbONy":{"registrationId":183,"currentRatchet":{"ephemeralKeyPair":{"pubKey":"Bfxoi04zav2fbvW80bNlqxRNwhH0RiNoe0qs8t3QT0Uz","privKey":"AOM359agJz4cQQ+u1g/pLf5yCe5RfPKU3wM9MCFK5F8="},"lastRemoteEphemeralKey":"BXjAeQg+fLzM49g4px9Qo0gDHq5/tl3st7O3g39fySII","previousCounter":0,"rootKey":"yj8K/CA0UzOtRx2ebJjBY+nW3d9s21se2OCGKQJKlLw="},"indexInfo":{"baseKey":"Bemo8FaeiK3hEBESnmtO7d5Jh1mmtnNFPrh1fjTbbONy","baseKeyType":1,"closed":1726555838581,"used":1726555833107,"created":1726555833107,"remoteIdentityKey":"BVH6auoUVUrDTlcJyZrp1xkpilg3pYajyV06q/oqH8BZ"},"_chains":{"Bfxoi04zav2fbvW80bNlqxRNwhH0RiNoe0qs8t3QT0Uz":{"chainKey":{"counter":0,"key":"Q2BPwISYSfuEPuhXWxbbLf7KAbnG05tywV55kZIKQk8="},"chainType":1,"messageKeys":{}}},"pendingPreKey":{"signedKeyId":1,"baseKey":"Bemo8FaeiK3hEBESnmtO7d5Jh1mmtnNFPrh1fjTbbONy","preKeyId":474}},"BSYV+1bCMRM5e13eiZBmeBm10zHWDWFmp+E2qFyoralt":{"registrationId":183,"currentRatchet":{"ephemeralKeyPair":{"pubKey":"BSed0CYEOhPN/qlUA5J+s0Gh1Z0EgholYf4Ww9mKwMkt","privKey":"GFcFJJ5mnTKe+azxxKMng5WRMq0mZ5MIrMiNccvpjm8="},"lastRemoteEphemeralKey":"BXjAeQg+fLzM49g4px9Qo0gDHq5/tl3st7O3g39fySII","previousCounter":0,"rootKey":"IM3AYZpxCOJSUCfDDe6wmWJZ/k0gddnDgy63jZmk/LU="},"indexInfo":{"baseKey":"BSYV+1bCMRM5e13eiZBmeBm10zHWDWFmp+E2qFyoralt","baseKeyType":1,"closed":1726569906718,"used":1726555838579,"created":1726555838579,"remoteIdentityKey":"BVH6auoUVUrDTlcJyZrp1xkpilg3pYajyV06q/oqH8BZ"},"_chains":{"BSed0CYEOhPN/qlUA5J+s0Gh1Z0EgholYf4Ww9mKwMkt":{"chainKey":{"counter":0,"key":"o3K1pIUlCO/kye+6HOnBCEBz1CXUJuEIz6YNLgEFKec="},"chainType":1,"messageKeys":{}}},"pendingPreKey":{"signedKeyId":1,"baseKey":"BSYV+1bCMRM5e13eiZBmeBm10zHWDWFmp+E2qFyoralt","preKeyId":500}},"BX9uhAQyI0V7KXNt7OsTy0n7PPASnEmTCIr9vAUz5FV3":{"registrationId":183,"currentRatchet":{"ephemeralKeyPair":{"pubKey":"BW+RyjabRmnUh67fpUbv3ip6axTld65YgboAzFvK9kR2","privKey":"6ARE/zYzcsskEh/a3Tl/vDGsc4a/dUrdSLpdHSqXK20="},"lastRemoteEphemeralKey":"BXjAeQg+fLzM49g4px9Qo0gDHq5/tl3st7O3g39fySII","previousCounter":0,"rootKey":"H1tn2jR9lJtpirFZK0WXEDN2FIbotIo/zG3jbzD4nWk="},"indexInfo":{"baseKey":"BX9uhAQyI0V7KXNt7OsTy0n7PPASnEmTCIr9vAUz5FV3","baseKeyType":1,"closed":1726569912048,"used":1726569906713,"created":1726569906713,"remoteIdentityKey":"BVH6auoUVUrDTlcJyZrp1xkpilg3pYajyV06q/oqH8BZ"},"_chains":{"BW+RyjabRmnUh67fpUbv3ip6axTld65YgboAzFvK9kR2":{"chainKey":{"counter":0,"key":"986qM/j22kkfvcNzRFGHY65PU7r4y1p+dKV4NuoNvqU="},"chainType":1,"messageKeys":{}}},"pendingPreKey":{"signedKeyId":1,"baseKey":"BX9uhAQyI0V7KXNt7OsTy0n7PPASnEmTCIr9vAUz5FV3","preKeyId":511}},"Bba9C4RjbIx1RCZTKFRkUvnH8cUTykMNjkcGFEs+T4N7":{"registrationId":183,"currentRatchet":{"ephemeralKeyPair":{"pubKey":"BcbvQZIt2dDMVAKNGHhfOTPYEATMAhhXzMI2p1TZmMQr","privKey":"SE0RL16GWdO/d3B0cYbRMzcECBMWbU3BN62muDHSUH0="},"lastRemoteEphemeralKey":"BXjAeQg+fLzM49g4px9Qo0gDHq5/tl3st7O3g39fySII","previousCounter":0,"rootKey":"IZSjEsQcUnpI7x5wxMC9ouGGgncRj0P5QxBsN44UqD0="},"indexInfo":{"baseKey":"Bba9C4RjbIx1RCZTKFRkUvnH8cUTykMNjkcGFEs+T4N7","baseKeyType":1,"closed":1726569917462,"used":1726569912045,"created":1726569912045,"remoteIdentityKey":"BVH6auoUVUrDTlcJyZrp1xkpilg3pYajyV06q/oqH8BZ"},"_chains":{"BcbvQZIt2dDMVAKNGHhfOTPYEATMAhhXzMI2p1TZmMQr":{"chainKey":{"counter":0,"key":"0rZWQXxd4R7Vubyuj7VlMsB+VAq2ZWy4BaovV4mOW4k="},"chainType":1,"messageKeys":{}}},"pendingPreKey":{"signedKeyId":1,"baseKey":"Bba9C4RjbIx1RCZTKFRkUvnH8cUTykMNjkcGFEs+T4N7","preKeyId":510}},"BRypJ0dzvzGp4+0Z01jL0rn/TPyPw9OcG3ZPFofEvgMN":{"registrationId":183,"currentRatchet":{"ephemeralKeyPair":{"pubKey":"BVWRn7cgiCqKNCZiGmffFdD1IzIn0pHj9e2WH9DzZjMm","privKey":"UMB8mHT/eZpYlhU1gov8VYgHzxawQrdljAEwPtZKLWI="},"lastRemoteEphemeralKey":"BXjAeQg+fLzM49g4px9Qo0gDHq5/tl3st7O3g39fySII","previousCounter":0,"rootKey":"ZEh2yPJ6cIWKz6JCds3tFsX+X6XGi6JgKeamnImQ2gI="},"indexInfo":{"baseKey":"BRypJ0dzvzGp4+0Z01jL0rn/TPyPw9OcG3ZPFofEvgMN","baseKeyType":1,"closed":1726569922763,"used":1726569917459,"created":1726569917459,"remoteIdentityKey":"BVH6auoUVUrDTlcJyZrp1xkpilg3pYajyV06q/oqH8BZ"},"_chains":{"BVWRn7cgiCqKNCZiGmffFdD1IzIn0pHj9e2WH9DzZjMm":{"chainKey":{"counter":0,"key":"1gi3B/Jiy+9oCbce9Q6DSbnOuhBHFJmZd2ya4L2o3vo="},"chainType":1,"messageKeys":{}}},"pendingPreKey":{"signedKeyId":1,"baseKey":"BRypJ0dzvzGp4+0Z01jL0rn/TPyPw9OcG3ZPFofEvgMN","preKeyId":512}},"BWzKmRg4xmZWfu9nnVLYVVqgCwvs/xKmRTA9chcNVV9I":{"registrationId":183,"currentRatchet":{"ephemeralKeyPair":{"pubKey":"BV4AOsLkjRRFAfKIgPEDqzpdCZij06Gx9QL/szDeasAq","privKey":"8IRGNGSY/3LtWqNZcK4cIajmu3yU2x59VxflAaAXV1Q="},"lastRemoteEphemeralKey":"BXjAeQg+fLzM49g4px9Qo0gDHq5/tl3st7O3g39fySII","previousCounter":0,"rootKey":"TyzUoVi0K6UEr6Vczrd8+h/9/hpdKFt02J0N+zs8244="},"indexInfo":{"baseKey":"BWzKmRg4xmZWfu9nnVLYVVqgCwvs/xKmRTA9chcNVV9I","baseKeyType":1,"closed":1726569931367,"used":1726569922762,"created":1726569922762,"remoteIdentityKey":"BVH6auoUVUrDTlcJyZrp1xkpilg3pYajyV06q/oqH8BZ"},"_chains":{"BV4AOsLkjRRFAfKIgPEDqzpdCZij06Gx9QL/szDeasAq":{"chainKey":{"counter":0,"key":"xaUhz2JNeJfDw93aMVOJlJtI0D0tERaH/UtJxxzePxs="},"chainType":1,"messageKeys":{}}},"pendingPreKey":{"signedKeyId":1,"baseKey":"BWzKmRg4xmZWfu9nnVLYVVqgCwvs/xKmRTA9chcNVV9I","preKeyId":509}},"BUYnTTV00O4QjvQl761UO+uRdhpvmG04C8Hjt6Od1k4B":{"registrationId":183,"currentRatchet":{"ephemeralKeyPair":{"pubKey":"BXECtenrLWecBqE8cKHH5A3XS5bgxMEvSV5Gyvf5vx0j","privKey":"kIihoGljgaIUnDvoX/bzjs8jwwaCjUcGT+FxjsSPOUA="},"lastRemoteEphemeralKey":"BXjAeQg+fLzM49g4px9Qo0gDHq5/tl3st7O3g39fySII","previousCounter":0,"rootKey":"2k3BHFHv2DRPCdYep6X2mN3GcOm1KXfTmQWSgfCShN4="},"indexInfo":{"baseKey":"BUYnTTV00O4QjvQl761UO+uRdhpvmG04C8Hjt6Od1k4B","baseKeyType":1,"closed":1726570032412,"used":1726569931362,"created":1726569931362,"remoteIdentityKey":"BVH6auoUVUrDTlcJyZrp1xkpilg3pYajyV06q/oqH8BZ"},"_chains":{"BXECtenrLWecBqE8cKHH5A3XS5bgxMEvSV5Gyvf5vx0j":{"chainKey":{"counter":0,"key":"DkzNr6we9F8CXPHCuVCla+ZiZ8wmD+KJsSjKgFobhQk="},"chainType":1,"messageKeys":{}}},"pendingPreKey":{"signedKeyId":1,"baseKey":"BUYnTTV00O4QjvQl761UO+uRdhpvmG04C8Hjt6Od1k4B","preKeyId":518}},"BTEf6+zMyeksSWv6En0qU4+aAjhKosUmwgkE8ehFpQF2":{"registrationId":183,"currentRatchet":{"ephemeralKeyPair":{"pubKey":"Bb5Ms8U89boIH+qp0+DseI/A2Yjw2/cM42nMRSFcbLNg","privKey":"OG8NomqnmGOhuzeK/7I88Vt69a9CaLpwZKukHp2H20I="},"lastRemoteEphemeralKey":"BXjAeQg+fLzM49g4px9Qo0gDHq5/tl3st7O3g39fySII","previousCounter":0,"rootKey":"zE4tpbwl+ZmmY9M2XPm7MsekYOOK43ADLf4FpR0V/Ok="},"indexInfo":{"baseKey":"BTEf6+zMyeksSWv6En0qU4+aAjhKosUmwgkE8ehFpQF2","baseKeyType":1,"closed":1726570047143,"used":1726570032410,"created":1726570032410,"remoteIdentityKey":"BVH6auoUVUrDTlcJyZrp1xkpilg3pYajyV06q/oqH8BZ"},"_chains":{"Bb5Ms8U89boIH+qp0+DseI/A2Yjw2/cM42nMRSFcbLNg":{"chainKey":{"counter":0,"key":"AirR3KEatcvqiZBnhRAG8mw68G6OeW2vlOHMZ8Tz5ZE="},"chainType":1,"messageKeys":{}}},"pendingPreKey":{"signedKeyId":1,"baseKey":"BTEf6+zMyeksSWv6En0qU4+aAjhKosUmwgkE8ehFpQF2","preKeyId":534}},"Bb9T5DXwlzxjj3unFedGbzgyXNSR9SjDZdEiNix5brRK":{"registrationId":183,"currentRatchet":{"ephemeralKeyPair":{"pubKey":"BeiF6+Tt70ZYeQJUed+WOUYSltFfjEcDGM5fk4vbix94","privKey":"qDtelwxklL4Li7+cKvkhtV9OA43H5wHOhoXetVYPw0I="},"lastRemoteEphemeralKey":"BXjAeQg+fLzM49g4px9Qo0gDHq5/tl3st7O3g39fySII","previousCounter":0,"rootKey":"PSQ+yDtJwfVPDU/IIItOsif0pnZq9h0eruRBA643Mzk="},"indexInfo":{"baseKey":"Bb9T5DXwlzxjj3unFedGbzgyXNSR9SjDZdEiNix5brRK","baseKeyType":1,"closed":1726570062929,"used":1726570047142,"created":1726570047142,"remoteIdentityKey":"BVH6auoUVUrDTlcJyZrp1xkpilg3pYajyV06q/oqH8BZ"},"_chains":{"BeiF6+Tt70ZYeQJUed+WOUYSltFfjEcDGM5fk4vbix94":{"chainKey":{"counter":0,"key":"mIzknWheH+XTFmLyum22kBRV+waj41i4aaG73HML9NA="},"chainType":1,"messageKeys":{}}},"pendingPreKey":{"signedKeyId":1,"baseKey":"Bb9T5DXwlzxjj3unFedGbzgyXNSR9SjDZdEiNix5brRK","preKeyId":520}},"Bfzm6eDyeqqBb90w7ZHJAIjTA79aZZeYD5MdgOaBdfgc":{"registrationId":183,"currentRatchet":{"ephemeralKeyPair":{"pubKey":"BWTLvMDE3K2MJr7bLMbcVyjKut78lCC1WgzjD12cdhlh","privKey":"uDJcLdKsiuJ3U/VYdFW8eD2qSXiUmP53ArISe6iCHH0="},"lastRemoteEphemeralKey":"BXjAeQg+fLzM49g4px9Qo0gDHq5/tl3st7O3g39fySII","previousCounter":0,"rootKey":"eiTBNBtEVYMUueAKfZbXjoYHG+whIlc2vaPe5BBTuEE="},"indexInfo":{"baseKey":"Bfzm6eDyeqqBb90w7ZHJAIjTA79aZZeYD5MdgOaBdfgc","baseKeyType":1,"closed":1726575211250,"used":1726570062927,"created":1726570062927,"remoteIdentityKey":"BVH6auoUVUrDTlcJyZrp1xkpilg3pYajyV06q/oqH8BZ"},"_chains":{"BWTLvMDE3K2MJr7bLMbcVyjKut78lCC1WgzjD12cdhlh":{"chainKey":{"counter":0,"key":"LhTWrMa1L2mJk74yAvUbfdMwzK1hg774aYjjrY/dCzE="},"chainType":1,"messageKeys":{}}},"pendingPreKey":{"signedKeyId":1,"baseKey":"Bfzm6eDyeqqBb90w7ZHJAIjTA79aZZeYD5MdgOaBdfgc","preKeyId":514}},"BZZhOG95Ukca1CpoAwPyQexTC2Hqtv055dpZUtwuoQRe":{"registrationId":183,"currentRatchet":{"ephemeralKeyPair":{"pubKey":"BScJwgaC2fzFgIp+Da8T/lvCMkoruFcUma5bing/0Fdy","privKey":"yP4+19FIQTecQXAt4oU4mfMiF0Xghv8ilTigNElhDXg="},"lastRemoteEphemeralKey":"Bf3pYAm/oiZQF6huZLc9I2Ojbq6oIs4Zopx23Lkc+NFz","previousCounter":0,"rootKey":"T+xBCitXK/p0ISrSj8dc86DHWN2Ci7zyh1dis+Hd+9Y="},"indexInfo":{"baseKey":"BZZhOG95Ukca1CpoAwPyQexTC2Hqtv055dpZUtwuoQRe","baseKeyType":2,"closed":1726575216894,"used":1726575211254,"created":1726575211254,"remoteIdentityKey":"BVH6auoUVUrDTlcJyZrp1xkpilg3pYajyV06q/oqH8BZ"},"_chains":{"Bf3pYAm/oiZQF6huZLc9I2Ojbq6oIs4Zopx23Lkc+NFz":{"chainKey":{"counter":0,"key":"seOhzXH+NtfBnNeIYixxz19BQgiYNwo819HnOxQs8I8="},"chainType":2,"messageKeys":{}},"BScJwgaC2fzFgIp+Da8T/lvCMkoruFcUma5bing/0Fdy":{"chainKey":{"counter":-1,"key":"xqbVCcjCF73+YZXzXMNxXfA3TbxRx62JI5W9O/w33k0="},"chainType":1,"messageKeys":{}}}},"Bdw7FhepdUbo1r4kmDu+ElFdQwaydxDiKjxVNfzBBvwp":{"registrationId":183,"currentRatchet":{"ephemeralKeyPair":{"pubKey":"BYRmpYGgCvxBGuLBCvAfpbQ5bUcV3vewy36ELtA+bjNL","privKey":"oGXVvb/f3sxdkogtLn5zO6SacI7oRaIjFCmDuVIEDHk="},"lastRemoteEphemeralKey":"BXjAeQg+fLzM49g4px9Qo0gDHq5/tl3st7O3g39fySII","previousCounter":0,"rootKey":"W0u7lcVtmxfvjzr9iY0rx7/A2i/x2SP8y643/yhzHAg="},"indexInfo":{"baseKey":"Bdw7FhepdUbo1r4kmDu+ElFdQwaydxDiKjxVNfzBBvwp","baseKeyType":1,"closed":1726575233585,"used":1726575216892,"created":1726575216892,"remoteIdentityKey":"BVH6auoUVUrDTlcJyZrp1xkpilg3pYajyV06q/oqH8BZ"},"_chains":{"BYRmpYGgCvxBGuLBCvAfpbQ5bUcV3vewy36ELtA+bjNL":{"chainKey":{"counter":0,"key":"ejUK9pHXpOLV83g+8wEQwZddXpT5jLxBP0uc0fSlVpk="},"chainType":1,"messageKeys":{}}},"pendingPreKey":{"signedKeyId":1,"baseKey":"Bdw7FhepdUbo1r4kmDu+ElFdQwaydxDiKjxVNfzBBvwp","preKeyId":585}},"BUIQGwGjmDP9gj3J6o/aRN12r1baAdDOOUMnhpBIe10F":{"registrationId":183,"currentRatchet":{"ephemeralKeyPair":{"pubKey":"Be+6OG4poYMIGkTdTGA0Vx5Rl3iKCl/DIdJ+w52s9NAb","privKey":"gLYmDlf7h9voNOie/7bHsPCQYlsnUfxFpuTTBd+wAlU="},"lastRemoteEphemeralKey":"BXjAeQg+fLzM49g4px9Qo0gDHq5/tl3st7O3g39fySII","previousCounter":0,"rootKey":"yiNHB8EaHIxTZJR0m6hk57IRZ7W7Hu0Eh6eA82Kkpw8="},"indexInfo":{"baseKey":"BUIQGwGjmDP9gj3J6o/aRN12r1baAdDOOUMnhpBIe10F","baseKeyType":1,"closed":1726588322033,"used":1726575233579,"created":1726575233579,"remoteIdentityKey":"BVH6auoUVUrDTlcJyZrp1xkpilg3pYajyV06q/oqH8BZ"},"_chains":{"Be+6OG4poYMIGkTdTGA0Vx5Rl3iKCl/DIdJ+w52s9NAb":{"chainKey":{"counter":0,"key":"tmLqDSpW+iabr6vhkz+wQyYGd0fXbAY7DrG9qzWvrfc="},"chainType":1,"messageKeys":{}}},"pendingPreKey":{"signedKeyId":1,"baseKey":"BUIQGwGjmDP9gj3J6o/aRN12r1baAdDOOUMnhpBIe10F","preKeyId":566}},"BcEsbTpP1XOTQqj0iyx/hjuD1ctSnOBBO2hpoZyQmhtU":{"registrationId":183,"currentRatchet":{"ephemeralKeyPair":{"pubKey":"BWM/bli5NXmNoE9WbxirJmlzRnoIHoyeDr24R+iMOjpM","privKey":"ABJt94SVwR9KyPj92G6jluIlzfrGx8IS130xF/0bRWo="},"lastRemoteEphemeralKey":"BXjAeQg+fLzM49g4px9Qo0gDHq5/tl3st7O3g39fySII","previousCounter":0,"rootKey":"A4wrh0fi8ESBQgdxL60BlNYna2FIoCdaT0tDYCYook8="},"indexInfo":{"baseKey":"BcEsbTpP1XOTQqj0iyx/hjuD1ctSnOBBO2hpoZyQmhtU","baseKeyType":1,"closed":1726588336657,"used":1726588322027,"created":1726588322027,"remoteIdentityKey":"BVH6auoUVUrDTlcJyZrp1xkpilg3pYajyV06q/oqH8BZ"},"_chains":{"BWM/bli5NXmNoE9WbxirJmlzRnoIHoyeDr24R+iMOjpM":{"chainKey":{"counter":0,"key":"ERgrA0WLoAbtkokAYCaPSC0Tycj0fhaqfq1jPS43d8A="},"chainType":1,"messageKeys":{}}},"pendingPreKey":{"signedKeyId":1,"baseKey":"BcEsbTpP1XOTQqj0iyx/hjuD1ctSnOBBO2hpoZyQmhtU"}},"BRc6X5zEvEDsRJ9cAkj8G3P78v+hKJWroPs2Ls5lOKJW":{"registrationId":183,"currentRatchet":{"ephemeralKeyPair":{"pubKey":"BSZNEGXzC/SQpDiO167c0mYqNVfjcnywR5ZOzKUcejwN","privKey":"0MGEfAeyu5N0XsUTt0OWufzt/HYIR9tSMnGBCqxZ4Uw="},"lastRemoteEphemeralKey":"BXjAeQg+fLzM49g4px9Qo0gDHq5/tl3st7O3g39fySII","previousCounter":0,"rootKey":"7eXPbKAnPvNlBcaKfhqTxeBZnjPZAmdzqYeIfDxD/AA="},"indexInfo":{"baseKey":"BRc6X5zEvEDsRJ9cAkj8G3P78v+hKJWroPs2Ls5lOKJW","baseKeyType":1,"closed":1726588341868,"used":1726588336655,"created":1726588336655,"remoteIdentityKey":"BVH6auoUVUrDTlcJyZrp1xkpilg3pYajyV06q/oqH8BZ"},"_chains":{"BSZNEGXzC/SQpDiO167c0mYqNVfjcnywR5ZOzKUcejwN":{"chainKey":{"counter":0,"key":"KqxXS9+16Fc7S1yVr2n1CViEBQAB09VoZuFijMBIEP0="},"chainType":1,"messageKeys":{}}},"pendingPreKey":{"signedKeyId":1,"baseKey":"BRc6X5zEvEDsRJ9cAkj8G3P78v+hKJWroPs2Ls5lOKJW"}},"BWanCymSmebqUKELjYozL6lPVTgZPoe4rv/YhGY+ETBa":{"registrationId":183,"currentRatchet":{"ephemeralKeyPair":{"pubKey":"BSYrB5s3dKY1tDK8ROr9xiIo9oqMU0/QUQjdLXQlR1p5","privKey":"AHoIXV3+8cqjVPQpSxbnCuwsuaJUVaBlxgUDuDWIsk8="},"lastRemoteEphemeralKey":"BXjAeQg+fLzM49g4px9Qo0gDHq5/tl3st7O3g39fySII","previousCounter":0,"rootKey":"Lmj/XLjHDarQ65HMb+YNfKT+ywBI4Uh7EgaiRfynyOI="},"indexInfo":{"baseKey":"BWanCymSmebqUKELjYozL6lPVTgZPoe4rv/YhGY+ETBa","baseKeyType":1,"closed":1726588347114,"used":1726588341866,"created":1726588341866,"remoteIdentityKey":"BVH6auoUVUrDTlcJyZrp1xkpilg3pYajyV06q/oqH8BZ"},"_chains":{"BSYrB5s3dKY1tDK8ROr9xiIo9oqMU0/QUQjdLXQlR1p5":{"chainKey":{"counter":0,"key":"cXd5r1J/a1svfDbnoMtuKW6sxTNR8iLD/1ByzDh9gC8="},"chainType":1,"messageKeys":{}}},"pendingPreKey":{"signedKeyId":1,"baseKey":"BWanCymSmebqUKELjYozL6lPVTgZPoe4rv/YhGY+ETBa"}},"BdFGfb2fgrcJLALecJioYAGJsyleTgbKFxrgEmVHOftb":{"registrationId":183,"currentRatchet":{"ephemeralKeyPair":{"pubKey":"BSPjuuHJplTyktS48x1EA+V9YTq6arTDTOOtpgNdu2sJ","privKey":"0AgD13zVi1Nx5qahw24G8/yqmKG5NWLij6uyzwp9g3Q="},"lastRemoteEphemeralKey":"BXjAeQg+fLzM49g4px9Qo0gDHq5/tl3st7O3g39fySII","previousCounter":0,"rootKey":"mQJrZCbEfcLcRpyErDtrcPMQVumyM7ovfmX2ghzfk1c="},"indexInfo":{"baseKey":"BdFGfb2fgrcJLALecJioYAGJsyleTgbKFxrgEmVHOftb","baseKeyType":1,"closed":1726588352364,"used":1726588347111,"created":1726588347111,"remoteIdentityKey":"BVH6auoUVUrDTlcJyZrp1xkpilg3pYajyV06q/oqH8BZ"},"_chains":{"BSPjuuHJplTyktS48x1EA+V9YTq6arTDTOOtpgNdu2sJ":{"chainKey":{"counter":0,"key":"YhoQmitz/EU9N4bd2dkJhd+ukXmDfE5KIy+q9sq2w5U="},"chainType":1,"messageKeys":{}}},"pendingPreKey":{"signedKeyId":1,"baseKey":"BdFGfb2fgrcJLALecJioYAGJsyleTgbKFxrgEmVHOftb"}},"BdDFOSHHjp0HVGjkMi+mtCl4TXlKnyynXgMGpeYJV30k":{"registrationId":183,"currentRatchet":{"ephemeralKeyPair":{"pubKey":"BZVOVS/mz7OSBr8fLqebarkzASIoXY82z+61xCKl5ukN","privKey":"aEudGiqc9Zx01UnCozntDySAmjsYjTm1EjuYKb0QMF4="},"lastRemoteEphemeralKey":"BXjAeQg+fLzM49g4px9Qo0gDHq5/tl3st7O3g39fySII","previousCounter":0,"rootKey":"NmWE3d87x7aqkPN3r3Bw5rrqLsjqdR6AwFDDyJL84VU="},"indexInfo":{"baseKey":"BdDFOSHHjp0HVGjkMi+mtCl4TXlKnyynXgMGpeYJV30k","baseKeyType":1,"closed":1726588392346,"used":1726588352362,"created":1726588352362,"remoteIdentityKey":"BVH6auoUVUrDTlcJyZrp1xkpilg3pYajyV06q/oqH8BZ"},"_chains":{"BZVOVS/mz7OSBr8fLqebarkzASIoXY82z+61xCKl5ukN":{"chainKey":{"counter":0,"key":"RKuCVutMguTMePHM3j51QT/R6MX1hxdtXkiGlbWODfo="},"chainType":1,"messageKeys":{}}},"pendingPreKey":{"signedKeyId":1,"baseKey":"BdDFOSHHjp0HVGjkMi+mtCl4TXlKnyynXgMGpeYJV30k"}},"BdhWxHYIco1wwZHEkKMotdr/9+1TFtao63BLjgYD/sQg":{"registrationId":183,"currentRatchet":{"ephemeralKeyPair":{"pubKey":"BYqhNIHgu2+Z/aPagYf7TNhkbq1mrxZJ5KFC0+z/pRIs","privKey":"iOraZ2JQUTVmwIeBBynyFcvzSid7zdX+WVBI3ppZMkg="},"lastRemoteEphemeralKey":"BXjAeQg+fLzM49g4px9Qo0gDHq5/tl3st7O3g39fySII","previousCounter":0,"rootKey":"6ACPnyx38Nit8Vku2FRDm3rFwutce8Lzq7oFLyG7jOY="},"indexInfo":{"baseKey":"BdhWxHYIco1wwZHEkKMotdr/9+1TFtao63BLjgYD/sQg","baseKeyType":1,"closed":1726595822280,"used":1726588392098,"created":1726588392098,"remoteIdentityKey":"BVH6auoUVUrDTlcJyZrp1xkpilg3pYajyV06q/oqH8BZ"},"_chains":{"BYqhNIHgu2+Z/aPagYf7TNhkbq1mrxZJ5KFC0+z/pRIs":{"chainKey":{"counter":0,"key":"u8wUFdyZLBbCThJw+oSmRPTe9ejSFdcOhGiAD1Hd+wY="},"chainType":1,"messageKeys":{}}},"pendingPreKey":{"signedKeyId":1,"baseKey":"BdhWxHYIco1wwZHEkKMotdr/9+1TFtao63BLjgYD/sQg"}},"BfPHNpwEfKYMa6L+TYgXVIzHdieBMLoyAcq0d6q5mTk9":{"registrationId":183,"currentRatchet":{"ephemeralKeyPair":{"pubKey":"BYei3QpXibitSGdPLc/m3XLbLe2t9VVIrLD8oxMfh1UC","privKey":"mCZ3VrfZzYxH7S/vFTdemUBFvvu9qjbfKzrbX1Vz5HA="},"lastRemoteEphemeralKey":"BXjAeQg+fLzM49g4px9Qo0gDHq5/tl3st7O3g39fySII","previousCounter":0,"rootKey":"U/7Jou2zPsRvTGLbJ7jGxjG/EiEl1PDO30T0TqOiDgI="},"indexInfo":{"baseKey":"BfPHNpwEfKYMa6L+TYgXVIzHdieBMLoyAcq0d6q5mTk9","baseKeyType":1,"closed":1726641010994,"used":1726595822275,"created":1726595822275,"remoteIdentityKey":"BVH6auoUVUrDTlcJyZrp1xkpilg3pYajyV06q/oqH8BZ"},"_chains":{"BYei3QpXibitSGdPLc/m3XLbLe2t9VVIrLD8oxMfh1UC":{"chainKey":{"counter":0,"key":"PcizSc9Y0wHT/aw8SzNvgutZh82IndWvCsB+3xES2KQ="},"chainType":1,"messageKeys":{}}},"pendingPreKey":{"signedKeyId":1,"baseKey":"BfPHNpwEfKYMa6L+TYgXVIzHdieBMLoyAcq0d6q5mTk9"}},"BUFFFreQjRp/JZ5HPc0r9k0pR/xZ4rCV5s0hbsIgrpcS":{"registrationId":183,"currentRatchet":{"ephemeralKeyPair":{"pubKey":"Be8tgIGd5m19oY8ZaKooggIPzsdpbHJCFkYiY3LLhk1B","privKey":"OCXOjeZP7QO5DtrY23/V3G6a/ggC6bK2jfJlSJBVLVM="},"lastRemoteEphemeralKey":"BXjAeQg+fLzM49g4px9Qo0gDHq5/tl3st7O3g39fySII","previousCounter":0,"rootKey":"SSFe8qLoVVKXSCM7xY/f30XrP//F3atz9gXJB/FzU1c="},"indexInfo":{"baseKey":"BUFFFreQjRp/JZ5HPc0r9k0pR/xZ4rCV5s0hbsIgrpcS","baseKeyType":1,"closed":1726645765358,"used":1726641010983,"created":1726641010983,"remoteIdentityKey":"BVH6auoUVUrDTlcJyZrp1xkpilg3pYajyV06q/oqH8BZ"},"_chains":{"Be8tgIGd5m19oY8ZaKooggIPzsdpbHJCFkYiY3LLhk1B":{"chainKey":{"counter":0,"key":"kT2lozx++HdYQn7k+askAZixMP2VrcqNtPontcRAxO4="},"chainType":1,"messageKeys":{}}},"pendingPreKey":{"signedKeyId":1,"baseKey":"BUFFFreQjRp/JZ5HPc0r9k0pR/xZ4rCV5s0hbsIgrpcS"}},"BaCeY9xw/2HDKiLOvpiOQepp+3ygKjHTb7t9lk4qPdFU":{"registrationId":183,"currentRatchet":{"ephemeralKeyPair":{"pubKey":"Be76FRBUWjFtpvs3NyDEvHJxLTGYTBxSvtFHywb08/hr","privKey":"gCC9iOr/S+y6b+LJzOTBg0LwDgH4X3J0fEF2jqebcXw="},"lastRemoteEphemeralKey":"BXjAeQg+fLzM49g4px9Qo0gDHq5/tl3st7O3g39fySII","previousCounter":0,"rootKey":"pEawoIU62hciyo+0i4KPcoJ2VLorij1qK1U1sCNM2F4="},"indexInfo":{"baseKey":"BaCeY9xw/2HDKiLOvpiOQepp+3ygKjHTb7t9lk4qPdFU","baseKeyType":1,"closed":1726645790297,"used":1726645765286,"created":1726645765286,"remoteIdentityKey":"BVH6auoUVUrDTlcJyZrp1xkpilg3pYajyV06q/oqH8BZ"},"_chains":{"Be76FRBUWjFtpvs3NyDEvHJxLTGYTBxSvtFHywb08/hr":{"chainKey":{"counter":0,"key":"CCQkZuic7ydzx+9DU/nwFt1U1Dh3u4M62G9FtgfH3Uw="},"chainType":1,"messageKeys":{}}},"pendingPreKey":{"signedKeyId":1,"baseKey":"BaCeY9xw/2HDKiLOvpiOQepp+3ygKjHTb7t9lk4qPdFU","preKeyId":655}},"Bdtq9cqHKBkQnIQqGfEqcxIW2a4H1W9f3wUHswnFcilT":{"registrationId":183,"currentRatchet":{"ephemeralKeyPair":{"pubKey":"BXR1RatqwGx9ELLuKTbmykGPVyUIK65ArnMSVGoD6mtN","privKey":"cAoF01bAUY7akMz7I5vsmbLjx6340GM7P6BFeatomk0="},"lastRemoteEphemeralKey":"BXjAeQg+fLzM49g4px9Qo0gDHq5/tl3st7O3g39fySII","previousCounter":0,"rootKey":"GT7afRcLIvjPGj+N+WLhAcbulLYd92k9w/dtTti7SYo="},"indexInfo":{"baseKey":"Bdtq9cqHKBkQnIQqGfEqcxIW2a4H1W9f3wUHswnFcilT","baseKeyType":1,"closed":1726646457836,"used":1726645790293,"created":1726645790293,"remoteIdentityKey":"BVH6auoUVUrDTlcJyZrp1xkpilg3pYajyV06q/oqH8BZ"},"_chains":{"BXR1RatqwGx9ELLuKTbmykGPVyUIK65ArnMSVGoD6mtN":{"chainKey":{"counter":0,"key":"0Z3KGLVMC/Sy1DSSJi8RwTu89oWQbsYiJZRR+ySitNw="},"chainType":1,"messageKeys":{}}},"pendingPreKey":{"signedKeyId":1,"baseKey":"Bdtq9cqHKBkQnIQqGfEqcxIW2a4H1W9f3wUHswnFcilT","preKeyId":668}},"BbWoZTvLrg3+Jh131jHRMxbZixUqqSOnfaeq0HGh6gMb":{"registrationId":183,"currentRatchet":{"ephemeralKeyPair":{"pubKey":"BeYv+3xMucj/b9stfcgq378fZPYYMlYHZUEFDcqvRCVS","privKey":"SOt/Knt1BOR4BZb3SzOAokz/5DX+NRI44JKTi2anmk8="},"lastRemoteEphemeralKey":"BXjAeQg+fLzM49g4px9Qo0gDHq5/tl3st7O3g39fySII","previousCounter":0,"rootKey":"mRAaw4OAE6fkNm3h0Nsyb5PzF5c904fJzI3LIeK7Tbg="},"indexInfo":{"baseKey":"BbWoZTvLrg3+Jh131jHRMxbZixUqqSOnfaeq0HGh6gMb","baseKeyType":1,"closed":1726652409277,"used":1726646457830,"created":1726646457830,"remoteIdentityKey":"BVH6auoUVUrDTlcJyZrp1xkpilg3pYajyV06q/oqH8BZ"},"_chains":{"BeYv+3xMucj/b9stfcgq378fZPYYMlYHZUEFDcqvRCVS":{"chainKey":{"counter":0,"key":"MTJp50Zp/9IFefVWDzIZ7yVqJtvEAlVXxEC/BXuiqOc="},"chainType":1,"messageKeys":{}}},"pendingPreKey":{"signedKeyId":1,"baseKey":"BbWoZTvLrg3+Jh131jHRMxbZixUqqSOnfaeq0HGh6gMb","preKeyId":666}},"Be6Fgls8Vjg1O9B2+B4/tZ3xicjddqkIV/QAbS0KWlxA":{"registrationId":183,"currentRatchet":{"ephemeralKeyPair":{"pubKey":"BX8wc6d+G9kK/kgIOSjGRjtigZQSRL9V1HDjdjYGfkIS","privKey":"wEHE6p+AXCfZTmOcUcWcdGEhSCijUSuoP7LEcNkzuHk="},"lastRemoteEphemeralKey":"BXjAeQg+fLzM49g4px9Qo0gDHq5/tl3st7O3g39fySII","previousCounter":0,"rootKey":"Nbj1/xLxwh8B3DtBRyNaOnS+7ogjlVh0ES0LlRHIUS8="},"indexInfo":{"baseKey":"Be6Fgls8Vjg1O9B2+B4/tZ3xicjddqkIV/QAbS0KWlxA","baseKeyType":1,"closed":1726652417477,"used":1726652409267,"created":1726652409267,"remoteIdentityKey":"BVH6auoUVUrDTlcJyZrp1xkpilg3pYajyV06q/oqH8BZ"},"_chains":{"BX8wc6d+G9kK/kgIOSjGRjtigZQSRL9V1HDjdjYGfkIS":{"chainKey":{"counter":0,"key":"hkX6dmarRJXCYcj2HMTsDyEsxiOAmPo2xJjEnTAAi5A="},"chainType":1,"messageKeys":{}}},"pendingPreKey":{"signedKeyId":1,"baseKey":"Be6Fgls8Vjg1O9B2+B4/tZ3xicjddqkIV/QAbS0KWlxA","preKeyId":654}},"BVMaFJ6V3qk3+kB9iWpWB3QbaqQiDbpejc8WDiK+YgtR":{"registrationId":183,"currentRatchet":{"ephemeralKeyPair":{"pubKey":"BUQYmosKJvgp6QKy+IbIxrsAwkqacYTKkg9PO1UrkuRE","privKey":"OKxWJvIrAuZmU7O20VU0PNFRZSUEIYEV0B7mcnsxwm4="},"lastRemoteEphemeralKey":"BXjAeQg+fLzM49g4px9Qo0gDHq5/tl3st7O3g39fySII","previousCounter":0,"rootKey":"XrfXWri8McaQbL13jJmCLDJu+/+/i1zJ+A0HMKZ0j1A="},"indexInfo":{"baseKey":"BVMaFJ6V3qk3+kB9iWpWB3QbaqQiDbpejc8WDiK+YgtR","baseKeyType":1,"closed":1726657301679,"used":1726652417466,"created":1726652417466,"remoteIdentityKey":"BVH6auoUVUrDTlcJyZrp1xkpilg3pYajyV06q/oqH8BZ"},"_chains":{"BUQYmosKJvgp6QKy+IbIxrsAwkqacYTKkg9PO1UrkuRE":{"chainKey":{"counter":0,"key":"RAB+8R06YyVdeL8ASiUbxMyLUxVYj2IO7z2WwGFD9k4="},"chainType":1,"messageKeys":{}}},"pendingPreKey":{"signedKeyId":1,"baseKey":"BVMaFJ6V3qk3+kB9iWpWB3QbaqQiDbpejc8WDiK+YgtR","preKeyId":671}},"BTVhpMi+yeB9gAojClzgvSkw2rsHFxXCywYIhjRehwFO":{"registrationId":183,"currentRatchet":{"ephemeralKeyPair":{"pubKey":"Be8e8Y/M1wlsQTt5KQrC1GDEEuUeKBTDsmMChxu5FtRc","privKey":"+FK8DKHoEuE8wnUEVdR2MjKQn9TRkWYHilZBT+8gR04="},"lastRemoteEphemeralKey":"BXjAeQg+fLzM49g4px9Qo0gDHq5/tl3st7O3g39fySII","previousCounter":0,"rootKey":"As2Y81bwZCI37DeweZMCRUS66/lNQWRfOR/PbZtCSlM="},"indexInfo":{"baseKey":"BTVhpMi+yeB9gAojClzgvSkw2rsHFxXCywYIhjRehwFO","baseKeyType":1,"closed":1726657307107,"used":1726657301671,"created":1726657301671,"remoteIdentityKey":"BVH6auoUVUrDTlcJyZrp1xkpilg3pYajyV06q/oqH8BZ"},"_chains":{"Be8e8Y/M1wlsQTt5KQrC1GDEEuUeKBTDsmMChxu5FtRc":{"chainKey":{"counter":0,"key":"iwQvAfc9Cp2wQNbJII1uP0YpdM4tVaB0JPUniD/v5LY="},"chainType":1,"messageKeys":{}}},"pendingPreKey":{"signedKeyId":1,"baseKey":"BTVhpMi+yeB9gAojClzgvSkw2rsHFxXCywYIhjRehwFO","preKeyId":658}},"BYUjPO/SynXpW3/AbAg8Q3jd3J9UBtlrTVzTgOEmZZYT":{"registrationId":183,"currentRatchet":{"ephemeralKeyPair":{"pubKey":"Beph9AK7u/4by4a8Bh+LlGkNp3/3Pu59OW670guW1gVz","privKey":"8K+RNC20Ic79Ts+bwWeJ6A4oVVpNEvrB28nnzgQHBnw="},"lastRemoteEphemeralKey":"BXjAeQg+fLzM49g4px9Qo0gDHq5/tl3st7O3g39fySII","previousCounter":0,"rootKey":"U5I4L8z39qxG+8gM4SdQPj2BalN9fv+0FUNWkQHByMo="},"indexInfo":{"baseKey":"BYUjPO/SynXpW3/AbAg8Q3jd3J9UBtlrTVzTgOEmZZYT","baseKeyType":1,"closed":1726660250724,"used":1726657307104,"created":1726657307104,"remoteIdentityKey":"BVH6auoUVUrDTlcJyZrp1xkpilg3pYajyV06q/oqH8BZ"},"_chains":{"Beph9AK7u/4by4a8Bh+LlGkNp3/3Pu59OW670guW1gVz":{"chainKey":{"counter":0,"key":"wlVPrpzRl89SDaovmifXTii3mzhyrPbWstkbumz9j64="},"chainType":1,"messageKeys":{}}},"pendingPreKey":{"signedKeyId":1,"baseKey":"BYUjPO/SynXpW3/AbAg8Q3jd3J9UBtlrTVzTgOEmZZYT","preKeyId":673}},"BfrjN3PpL2xiM1zxGODVW03idP/j+adpBvWAYymjcrkN":{"registrationId":183,"currentRatchet":{"ephemeralKeyPair":{"pubKey":"BRh8kaT90s5TEFjPnMJohhJ/dxJEyO+QTmSjUznThqc2","privKey":"aDe0PqRG55HW2HDZ+c+zevjjGBqmWsqVn93WO3Wpmmo="},"lastRemoteEphemeralKey":"BXjAeQg+fLzM49g4px9Qo0gDHq5/tl3st7O3g39fySII","previousCounter":0,"rootKey":"15+3wZbcPqiXA35xTaQ27mE0GHbpeiLZ7ZCgmqJ9MFc="},"indexInfo":{"baseKey":"BfrjN3PpL2xiM1zxGODVW03idP/j+adpBvWAYymjcrkN","baseKeyType":1,"closed":1726660258785,"used":1726660250718,"created":1726660250718,"remoteIdentityKey":"BVH6auoUVUrDTlcJyZrp1xkpilg3pYajyV06q/oqH8BZ"},"_chains":{"BRh8kaT90s5TEFjPnMJohhJ/dxJEyO+QTmSjUznThqc2":{"chainKey":{"counter":0,"key":"TX3hcdD9fFqODExT72DVKvwjbDxHOqUa/Z9t3wiMaIc="},"chainType":1,"messageKeys":{}}},"pendingPreKey":{"signedKeyId":1,"baseKey":"BfrjN3PpL2xiM1zxGODVW03idP/j+adpBvWAYymjcrkN","preKeyId":650}},"Bbygh4tdNaSVg6WC1d8JxGY8r5c1EcCNTcydY8cD4GV0":{"registrationId":183,"currentRatchet":{"ephemeralKeyPair":{"pubKey":"BYku3zT6ULs/Ig/JQ1tbbri6KKdns3fEXJa1si1u/hwB","privKey":"UCo+cPJXyXpSnX/am9vO+cfFpfVNZV55VBqBz8KDXXw="},"lastRemoteEphemeralKey":"BXjAeQg+fLzM49g4px9Qo0gDHq5/tl3st7O3g39fySII","previousCounter":0,"rootKey":"HUihusQcSiaE+sgvX3tkIJ0wDDezsdHRe0Hq4Oj+3WQ="},"indexInfo":{"baseKey":"Bbygh4tdNaSVg6WC1d8JxGY8r5c1EcCNTcydY8cD4GV0","baseKeyType":1,"closed":1726738518379,"used":1726660258782,"created":1726660258782,"remoteIdentityKey":"BVH6auoUVUrDTlcJyZrp1xkpilg3pYajyV06q/oqH8BZ"},"_chains":{"BYku3zT6ULs/Ig/JQ1tbbri6KKdns3fEXJa1si1u/hwB":{"chainKey":{"counter":0,"key":"ykOf/+b2deGdFSAQeQAT3WsLyJddwgXKfa7PczDpUdo="},"chainType":1,"messageKeys":{}}},"pendingPreKey":{"signedKeyId":1,"baseKey":"Bbygh4tdNaSVg6WC1d8JxGY8r5c1EcCNTcydY8cD4GV0","preKeyId":672}},"BSrvNexYDz+auKs10j+pSj8I8BOnFUQ4JZwo5MCO48lL":{"registrationId":183,"currentRatchet":{"ephemeralKeyPair":{"pubKey":"BVIKRiT8HMt1GMFR8f53zYtHlx78ipUFE598QSR368UE","privKey":"mC16pnROMAy60Is58q1+hG3909C0x4TGdUpbaWcZIlo="},"lastRemoteEphemeralKey":"BXjAeQg+fLzM49g4px9Qo0gDHq5/tl3st7O3g39fySII","previousCounter":0,"rootKey":"1jfqzJZk5Z+t8XqPGji4iOLzNqR88pqgo62EUh+9UKI="},"indexInfo":{"baseKey":"BSrvNexYDz+auKs10j+pSj8I8BOnFUQ4JZwo5MCO48lL","baseKeyType":1,"closed":1726738533601,"used":1726738518371,"created":1726738518371,"remoteIdentityKey":"BVH6auoUVUrDTlcJyZrp1xkpilg3pYajyV06q/oqH8BZ"},"_chains":{"BVIKRiT8HMt1GMFR8f53zYtHlx78ipUFE598QSR368UE":{"chainKey":{"counter":0,"key":"NzjfFlN8alew/cydurhgUWy8nf5qd+TO5YYOoXi2/h4="},"chainType":1,"messageKeys":{}}},"pendingPreKey":{"signedKeyId":1,"baseKey":"BSrvNexYDz+auKs10j+pSj8I8BOnFUQ4JZwo5MCO48lL"}},"BaSaockj+RNnwNMwo46tzNxWy6dOtys+pHrh7602/UIY":{"registrationId":183,"currentRatchet":{"ephemeralKeyPair":{"pubKey":"BUVWyt68hWRZ9b1R+CMsj4UoE0Qny21DBHSQjRLtJH0O","privKey":"gCrmyvapCFBoUNCo9C3xNpJqz9LP4Yy4w2gqC7qC/l4="},"lastRemoteEphemeralKey":"BXjAeQg+fLzM49g4px9Qo0gDHq5/tl3st7O3g39fySII","previousCounter":0,"rootKey":"6cpa3dz1OK0bXl0BjjFr9aWMojTEeQaPoXi7WbY5tkc="},"indexInfo":{"baseKey":"BaSaockj+RNnwNMwo46tzNxWy6dOtys+pHrh7602/UIY","baseKeyType":1,"closed":1726738543277,"used":1726738533598,"created":1726738533598,"remoteIdentityKey":"BVH6auoUVUrDTlcJyZrp1xkpilg3pYajyV06q/oqH8BZ"},"_chains":{"BUVWyt68hWRZ9b1R+CMsj4UoE0Qny21DBHSQjRLtJH0O":{"chainKey":{"counter":0,"key":"K2AJeAgdbzrjffX+Q9YU22R8UFZaxUkf5vcCM6ZIsxs="},"chainType":1,"messageKeys":{}}},"pendingPreKey":{"signedKeyId":1,"baseKey":"BaSaockj+RNnwNMwo46tzNxWy6dOtys+pHrh7602/UIY"}},"BZAqQQIVpJJaa2iTpQg1VczcnvhTeKajIRHuOECO3lEB":{"registrationId":183,"currentRatchet":{"ephemeralKeyPair":{"pubKey":"BWnhr63GBqe+xk5sCv3EG7ZJK9HPw/XeFbLl8uwnwFBG","privKey":"eE1LzaufC7aBJwLl46Te3mEzGFUOIcaHc6zly3DV+2o="},"lastRemoteEphemeralKey":"BYQNcNalUkq+miRleiDHM7VWVPvCujtqXVJ/9KSLkpFF","previousCounter":0,"rootKey":"teNpCv85rjoHYkh3N/Vkp/3UWYq7oBXgKD8ToIkeFVc="},"indexInfo":{"baseKey":"BZAqQQIVpJJaa2iTpQg1VczcnvhTeKajIRHuOECO3lEB","baseKeyType":2,"closed":-1,"used":1726738543281,"created":1726738543281,"remoteIdentityKey":"BVH6auoUVUrDTlcJyZrp1xkpilg3pYajyV06q/oqH8BZ"},"_chains":{"BYQNcNalUkq+miRleiDHM7VWVPvCujtqXVJ/9KSLkpFF":{"chainKey":{"counter":0,"key":"B7VnxtOSxBuWZHu/DHXQ71ka7DKV8KFFpbyPJUoibyo="},"chainType":2,"messageKeys":{}},"BWnhr63GBqe+xk5sCv3EG7ZJK9HPw/XeFbLl8uwnwFBG":{"chainKey":{"counter":-1,"key":"Mu/wmTOwjGWw6Ak2IMApNdoHz7MkN8JVg0Zng3AJWLQ="},"chainType":1,"messageKeys":{}}}}},"version":"v1"}