{"_sessions":{"BbFaV/WrUipaaBr3C+PbblIZ13NKx+0oOlu6khhsqW9e":{"registrationId":1635711126,"currentRatchet":{"ephemeralKeyPair":{"pubKey":"BYkIOSZXdBUj/uHdLKKPFPvphAZj1yBwZFZ/3+YazfYB","privKey":"mO9tdhqooGoZCdGMJt3rkPho4xPN7ydgtif4QSa9zkg="},"lastRemoteEphemeralKey":"BWedNpstfxKCCfsPDaLZSMWMebgR3jUAn+1e3fEkrVN5","previousCounter":0,"rootKey":"5qipskqecv1XxZm5HTKeao/t0ZLpY2K9YKZcqq/0ci8="},"indexInfo":{"baseKey":"BbFaV/WrUipaaBr3C+PbblIZ13NKx+0oOlu6khhsqW9e","baseKeyType":1,"closed":-1,"used":1726480767788,"created":1726480767788,"remoteIdentityKey":"BU47scRfevGb6HSA7yGbXKi9UB5TAIttqdp4iST/SIcM"},"_chains":{"BYkIOSZXdBUj/uHdLKKPFPvphAZj1yBwZFZ/3+YazfYB":{"chainKey":{"counter":0,"key":"YZXP902vuWt+45NPi+eImt3v6eK3TG5qjMfqKrdDhwY="},"chainType":1,"messageKeys":{}}},"pendingPreKey":{"signedKeyId":3,"baseKey":"BbFaV/WrUipaaBr3C+PbblIZ13NKx+0oOlu6khhsqW9e","preKeyId":332101}}},"version":"v1"}