{"_sessions":{"BagMod34T4h6BLkFEFK9N8XpNckPdkhhf8OOst36AaoL":{"registrationId":66,"currentRatchet":{"ephemeralKeyPair":{"pubKey":"BYmB+FhkSb/sKinVR4JR+LHdEcRXm5v0bgay7C2Y0foV","privKey":"6J84GKEB/+zfN27a7N8bI1hECLP2+Vz1gTc1aqs+AXw="},"lastRemoteEphemeralKey":"BXSpOpLth5KTt02AE14doPQfCMOCSbnXy//tGaAhgW8i","previousCounter":0,"rootKey":"Hb0z35Ll20esK3S6pVt/XRAVgb7F/bxAiZCUDsh+TKI="},"indexInfo":{"baseKey":"BagMod34T4h6BLkFEFK9N8XpNckPdkhhf8OOst36AaoL","baseKeyType":1,"closed":-1,"used":1726673661451,"created":1726673661451,"remoteIdentityKey":"BfT8TM5J+aviC9QdOpBb2H+K5zEuZvP+1xnEhE7lkns1"},"_chains":{"BYmB+FhkSb/sKinVR4JR+LHdEcRXm5v0bgay7C2Y0foV":{"chainKey":{"counter":0,"key":"dnB9LK0L9/MzTDbwhgl4MyjSZbiSjZkDUfr+NTa4KsI="},"chainType":1,"messageKeys":{}}},"pendingPreKey":{"signedKeyId":1,"baseKey":"BagMod34T4h6BLkFEFK9N8XpNckPdkhhf8OOst36AaoL","preKeyId":8}}},"version":"v1"}