{"_sessions":{"BfuKuEz9xjWy5rJc15BL+gLWjYE2Mji7hQhcTSJXZBt9":{"registrationId":125,"currentRatchet":{"ephemeralKeyPair":{"pubKey":"BQmzxujkjNYtGKA7K6k17W8U4WztLzNbHMNhrVXva4hy","privKey":"AMixz+gs93WypasFFynmFPunxeSZzaJgdnk/AOhbeno="},"lastRemoteEphemeralKey":"BbzhEDA80Ljv6tDMloMdgT1PzoPb7mj5+fZ2dqYaDBt3","previousCounter":0,"rootKey":"CmUdUqSbTRvzLmyOGWqdKD8OEJwmfuOAjh7kMWDFjX0="},"indexInfo":{"baseKey":"BfuKuEz9xjWy5rJc15BL+gLWjYE2Mji7hQhcTSJXZBt9","baseKeyType":2,"closed":1726739137556,"used":1726733482151,"created":1726733482151,"remoteIdentityKey":"BUC10aOKwYqhBh2MT+5nUPKffKIIEazJL6DRjgZXjLYB"},"_chains":{"BbzhEDA80Ljv6tDMloMdgT1PzoPb7mj5+fZ2dqYaDBt3":{"chainKey":{"counter":0,"key":"E8Mkc/ybRlbbWp1hZxu/S/9g29sA2Jwhq+5qLkxyHyQ="},"chainType":2,"messageKeys":{}},"BQmzxujkjNYtGKA7K6k17W8U4WztLzNbHMNhrVXva4hy":{"chainKey":{"counter":11,"key":"J+VONsTr+MxRNXRfmjJuhcGtldp6Z0+ciXTzLBr8CSg="},"chainType":1,"messageKeys":{}}}},"BdmqzhugC1r6bxSNOoBcYOBNzfi3Q8e9LWw9MmOp1mBw":{"registrationId":125,"currentRatchet":{"ephemeralKeyPair":{"pubKey":"BerJkQtOCnra+Z9Kg+xTVilVAknpnADMYxaFMuGhDVgM","privKey":"+K1ake4IYihiG4Pcdrhe66H0tEA2FXWhD14s49Zwj3o="},"lastRemoteEphemeralKey":"BdW2nVmT5FwrexaqbvGHNl2Sy+4/F0vdkYkUX9eH088N","previousCounter":0,"rootKey":"loxflOpvvG86eBBVoGCEOkunyt7W9fjyRsJRI6cJDn0="},"indexInfo":{"baseKey":"BdmqzhugC1r6bxSNOoBcYOBNzfi3Q8e9LWw9MmOp1mBw","baseKeyType":2,"closed":1726739209088,"used":1726739137570,"created":1726739137570,"remoteIdentityKey":"BUC10aOKwYqhBh2MT+5nUPKffKIIEazJL6DRjgZXjLYB"},"_chains":{"BdW2nVmT5FwrexaqbvGHNl2Sy+4/F0vdkYkUX9eH088N":{"chainKey":{"counter":1,"key":"MSqL9cxl0lMoqH1vCPDePTEbyKJt4d4M8MxkgIzKoaI="},"chainType":2,"messageKeys":{"0":"dLrrFkE20GrYd9VfPt9/Z6XAqjznJptNAgqgLiOVHqs="}},"BerJkQtOCnra+Z9Kg+xTVilVAknpnADMYxaFMuGhDVgM":{"chainKey":{"counter":0,"key":"n8lWOeqGyUyaDINgXP2zHGASdXacL1gLR9InS3NpqlA="},"chainType":1,"messageKeys":{}}}},"BZDy4kg8FFOT4yw7PlVhMeDr7udLijQTybNV7J6kBLIj":{"registrationId":125,"currentRatchet":{"ephemeralKeyPair":{"pubKey":"BWGaZl0pAdg8tnKnLzx+ovBQ4P9UP149oWsN2gtBQiNw","privKey":"kFEBxc3SUYoW2CHuxQ6q/3Il+Rt89HYdnFNz2MDmamo="},"lastRemoteEphemeralKey":"BQn/CwkkFdSx053gGxxAnVVioP8PpvkSHJgZrV5RY+Ia","previousCounter":0,"rootKey":"+iOe48FMo1E3Q4k73GGUUDKcilQxg1H7XiYic/LLJlQ="},"indexInfo":{"baseKey":"BZDy4kg8FFOT4yw7PlVhMeDr7udLijQTybNV7J6kBLIj","baseKeyType":2,"closed":-1,"used":1726739209092,"created":1726739209092,"remoteIdentityKey":"BUC10aOKwYqhBh2MT+5nUPKffKIIEazJL6DRjgZXjLYB"},"_chains":{"BQn/CwkkFdSx053gGxxAnVVioP8PpvkSHJgZrV5RY+Ia":{"chainKey":{"counter":1,"key":"JUb4WSmtaHs9hhjVXiLEf5b7O8UwqFUzbcOrDt5wn4M="},"chainType":2,"messageKeys":{"0":"LdvXEM/9dXh3M7gofoBm5kXbDv+j+AYMeKOTYvEa/2w="}},"BWGaZl0pAdg8tnKnLzx+ovBQ4P9UP149oWsN2gtBQiNw":{"chainKey":{"counter":-1,"key":"hofBTfwSWdwM2kLC7hBTZUceWbx5jPreGOFazG3+gdU="},"chainType":1,"messageKeys":{}}}}},"version":"v1"}