{"_sessions":{"BabvOn33OOPnZoYn1zy39U6AkluhumtgwfIwZ9oZmE97":{"registrationId":162,"currentRatchet":{"ephemeralKeyPair":{"pubKey":"BQZl/CoudAdbmyEGmjQa18G8egJL25SGtRsZc2kvxHU0","privKey":"6LmdyK7esjKJUKtoszT1zRp4ac4oLV26q0HvzWyDx0Q="},"lastRemoteEphemeralKey":"BVf7KcHDLnmgPKG1qDIp7RiYmb4L1X04u89Q2D+W/Flu","previousCounter":0,"rootKey":"qaPrtofOxQGlL+4uTS3DadGxQWBzqadGs2DuYOP2dLI="},"indexInfo":{"baseKey":"BabvOn33OOPnZoYn1zy39U6AkluhumtgwfIwZ9oZmE97","baseKeyType":1,"closed":-1,"used":1726492641362,"created":1726492603581,"remoteIdentityKey":"BTWAvYmRQen3OKmcDkkeFexf/KhjHdZ/YGPOi+SieuoZ"},"_chains":{"BceV1pnPONGaDoYIEaLR07sI2+mtDyPfxnKBXK5RDMxb":{"chainKey":{"counter":0},"chainType":2,"messageKeys":{}},"BVf7KcHDLnmgPKG1qDIp7RiYmb4L1X04u89Q2D+W/Flu":{"chainKey":{"counter":0,"key":"C6dH/DpGECese9Zk+dCAPnGxHH5518VuVud/p0pjsvQ="},"chainType":2,"messageKeys":{}},"BQZl/CoudAdbmyEGmjQa18G8egJL25SGtRsZc2kvxHU0":{"chainKey":{"counter":21,"key":"kvp7iAaAovJnh+B1fZcRoaJ0LmcfLKUCOOo9NCii94U="},"chainType":1,"messageKeys":{}}}}},"version":"v1"}