{"query":"ghost      ","links":["/topic/ghost-spirit","/topic/list-of-bats-2060303","/topic/ghost-town","/animal/ghost-bat-mammal-grouping","/story/ghost-forests-are-becoming-the-new-haunts-of-climate-change","/art/ghost-story","/plant/ghost-pepper","/story/talking-ocean-trash-ghost-gear-keeps-on-fishing","/story/11-famous-movie-monsters","/biography/George-Marshall","/animal/ghost-pipefish","/topic/The-Ghost-and-Mr-Chicken","/topic/Hungry-Ghost-Festival","/biography/Sheridan-Le-Fanu","/place/Goldfield","/place/Arizona-state","/biography/Alec-Baldwin","/biography/Marcel-Francois-Lefebvre","/topic/Ghost-Dance","/topic/The-Ghost-Sonata","/biography/Bruce-Springsteen","/topic/The-Innocents-film-1961","/place/Silver-City-ghost-Idaho","/animal/ghost-crab","/topic/bhut","/topic/apparas","/topic/Jacob-Marley","/biography/Emerald-Fennell","/topic/Hungry-Ghost-Festival","/art/doppelganger","/topic/Phantom-comic-book-character","/topic/Holy-Ghost-Fathers","/biography/Wovoka","/topic/Plains-Indian","/topic/list-of-movies-2027855","/topic/Ghost-Rider-comic-book-character"]}
{"query":"ghost      ","links":["/topic/ghost-spirit","/topic/list-of-bats-2060303","/topic/ghost-town","/animal/ghost-bat-mammal-grouping","/story/ghost-forests-are-becoming-the-new-haunts-of-climate-change","/art/ghost-story","/plant/ghost-pepper","/story/talking-ocean-trash-ghost-gear-keeps-on-fishing","/story/11-famous-movie-monsters","/biography/George-Marshall","/animal/ghost-pipefish","/topic/The-Ghost-and-Mr-Chicken","/topic/Hungry-Ghost-Festival","/biography/Sheridan-Le-Fanu","/place/Goldfield","/place/Arizona-state","/biography/Alec-Baldwin","/biography/Marcel-Francois-Lefebvre","/topic/Ghost-Dance","/topic/The-Ghost-Sonata","/biography/Bruce-Springsteen","/topic/The-Innocents-film-1961","/place/Silver-City-ghost-Idaho","/animal/ghost-crab","/topic/bhut","/topic/apparas","/topic/Jacob-Marley","/biography/Emerald-Fennell","/topic/Hungry-Ghost-Festival","/art/doppelganger","/topic/Phantom-comic-book-character","/topic/Holy-Ghost-Fathers","/biography/Wovoka","/topic/Plains-Indian","/topic/list-of-movies-2027855","/topic/Ghost-Rider-comic-book-character"]}
{"query":"ghost      ","links":["/topic/ghost-spirit","/topic/list-of-bats-2060303","/topic/ghost-town","/animal/ghost-bat-mammal-grouping","/story/ghost-forests-are-becoming-the-new-haunts-of-climate-change","/art/ghost-story","/plant/ghost-pepper","/story/talking-ocean-trash-ghost-gear-keeps-on-fishing","/story/11-famous-movie-monsters","/biography/George-Marshall","/animal/ghost-pipefish","/topic/The-Ghost-and-Mr-Chicken","/topic/Hungry-Ghost-Festival","/biography/Sheridan-Le-Fanu","/place/Goldfield","/place/Arizona-state","/biography/Alec-Baldwin","/biography/Marcel-Francois-Lefebvre","/topic/Ghost-Dance","/topic/The-Ghost-Sonata","/biography/Bruce-Springsteen","/topic/The-Innocents-film-1961","/place/Silver-City-ghost-Idaho","/animal/ghost-crab","/topic/bhut","/topic/apparas","/topic/Jacob-Marley","/biography/Emerald-Fennell","/topic/Hungry-Ghost-Festival","/art/doppelganger","/topic/Phantom-comic-book-character","/biography/Wovoka","/topic/Holy-Ghost-Fathers","/topic/Plains-Indian","/topic/list-of-movies-2027855","/topic/Ghost-Rider-comic-book-character"]}
{"query":"ghost      ","links":["https://www.britannica.com/topic/ghost-spirit","https://www.britannica.com/topic/list-of-bats-2060303","https://www.britannica.com/topic/ghost-town","https://www.britannica.com/animal/ghost-bat-mammal-grouping","https://www.britannica.com/story/ghost-forests-are-becoming-the-new-haunts-of-climate-change","https://www.britannica.com/art/ghost-story","https://www.britannica.com/plant/ghost-pepper","https://www.britannica.com/story/talking-ocean-trash-ghost-gear-keeps-on-fishing","https://www.britannica.com/story/11-famous-movie-monsters","https://www.britannica.com/biography/George-Marshall","https://www.britannica.com/animal/ghost-pipefish","https://www.britannica.com/topic/The-Ghost-and-Mr-Chicken","https://www.britannica.com/topic/Hungry-Ghost-Festival","https://www.britannica.com/biography/Sheridan-Le-Fanu","https://www.britannica.com/place/Goldfield","https://www.britannica.com/place/Arizona-state","https://www.britannica.com/biography/Alec-Baldwin","https://www.britannica.com/biography/Marcel-Francois-Lefebvre","https://www.britannica.com/topic/Ghost-Dance","https://www.britannica.com/topic/The-Ghost-Sonata","https://www.britannica.com/biography/Bruce-Springsteen","https://www.britannica.com/topic/The-Innocents-film-1961","https://www.britannica.com/place/Silver-City-ghost-Idaho","https://www.britannica.com/animal/ghost-crab","https://www.britannica.com/topic/bhut","https://www.britannica.com/topic/apparas","https://www.britannica.com/topic/Jacob-Marley","https://www.britannica.com/biography/Emerald-Fennell","https://www.britannica.com/topic/Hungry-Ghost-Festival","https://www.britannica.com/art/doppelganger","https://www.britannica.com/topic/Phantom-comic-book-character","https://www.britannica.com/topic/Holy-Ghost-Fathers","https://www.britannica.com/biography/Wovoka","https://www.britannica.com/topic/Plains-Indian","https://www.britannica.com/topic/list-of-movies-2027855","https://www.britannica.com/topic/Ghost-Rider-comic-book-character"]}
{"query":"ghost      ","links":["https://www.britannica.com/topic/ghost-spirit","https://www.britannica.com/topic/list-of-bats-2060303","https://www.britannica.com/topic/ghost-town","https://www.britannica.com/animal/ghost-bat-mammal-grouping","https://www.britannica.com/story/ghost-forests-are-becoming-the-new-haunts-of-climate-change","https://www.britannica.com/art/ghost-story","https://www.britannica.com/plant/ghost-pepper","https://www.britannica.com/story/talking-ocean-trash-ghost-gear-keeps-on-fishing","https://www.britannica.com/story/11-famous-movie-monsters","https://www.britannica.com/biography/George-Marshall","https://www.britannica.com/animal/ghost-pipefish","https://www.britannica.com/topic/The-Ghost-and-Mr-Chicken","https://www.britannica.com/topic/Hungry-Ghost-Festival","https://www.britannica.com/biography/Sheridan-Le-Fanu","https://www.britannica.com/place/Goldfield","https://www.britannica.com/place/Arizona-state","https://www.britannica.com/biography/Alec-Baldwin","https://www.britannica.com/biography/Marcel-Francois-Lefebvre","https://www.britannica.com/topic/Ghost-Dance","https://www.britannica.com/topic/The-Ghost-Sonata","https://www.britannica.com/biography/Bruce-Springsteen","https://www.britannica.com/topic/The-Innocents-film-1961","https://www.britannica.com/place/Silver-City-ghost-Idaho","https://www.britannica.com/animal/ghost-crab","https://www.britannica.com/topic/bhut","https://www.britannica.com/topic/apparas","https://www.britannica.com/topic/Jacob-Marley","https://www.britannica.com/biography/Emerald-Fennell","https://www.britannica.com/topic/Hungry-Ghost-Festival","https://www.britannica.com/art/doppelganger","https://www.britannica.com/topic/Phantom-comic-book-character","https://www.britannica.com/topic/Holy-Ghost-Fathers","https://www.britannica.com/biography/Wovoka","https://www.britannica.com/topic/Plains-Indian","https://www.britannica.com/topic/list-of-movies-2027855","https://www.britannica.com/topic/Ghost-Rider-comic-book-character"]}
